2026-05-09 07:54:08,647 [INFO] Activator:176 - 


2026-05-09 07:54:08,658 [INFO] Activator:177 - !SESSION log4j initialized
2026-05-09 07:54:20,821 [INFO] LogOutputStream:77 - [STDOUT_REDIRECT] 
2026-05-09 07:54:23,158 [INFO] ApplicationProperties:184 - Using Application install path: D:\STM32CubeIDE_1.19.0\STM32CubeIDE\plugins\com.st.stm32cube.common.mx_6.15.0.202507011659
2026-05-09 07:54:23,192 [INFO] DbMcusXml:78 - Set database path to: D:\STM32CubeIDE_1.19.0\STM32CubeIDE\plugins\com.st.stm32cube.common.mx_6.15.0.202507011659\\db\/mcu/
2026-05-09 07:54:23,192 [INFO] ApiDb:274 - Set plugin database path to: D:\STM32CubeIDE_1.19.0\STM32CubeIDE\plugins\com.st.stm32cube.common.mx_6.15.0.202507011659\\db\/plugins/boardmanager/
2026-05-09 07:54:23,193 [WARN] ApiDb:259 - Overriding images path with different value:  => D:\STM32CubeIDE_1.19.0\STM32CubeIDE\plugins\com.st.stm32cube.common.mx_6.15.0.202507011659\\db\/plugins/mcufinder/images/
2026-05-09 07:54:23,207 [INFO] ApiDb:250 - Set database path to: C:\Users\Asmita Milind Bagad\.stmcufinder\plugins\mcufinder//mcu/
2026-05-09 07:54:23,210 [INFO] DbMcusAds:125 - Set database path to: C:\Users\Asmita Milind Bagad\.stmcufinder\plugins\mcufinder//mcu/
2026-05-09 07:54:23,214 [INFO] CrossReferenceDbSqlite:203 - Set database path to: C:\Users\Asmita Milind Bagad\.stmcufinder\plugins\mcufinder//mcu/cs/
2026-05-09 07:54:23,464 [INFO] RulesReader:64 - Compatibility file has been processed (317 Rules)
2026-05-09 07:54:23,634 [INFO] DbMcusXml:78 - Set database path to: D:\STM32CubeIDE_1.19.0\STM32CubeIDE\plugins\com.st.stm32cube.common.mx_6.15.0.202507011659\\db\/mcu/
2026-05-09 07:54:23,634 [INFO] ApiDb:274 - Set plugin database path to: D:\STM32CubeIDE_1.19.0\STM32CubeIDE\plugins\com.st.stm32cube.common.mx_6.15.0.202507011659\\db\/plugins/boardmanager/
2026-05-09 07:54:23,634 [INFO] ApiDb:261 - Set plugin images path to: D:\STM32CubeIDE_1.19.0\STM32CubeIDE\plugins\com.st.stm32cube.common.mx_6.15.0.202507011659\\db\/plugins/mcufinder/images/
2026-05-09 07:54:23,636 [WARN] DbFile:41 - Overriding database path with different value: C:\Users\Asmita Milind Bagad\.stmcufinder\plugins\mcufinder/ => C:\Users\Asmita Milind Bagad\.stmcufinder\plugins\mcufinder
2026-05-09 07:54:23,636 [INFO] ApiDb:250 - Set database path to: C:\Users\Asmita Milind Bagad\.stmcufinder\plugins\mcufinder//mcu/
2026-05-09 07:54:23,636 [WARN] DbFile:41 - Overriding database path with different value: C:\Users\Asmita Milind Bagad\.stmcufinder\plugins\mcufinder/ => C:\Users\Asmita Milind Bagad\.stmcufinder\plugins\mcufinder
2026-05-09 07:54:23,636 [INFO] DbMcusAds:125 - Set database path to: C:\Users\Asmita Milind Bagad\.stmcufinder\plugins\mcufinder//mcu/
2026-05-09 07:54:23,636 [WARN] DbFile:41 - Overriding database path with different value: C:\Users\Asmita Milind Bagad\.stmcufinder\plugins\mcufinder/ => C:\Users\Asmita Milind Bagad\.stmcufinder\plugins\mcufinder
2026-05-09 07:54:23,637 [WARN] DbFile:41 - Overriding database path with different value: C:\Users\Asmita Milind Bagad\.stmcufinder\plugins\mcufinder/ => C:\Users\Asmita Milind Bagad\.stmcufinder\plugins\mcufinder
2026-05-09 07:54:23,637 [INFO] CrossReferenceDbSqlite:203 - Set database path to: C:\Users\Asmita Milind Bagad\.stmcufinder\plugins\mcufinder//mcu/cs/
2026-05-09 07:54:23,782 [INFO] MainPanel:274 - HeapMemory: 268435456
2026-05-09 07:54:23,998 [INFO] DbMcusXml:78 - Set database path to: D:\STM32CubeIDE_1.19.0\STM32CubeIDE\plugins\com.st.stm32cube.common.mx_6.15.0.202507011659\\db\/mcu/
2026-05-09 07:54:23,998 [INFO] ApiDb:274 - Set plugin database path to: D:\STM32CubeIDE_1.19.0\STM32CubeIDE\plugins\com.st.stm32cube.common.mx_6.15.0.202507011659\\db\/plugins/boardmanager/
2026-05-09 07:54:23,999 [INFO] ApiDb:261 - Set plugin images path to: D:\STM32CubeIDE_1.19.0\STM32CubeIDE\plugins\com.st.stm32cube.common.mx_6.15.0.202507011659\\db\/plugins/mcufinder/images/
2026-05-09 07:54:23,999 [WARN] DbFile:41 - Overriding database path with different value: C:\Users\Asmita Milind Bagad\.stmcufinder\plugins\mcufinder/ => C:\Users\Asmita Milind Bagad\.stmcufinder\plugins\mcufinder
2026-05-09 07:54:24,000 [INFO] ApiDb:250 - Set database path to: C:\Users\Asmita Milind Bagad\.stmcufinder\plugins\mcufinder//mcu/
2026-05-09 07:54:24,000 [WARN] DbFile:41 - Overriding database path with different value: C:\Users\Asmita Milind Bagad\.stmcufinder\plugins\mcufinder/ => C:\Users\Asmita Milind Bagad\.stmcufinder\plugins\mcufinder
2026-05-09 07:54:24,000 [INFO] DbMcusAds:125 - Set database path to: C:\Users\Asmita Milind Bagad\.stmcufinder\plugins\mcufinder//mcu/
2026-05-09 07:54:24,000 [WARN] DbFile:41 - Overriding database path with different value: C:\Users\Asmita Milind Bagad\.stmcufinder\plugins\mcufinder/ => C:\Users\Asmita Milind Bagad\.stmcufinder\plugins\mcufinder
2026-05-09 07:54:24,000 [WARN] DbFile:41 - Overriding database path with different value: C:\Users\Asmita Milind Bagad\.stmcufinder\plugins\mcufinder/ => C:\Users\Asmita Milind Bagad\.stmcufinder\plugins\mcufinder
2026-05-09 07:54:24,001 [INFO] CrossReferenceDbSqlite:203 - Set database path to: C:\Users\Asmita Milind Bagad\.stmcufinder\plugins\mcufinder//mcu/cs/
2026-05-09 07:54:24,041 [INFO] ApplicationProperties:184 - Using Application install path: D:\STM32CubeIDE_1.19.0\STM32CubeIDE\plugins\com.st.stm32cube.common.mx_6.15.0.202507011659
2026-05-09 07:54:24,044 [INFO] PluginManage:196 - Search for loadable plugins [exclusion list=, ]
2026-05-09 07:54:24,048 [INFO] PluginManage:310 - Check plugin analytics
2026-05-09 07:54:24,409 [INFO] AnalyticsPlugin:253 - Accepted Software Licenses: 
2026-05-09 07:54:24,409 [INFO] AnalyticsPlugin:255 - Accepted CMSIS Pack Licenses: STMicroelectronics.X-CUBE-FREERTOS.1.3.1,RealThread.X-CUBE-RT-Thread_Nano.4.1.1,STMicroelectronics.X-CUBE-FREERTOS.1.5.0,STMicroelectronics.X-CUBE-FREERTOS.1.4.0
2026-05-09 07:54:24,410 [INFO] AnalyticsPlugin:257 - Accepted Firmware Licenses: FW.F4.1.28.0,FW.G4.1.6.0,FW.C0.1.4.0
2026-05-09 07:54:24,414 [INFO] PluginManage:359 - Loaded plugin analytics (category:tool,tabindex:-1)
2026-05-09 07:54:24,416 [INFO] PluginManage:310 - Check plugin cadmodel
2026-05-09 07:54:24,445 [INFO] CADModel:105 - Init CAD model plugin
2026-05-09 07:54:24,447 [INFO] PluginManage:359 - Loaded plugin cadmodel (category:power,tabindex:5)
2026-05-09 07:54:24,448 [INFO] PluginManage:310 - Check plugin clock
2026-05-09 07:54:24,483 [INFO] PluginManage:359 - Loaded plugin clock (category:base,tabindex:2)
2026-05-09 07:54:24,483 [INFO] PluginManage:310 - Check plugin ddr
2026-05-09 07:54:24,487 [INFO] PluginManage:359 - Loaded plugin ddr (category:tool,tabindex:6)
2026-05-09 07:54:24,488 [INFO] PluginManage:310 - Check plugin filemanager
2026-05-09 07:54:24,762 [INFO] PluginManage:359 - Loaded plugin filemanager (category:base,tabindex:10)
2026-05-09 07:54:24,762 [INFO] PluginManage:310 - Check plugin ipmanager
2026-05-09 07:54:24,776 [INFO] PluginManage:359 - Loaded plugin ipmanager (category:base,tabindex:5)
2026-05-09 07:54:24,777 [INFO] PluginManage:310 - Check plugin lpbam
2026-05-09 07:54:24,817 [INFO] PluginManage:359 - Loaded plugin lpbam (category:base,tabindex:0)
2026-05-09 07:54:24,817 [INFO] PluginManage:310 - Check plugin memorymap
2026-05-09 07:54:24,865 [INFO] PluginManage:359 - Loaded plugin memorymap (category:base,tabindex:4)
2026-05-09 07:54:24,866 [INFO] PluginManage:310 - Check plugin pinoutandconfiguration
2026-05-09 07:54:24,899 [INFO] PluginManage:359 - Loaded plugin pinoutandconfiguration (category:base,tabindex:1)
2026-05-09 07:54:24,899 [INFO] PluginManage:310 - Check plugin pinoutconfig
2026-05-09 07:54:25,082 [WARN] SupportedApi:132 - Cannot load RTOS API schema: s4s-elt-must-match.1: The content of 'definitions' must match (annotation?, (simpleType | complexType)?, (unique | key | keyref)*)). A problem was found starting at: attribute.
2026-05-09 07:54:25,314 [INFO] PluginManage:359 - Loaded plugin pinoutconfig (category:base,tabindex:0)
2026-05-09 07:54:25,314 [INFO] PluginManage:310 - Check plugin power
2026-05-09 07:54:25,352 [INFO] PluginManage:359 - Loaded plugin power (category:power,tabindex:4)
2026-05-09 07:54:25,353 [INFO] PluginManage:310 - Check plugin projectmanager
2026-05-09 07:54:25,377 [INFO] PluginManage:359 - Loaded plugin projectmanager (category:projectmanager,tabindex:4)
2026-05-09 07:54:25,377 [INFO] PluginManage:310 - Check plugin rif
2026-05-09 07:54:25,409 [INFO] PluginManage:359 - Loaded plugin rif (category:base,tabindex:3)
2026-05-09 07:54:25,409 [INFO] PluginManage:310 - Check plugin thirdparty
2026-05-09 07:54:25,959 [INFO] PluginManage:359 - Loaded plugin thirdparty (category:base,tabindex:-1)
2026-05-09 07:54:25,959 [INFO] PluginManage:310 - Check plugin tools
2026-05-09 07:54:25,959 [WARN] IntegrityCheckThread:84 - waiting for thirdparty lock release [integrity check]
2026-05-09 07:54:25,959 [INFO] IntegrityCheckThread:86 - entering critical section [integrity check]
2026-05-09 07:54:25,960 [INFO] ThirdPartyUpdaterWithRetryManager:70 - Updater plugin not ready yet. [1/15]
2026-05-09 07:54:26,035 [INFO] PluginManage:359 - Loaded plugin tools (category:base,tabindex:7)
2026-05-09 07:54:26,035 [INFO] PluginManage:310 - Check plugin tutovideos
2026-05-09 07:54:26,437 [INFO] PluginManage:359 - Loaded plugin tutovideos (category:base,tabindex:-1)
2026-05-09 07:54:26,437 [INFO] PluginManage:310 - Check plugin updater
2026-05-09 07:54:26,473 [INFO] PluginManage:359 - Loaded plugin updater (category:base,tabindex:12)
2026-05-09 07:54:26,473 [INFO] PluginManage:310 - Check plugin userauth
2026-05-09 07:54:26,479 [INFO] UserAuth:118 - Init User Auth plugin
2026-05-09 07:54:26,480 [INFO] PluginManage:359 - Loaded plugin userauth (category:base,tabindex:14)
2026-05-09 07:54:26,481 [INFO] PluginManage:283 - PluginManage : Loaded plugins [18]
2026-05-09 07:54:26,833 [INFO] PinOutPanel:1589 - setPackage(No Configuration,No Configuration)
2026-05-09 07:54:26,978 [INFO] CADModel:165 - CPN selected for project level
2026-05-09 07:54:26,978 [INFO] CADModel:114 - Register for checkConnection events
2026-05-09 07:54:27,021 [INFO] IPUIPlugin:80 - create IPUIPlugin
2026-05-09 07:54:27,021 [INFO] PluginManager:220 - loadIPPluginJar : add adc
2026-05-09 07:54:27,099 [INFO] IPUIPlugin:80 - create IPUIPlugin
2026-05-09 07:54:27,099 [INFO] PluginManager:220 - loadIPPluginJar : add aes
2026-05-09 07:54:27,190 [INFO] IPUIPlugin:80 - create IPUIPlugin
2026-05-09 07:54:27,191 [INFO] PluginManager:220 - loadIPPluginJar : add can
2026-05-09 07:54:27,242 [INFO] IPUIPlugin:80 - create IPUIPlugin
2026-05-09 07:54:27,243 [INFO] PluginManager:220 - loadIPPluginJar : add comp
2026-05-09 07:54:27,314 [INFO] IPUIPlugin:80 - create IPUIPlugin
2026-05-09 07:54:27,314 [INFO] PluginManager:220 - loadIPPluginJar : add cryp
2026-05-09 07:54:27,336 [INFO] IPUIPlugin:80 - create IPUIPlugin
2026-05-09 07:54:27,336 [INFO] PluginManager:220 - loadIPPluginJar : add ddr_ctrl_phy
2026-05-09 07:54:27,400 [INFO] IPUIPlugin:80 - create IPUIPlugin
2026-05-09 07:54:27,400 [INFO] PluginManager:220 - loadIPPluginJar : add dfsdm
2026-05-09 07:54:27,425 [INFO] IPUIPlugin:80 - create IPUIPlugin
2026-05-09 07:54:27,426 [INFO] PluginManager:220 - loadIPPluginJar : add dma
2026-05-09 07:54:27,505 [INFO] IPUIPlugin:80 - create IPUIPlugin
2026-05-09 07:54:27,505 [INFO] PluginManager:220 - loadIPPluginJar : add dma3
2026-05-09 07:54:27,607 [INFO] IPUIPlugin:80 - create IPUIPlugin
2026-05-09 07:54:27,608 [INFO] PluginManager:220 - loadIPPluginJar : add extmemmanager
2026-05-09 07:54:27,649 [INFO] IPUIPlugin:80 - create IPUIPlugin
2026-05-09 07:54:27,649 [INFO] PluginManager:220 - loadIPPluginJar : add fatfs
2026-05-09 07:54:27,748 [INFO] IPUIPlugin:80 - create IPUIPlugin
2026-05-09 07:54:27,748 [INFO] PluginManager:220 - loadIPPluginJar : add fmc
2026-05-09 07:54:27,775 [INFO] IPUIPlugin:80 - create IPUIPlugin
2026-05-09 07:54:27,776 [INFO] PluginManager:220 - loadIPPluginJar : add freertos
2026-05-09 07:54:27,822 [INFO] IPUIPlugin:80 - create IPUIPlugin
2026-05-09 07:54:27,822 [INFO] PluginManager:220 - loadIPPluginJar : add genericplugin
2026-05-09 07:54:28,029 [INFO] IPUIPlugin:80 - create IPUIPlugin
2026-05-09 07:54:28,030 [INFO] PluginManager:220 - loadIPPluginJar : add gfxmmu
2026-05-09 07:54:28,300 [INFO] IPUIPlugin:80 - create IPUIPlugin
2026-05-09 07:54:28,301 [INFO] PluginManager:220 - loadIPPluginJar : add gic
2026-05-09 07:54:28,324 [INFO] IPUIPlugin:80 - create IPUIPlugin
2026-05-09 07:54:28,324 [INFO] PluginManager:220 - loadIPPluginJar : add gpio
2026-05-09 07:54:28,522 [INFO] IPUIPlugin:80 - create IPUIPlugin
2026-05-09 07:54:28,522 [INFO] PluginManager:220 - loadIPPluginJar : add gtzc
2026-05-09 07:54:28,597 [INFO] IPUIPlugin:80 - create IPUIPlugin
2026-05-09 07:54:28,598 [INFO] PluginManager:220 - loadIPPluginJar : add hash
2026-05-09 07:54:28,714 [INFO] IPUIPlugin:80 - create IPUIPlugin
2026-05-09 07:54:28,715 [INFO] PluginManager:220 - loadIPPluginJar : add i2c
2026-05-09 07:54:28,816 [INFO] IPUIPlugin:80 - create IPUIPlugin
2026-05-09 07:54:28,816 [INFO] PluginManager:220 - loadIPPluginJar : add i2s
2026-05-09 07:54:28,904 [INFO] IPUIPlugin:80 - create IPUIPlugin
2026-05-09 07:54:28,904 [INFO] PluginManager:220 - loadIPPluginJar : add i3c
2026-05-09 07:54:28,961 [INFO] ThirdPartyUpdaterWithRetryManager:70 - Updater plugin not ready yet. [2/15]
2026-05-09 07:54:29,132 [INFO] IPUIPlugin:80 - create IPUIPlugin
2026-05-09 07:54:29,132 [INFO] PluginManager:220 - loadIPPluginJar : add ipddr
2026-05-09 07:54:29,349 [INFO] IPUIPlugin:80 - create IPUIPlugin
2026-05-09 07:54:29,349 [INFO] PluginManager:220 - loadIPPluginJar : add linkedlist
2026-05-09 07:54:29,426 [INFO] IPUIPlugin:80 - create IPUIPlugin
2026-05-09 07:54:29,426 [INFO] PluginManager:220 - loadIPPluginJar : add lorawan
2026-05-09 07:54:29,504 [INFO] IPUIPlugin:80 - create IPUIPlugin
2026-05-09 07:54:29,504 [INFO] PluginManager:220 - loadIPPluginJar : add ltdc
2026-05-09 07:54:29,530 [INFO] IPUIPlugin:80 - create IPUIPlugin
2026-05-09 07:54:29,530 [INFO] PluginManager:220 - loadIPPluginJar : add mdma
2026-05-09 07:54:29,559 [INFO] IPUIPlugin:80 - create IPUIPlugin
2026-05-09 07:54:29,559 [INFO] PluginManager:220 - loadIPPluginJar : add nvic
2026-05-09 07:54:29,642 [INFO] IPUIPlugin:80 - create IPUIPlugin
2026-05-09 07:54:29,642 [INFO] PluginManager:220 - loadIPPluginJar : add opamp
2026-05-09 07:54:29,764 [INFO] IPUIPlugin:80 - create IPUIPlugin
2026-05-09 07:54:29,764 [INFO] PluginManager:220 - loadIPPluginJar : add openamp
2026-05-09 07:54:29,860 [INFO] IPUIPlugin:80 - create IPUIPlugin
2026-05-09 07:54:29,860 [INFO] PluginManager:220 - loadIPPluginJar : add pdm2pcm
2026-05-09 07:54:29,884 [INFO] IPUIPlugin:80 - create IPUIPlugin
2026-05-09 07:54:29,886 [INFO] PluginManager:220 - loadIPPluginJar : add plateformsettings
2026-05-09 07:54:29,931 [INFO] IPUIPlugin:80 - create IPUIPlugin
2026-05-09 07:54:29,932 [INFO] PluginManager:220 - loadIPPluginJar : add quadspi
2026-05-09 07:54:29,989 [INFO] IPUIPlugin:80 - create IPUIPlugin
2026-05-09 07:54:29,990 [INFO] PluginManager:220 - loadIPPluginJar : add radio
2026-05-09 07:54:30,016 [INFO] IPUIPlugin:80 - create IPUIPlugin
2026-05-09 07:54:30,016 [INFO] PluginManager:220 - loadIPPluginJar : add resmgrutility
2026-05-09 07:54:30,117 [INFO] IPUIPlugin:80 - create IPUIPlugin
2026-05-09 07:54:30,117 [INFO] PluginManager:220 - loadIPPluginJar : add sai
2026-05-09 07:54:30,202 [INFO] IPUIPlugin:80 - create IPUIPlugin
2026-05-09 07:54:30,202 [INFO] PluginManager:220 - loadIPPluginJar : add spi
2026-05-09 07:54:30,378 [INFO] IPUIPlugin:80 - create IPUIPlugin
2026-05-09 07:54:30,378 [INFO] PluginManager:220 - loadIPPluginJar : add stm32_wpan
2026-05-09 07:54:30,440 [INFO] IPUIPlugin:80 - create IPUIPlugin
2026-05-09 07:54:30,441 [INFO] PluginManager:220 - loadIPPluginJar : add tim
2026-05-09 07:54:30,586 [INFO] IPUIPlugin:80 - create IPUIPlugin
2026-05-09 07:54:30,586 [INFO] PluginManager:220 - loadIPPluginJar : add touchsensing
2026-05-09 07:54:30,654 [INFO] IPUIPlugin:80 - create IPUIPlugin
2026-05-09 07:54:30,654 [INFO] PluginManager:220 - loadIPPluginJar : add tracer_emb
2026-05-09 07:54:30,711 [INFO] IPUIPlugin:80 - create IPUIPlugin
2026-05-09 07:54:30,712 [INFO] PluginManager:220 - loadIPPluginJar : add ts
2026-05-09 07:54:30,766 [INFO] IPUIPlugin:80 - create IPUIPlugin
2026-05-09 07:54:30,766 [INFO] PluginManager:220 - loadIPPluginJar : add tsc
2026-05-09 07:54:30,813 [INFO] IPUIPlugin:80 - create IPUIPlugin
2026-05-09 07:54:30,813 [INFO] PluginManager:220 - loadIPPluginJar : add ucpd
2026-05-09 07:54:30,906 [INFO] IPUIPlugin:80 - create IPUIPlugin
2026-05-09 07:54:30,906 [INFO] PluginManager:220 - loadIPPluginJar : add usart
2026-05-09 07:54:31,000 [INFO] IPUIPlugin:80 - create IPUIPlugin
2026-05-09 07:54:31,000 [INFO] PluginManager:220 - loadIPPluginJar : add usbx
2026-05-09 07:54:31,178 [FATAL] Updater:351 - Updater called before beeing initialized
2026-05-09 07:54:31,241 [INFO] RulesReader:64 - Compatibility file has been processed (317 Rules)
2026-05-09 07:54:31,265 [INFO] RulesReader:64 - Compatibility file has been processed (317 Rules)
2026-05-09 07:54:31,277 [INFO] CADModel:165 - CPN selected for project level
2026-05-09 07:54:31,277 [INFO] CADModel:114 - Register for checkConnection events
2026-05-09 07:54:31,277 [FATAL] Updater:351 - Updater called before beeing initialized
2026-05-09 07:54:31,277 [ERROR] CADModel:125 - Updater not yet initialized, retry later 
2026-05-09 07:54:31,554 [FATAL] Updater:351 - Updater called before beeing initialized
2026-05-09 07:54:31,558 [INFO] CADModel:165 - CPN selected for project level
2026-05-09 07:54:31,558 [INFO] CADModel:114 - Register for checkConnection events
2026-05-09 07:54:31,558 [FATAL] Updater:351 - Updater called before beeing initialized
2026-05-09 07:54:31,558 [ERROR] CADModel:125 - Updater not yet initialized, retry later 
2026-05-09 07:54:31,564 [FATAL] Updater:351 - Updater called before beeing initialized
2026-05-09 07:54:31,779 [FATAL] Updater:351 - Updater called before beeing initialized
2026-05-09 07:54:31,798 [INFO] DbMcusAds:53 - JSON generation date=Mon Apr 27 13:44:29 IST 2026 (1777277669577)
2026-05-09 07:54:31,798 [FATAL] Updater:351 - Updater called before beeing initialized
2026-05-09 07:54:31,942 [WARN] DetailPanel:346 - Failed to get advertising image, set to default
2026-05-09 07:54:31,962 [INFO] ThirdPartyUpdaterWithRetryManager:70 - Updater plugin not ready yet. [3/15]
2026-05-09 07:54:32,102 [FATAL] Updater:351 - Updater called before beeing initialized
2026-05-09 07:54:32,104 [FATAL] Updater:351 - Updater called before beeing initialized
2026-05-09 07:54:32,106 [FATAL] Updater:351 - Updater called before beeing initialized
2026-05-09 07:54:32,106 [WARN] DetailPanel:346 - Failed to get advertising image, set to default
2026-05-09 07:54:32,107 [FATAL] Updater:351 - Updater called before beeing initialized
2026-05-09 07:54:32,227 [ERROR] Updater:1198 - MainUpdater not yet initialized. External WinMGr cannot be set.
2026-05-09 07:54:32,249 [INFO] Updater:1134 - Updater Version found : 6.15.0
2026-05-09 07:54:32,278 [INFO] ApplicationProperties:184 - Using Application install path: D:\STM32CubeIDE_1.19.0\STM32CubeIDE\plugins\com.st.stm32cube.common.mx_6.15.0.202507011659
2026-05-09 07:54:33,882 [ERROR] LogOutputStream:75 - [STDERR_REDIRECT] May 09, 2026 7:54:33 AM java.util.prefs.WindowsPreferences <init>
2026-05-09 07:54:33,884 [ERROR] LogOutputStream:75 - [STDERR_REDIRECT] WARNING: Could not open/create prefs root node Software\JavaSoft\Prefs at root 0xffffffff80000002. Windows RegCreateKeyEx(...) returned error code 5.
2026-05-09 07:54:33,885 [ERROR] LogOutputStream:75 - [STDERR_REDIRECT] 
2026-05-09 07:54:34,490 [INFO] MainUpdater:2872 - connection check result : 10
2026-05-09 07:54:34,492 [INFO] MainUpdater:289 - Updater Check For Update Now.
2026-05-09 07:54:34,492 [INFO] MicroXplorer:498 - Change Database Version : DB.6.0.150
2026-05-09 07:54:34,530 [INFO] McuFinderGlobals:63 - Set McuFinder mode to 2 (CubeIDE integrated)
2026-05-09 07:54:34,550 [INFO] UserAuth:487 - Internet connection configuration mode: 1
2026-05-09 07:54:34,617 [INFO] JxBrowserEngine:152 - Initiate JxBrowser Engine with user profile folder
2026-05-09 07:54:34,823 [INFO] CheckServerUpdateThread:120 - End of CheckServer Thread
2026-05-09 07:54:35,586 [WARN] PackLoader:240 - Cannot read IP mode file for STMicroelectronics.X-CUBE-AZRTOS-H7.3.5.0
2026-05-09 07:54:35,638 [WARN] PackLoader:240 - Cannot read IP mode file for STMicroelectronics.FP-SNS-MOTENVWB1.1.4.0
2026-05-09 07:54:35,670 [WARN] PackLoader:240 - Cannot read IP mode file for STMicroelectronics.FP-ATR-ASTRA1.2.0.2
2026-05-09 07:54:35,702 [WARN] PackLoader:240 - Cannot read IP mode file for STMicroelectronics.X-CUBE-SMBUS.2.1.0
2026-05-09 07:54:35,819 [WARN] PackLoader:240 - Cannot read IP mode file for STMicroelectronics.X-CUBE-AZRTOS-F7.1.1.0
2026-05-09 07:54:35,851 [WARN] PackLoader:240 - Cannot read IP mode file for Cesanta.I-CUBE-Mongoose.7.19.0
2026-05-09 07:54:35,883 [WARN] PackLoader:240 - Cannot read IP mode file for WES.I-CUBE-Cesium.1.4.0
2026-05-09 07:54:35,943 [WARN] PackLoader:240 - Cannot read IP mode file for Infineon.AIROC-Wi-Fi-Bluetooth-STM32.1.7.1
2026-05-09 07:54:35,997 [WARN] PackLoader:240 - Cannot read IP mode file for STMicroelectronics.X-CUBE-AZRTOS-H7.3.4.0
2026-05-09 07:54:36,030 [WARN] PackLoader:240 - Cannot read IP mode file for STMicroelectronics.X-CUBE-DISPLAY.3.0.0
2026-05-09 07:54:36,062 [WARN] PackLoader:240 - Cannot read IP mode file for STMicroelectronics.X-CUBE-GNSS1.7.1.1
2026-05-09 07:54:36,084 [WARN] PackLoader:240 - Cannot read IP mode file for STMicroelectronics.FP-SNS-MOTENVWB1.1.5.0
2026-05-09 07:54:36,111 [WARN] PackLoader:240 - Cannot read IP mode file for STMicroelectronics.X-CUBE-NFC10.1.0.0
2026-05-09 07:54:36,141 [WARN] PackLoader:240 - Cannot read IP mode file for emotas.I-CUBE-CANOPEN.1.3.0
2026-05-09 07:54:36,165 [WARN] PackLoader:240 - Cannot read IP mode file for STMicroelectronics.X-CUBE-GNSS1.7.1.0
2026-05-09 07:54:36,190 [WARN] PackLoader:240 - Cannot read IP mode file for STMicroelectronics.FP-SNS-SMARTAG2.1.2.0
2026-05-09 07:54:36,214 [WARN] PackLoader:240 - Cannot read IP mode file for STMicroelectronics.FP-SNS-FLIGHT1.5.1.0
2026-05-09 07:54:36,248 [INFO] LogOutputStream:77 - [STDOUT_REDIRECT] 1 : Invalid condition id : UX_CORESTACK_Condition cause : null
2026-05-09 07:54:36,249 [INFO] LogOutputStream:77 - [STDOUT_REDIRECT] 1 : Invalid condition id : UX_CORESTACK_Condition cause : null
2026-05-09 07:54:36,250 [INFO] LogOutputStream:77 - [STDOUT_REDIRECT] 1 : Invalid condition id : UX_CORESTACK_Condition cause : null
2026-05-09 07:54:36,252 [INFO] LogOutputStream:77 - [STDOUT_REDIRECT] 1 : Invalid condition id : UX_CORESTACK_Condition cause : null
2026-05-09 07:54:36,253 [INFO] LogOutputStream:77 - [STDOUT_REDIRECT] 1 : Invalid condition id : UX_CORESTACK_Condition cause : null
2026-05-09 07:54:36,258 [WARN] PackLoader:240 - Cannot read IP mode file for STMicroelectronics.X-CUBE-AZRTOS-WL.2.0.0
2026-05-09 07:54:36,323 [WARN] PackLoader:240 - Cannot read IP mode file for STMicroelectronics.X-CUBE-AZRTOS-H7RS.1.2.0
2026-05-09 07:54:36,354 [WARN] PackLoader:240 - Cannot read IP mode file for STMicroelectronics.X-CUBE-BLE2.3.3.0
2026-05-09 07:54:36,448 [WARN] PackLoader:240 - Cannot read IP mode file for STMicroelectronics.X-CUBE-NFC9.1.0.0
2026-05-09 07:54:36,667 [WARN] PackLoader:240 - Cannot read IP mode file for wolfSSL.I-CUBE-wolfSSL.5.8.2
2026-05-09 07:54:36,743 [WARN] PackLoader:240 - Cannot read IP mode file for STMicroelectronics.X-CUBE-BLE1.7.1.0
2026-05-09 07:54:36,795 [WARN] PackLoader:240 - Cannot read IP mode file for wolfSSL.I-CUBE-wolfMQTT.1.19.2
2026-05-09 07:54:36,818 [WARN] PackLoader:240 - Cannot read IP mode file for STMicroelectronics.X-CUBE-FREERTOS.1.4.0
2026-05-09 07:54:36,844 [WARN] PackLoader:240 - Cannot read IP mode file for STMicroelectronics.FP-SNS-STAIOTCFT.1.1.0
2026-05-09 07:54:36,953 [WARN] PackLoader:240 - Cannot read IP mode file for STMicroelectronics.X-CUBE-MEMS1.12.0.0
2026-05-09 07:54:37,155 [WARN] PackLoader:240 - Cannot read IP mode file for STMicroelectronics.X-CUBE-AZRTOS-G0.1.1.0
2026-05-09 07:54:37,223 [WARN] PackLoader:240 - Cannot read IP mode file for STMicroelectronics.X-CUBE-SAFEA1.1.2.2
2026-05-09 07:54:37,261 [WARN] PackLoader:240 - Cannot read IP mode file for STMicroelectronics.X-CUBE-NFC4.3.0.0
2026-05-09 07:54:37,304 [WARN] PackLoader:240 - Cannot read IP mode file for EmbeddedOffice.I-CUBE-FS-RTOS.1.0.1
2026-05-09 07:54:37,341 [WARN] PackLoader:240 - Cannot read IP mode file for STMicroelectronics.X-CUBE-WB05N.2.0.0
2026-05-09 07:54:37,378 [WARN] PackLoader:240 - Cannot read IP mode file for wolfSSL.I-CUBE-wolfTPM.3.8.0
2026-05-09 07:54:37,414 [WARN] PackLoader:240 - Cannot read IP mode file for STMicroelectronics.X-CUBE-TCPP.4.2.0
2026-05-09 07:54:37,456 [WARN] PackLoader:240 - Cannot read IP mode file for RealThread.X-CUBE-RT-Thread_Nano.4.1.1
2026-05-09 07:54:37,671 [WARN] PackLoader:240 - Cannot read IP mode file for STMicroelectronics.FP-ATR-SIGFOX1.3.2.0
2026-05-09 07:54:37,701 [WARN] PackLoader:240 - Cannot read IP mode file for STMicroelectronics.X-CUBE-FREERTOS.1.5.0
2026-05-09 07:54:37,731 [WARN] PackLoader:240 - Cannot read IP mode file for ITTIA_DB.I-CUBE-ITTIADB.8.9.0
2026-05-09 07:54:37,761 [INFO] WebApp:169 - Instantiating new browser for Auth
2026-05-09 07:54:37,762 [WARN] PackLoader:240 - Cannot read IP mode file for STMicroelectronics.X-CUBE-NFC6.3.2.0
2026-05-09 07:54:37,907 [WARN] PackLoader:240 - Cannot read IP mode file for STMicroelectronics.X-CUBE-MEMS1.12.1.0
2026-05-09 07:54:38,126 [WARN] PackLoader:240 - Cannot read IP mode file for SEGGER.I-CUBE-embOS.1.3.1
2026-05-09 07:54:38,203 [WARN] PackLoader:240 - Cannot read IP mode file for STMicroelectronics.X-CUBE-ALGOBUILD.1.4.0
2026-05-09 07:54:38,299 [WARN] PackLoader:240 - Cannot read IP mode file for STMicroelectronics.X-CUBE-MEMS1.11.3.0
2026-05-09 07:54:38,506 [WARN] PackLoader:240 - Cannot read IP mode file for STMicroelectronics.X-CUBE-PM33A1.1.0.0
2026-05-09 07:54:38,557 [WARN] PackLoader:240 - Cannot read IP mode file for STMicroelectronics.X-CUBE-AZRTOS-F4.1.1.0
2026-05-09 07:54:38,593 [WARN] PackLoader:240 - Cannot read IP mode file for STMicroelectronics.X-CUBE-ISPU.2.1.0
2026-05-09 07:54:38,623 [WARN] PackLoader:240 - Cannot read IP mode file for STMicroelectronics.eDS-WB_DPC_TT-BIDIR.2.1.1
2026-05-09 07:54:38,690 [WARN] PackLoader:240 - Cannot read IP mode file for STMicroelectronics.X-CUBE-AZRTOS-L5.2.0.0
2026-05-09 07:54:38,726 [WARN] PackLoader:240 - Cannot read IP mode file for STMicroelectronics.X-CUBE-NFC6.3.1.0
2026-05-09 07:54:38,759 [WARN] PackLoader:240 - Cannot read IP mode file for STMicroelectronics.eDS-WB_DPC_VIENNA.1.2.0
2026-05-09 07:54:38,785 [WARN] PackLoader:240 - Cannot read IP mode file for STMicroelectronics.eDS-WB_DPC_3PH2L-BIDIR.1.1.1
2026-05-09 07:54:38,812 [ERROR] Engine:466 - C:\Users\Asmita Milind Bagad\.stm32cubemx\thirdparties\pdsc\STMicroelectronics.X-CUBE-ST67W61.1.3.0.pdsc: PDSC version is not supported
2026-05-09 07:54:38,844 [WARN] PackLoader:240 - Cannot read IP mode file for STMicroelectronics.X-CUBE-FREERTOS.1.3.1
2026-05-09 07:54:38,993 [WARN] PackLoader:240 - Cannot read IP mode file for STMicroelectronics.X-CUBE-TOUCHGFX.4.26.0
2026-05-09 07:54:39,025 [WARN] PackLoader:240 - Cannot read IP mode file for STMicroelectronics.X-CUBE-TOUCHGFX.4.26.1
2026-05-09 07:54:39,063 [WARN] PackLoader:240 - Cannot read IP mode file for STMicroelectronics.FP-SNS-STAIOTCFT.1.0.0
2026-05-09 07:54:39,099 [WARN] PackLoader:240 - Cannot read IP mode file for STMicroelectronics.X-CUBE-DPower.1.3.0
2026-05-09 07:54:39,155 [WARN] ConditionMgr:438 - getConditionDescription Invalid condition id : LAN8742 Phy interface Condition cause : null
2026-05-09 07:54:39,156 [WARN] PackLoader:240 - Cannot read IP mode file for STMicroelectronics.X-CUBE-AZRTOS-L4.2.0.0
2026-05-09 07:54:39,158 [WARN] ConditionMgr:1044 - genDependencies : Invalid condition id : LAN8742 Phy interface Condition cause : null
2026-05-09 07:54:39,158 [WARN] ConditionMgr:1044 - genDependencies : Invalid condition id : LAN8742 Phy interface Condition cause : null
2026-05-09 07:54:39,159 [WARN] ConditionMgr:1044 - genDependencies : Invalid condition id : LAN8742 Phy interface Condition cause : null
2026-05-09 07:54:39,189 [WARN] PackLoader:240 - Cannot read IP mode file for STMicroelectronics.X-CUBE-SFXS2LP1.4.0.0
2026-05-09 07:54:39,221 [WARN] PackLoader:240 - Cannot read IP mode file for STMicroelectronics.X-CUBE-WB05N.2.1.0
2026-05-09 07:54:39,256 [WARN] PackLoader:240 - Cannot read IP mode file for STMicroelectronics.X-CUBE-ST67W61.1.2.0
2026-05-09 07:54:39,276 [INFO] WebApp:463 - Apply proxy settings
2026-05-09 07:54:39,277 [INFO] WebApp:548 - Chromium requires no authentication
2026-05-09 07:54:39,294 [INFO] WebApp:491 - Direct internet connection detected
2026-05-09 07:54:39,301 [WARN] ConditionMgr:438 - getConditionDescription Invalid condition id : UX DEVICE CLASS RTOS Condition cause : null
2026-05-09 07:54:39,302 [WARN] ConditionMgr:438 - getConditionDescription Invalid condition id : UX DEVICE CLASS RTOS Condition cause : null
2026-05-09 07:54:39,304 [WARN] PackLoader:240 - Cannot read IP mode file for STMicroelectronics.X-CUBE-AZRTOS-WB.2.0.0
2026-05-09 07:54:39,304 [WARN] ConditionMgr:1044 - genDependencies : Invalid condition id : UX DEVICE CLASS RTOS Condition cause : null
2026-05-09 07:54:39,305 [WARN] ConditionMgr:1044 - genDependencies : Invalid condition id : UX DEVICE CLASS RTOS Condition cause : null
2026-05-09 07:54:39,305 [WARN] ConditionMgr:1044 - genDependencies : Invalid condition id : UX DEVICE CLASS RTOS Condition cause : null
2026-05-09 07:54:39,306 [WARN] ConditionMgr:1044 - genDependencies : Invalid condition id : UX DEVICE CLASS RTOS Condition cause : null
2026-05-09 07:54:39,306 [WARN] ConditionMgr:1044 - genDependencies : Invalid condition id : UX DEVICE CLASS RTOS Condition cause : null
2026-05-09 07:54:39,337 [WARN] ConditionMgr:438 - getConditionDescription Invalid condition id : Cortex-A Device cause : null
2026-05-09 07:54:39,340 [INFO] WebApp:900 - Register for checkConnection events
2026-05-09 07:54:39,340 [INFO] WebApp:463 - Apply proxy settings
2026-05-09 07:54:39,340 [INFO] WebApp:548 - Chromium requires no authentication
2026-05-09 07:54:39,341 [INFO] WebApp:491 - Direct internet connection detected
2026-05-09 07:54:39,368 [WARN] ConditionMgr:1044 - genDependencies : Invalid condition id : Cortex-A Device cause : null
2026-05-09 07:54:39,368 [WARN] ConditionMgr:1044 - genDependencies : Invalid condition id : Cortex-A Device cause : null
2026-05-09 07:54:39,368 [WARN] ConditionMgr:1044 - genDependencies : Invalid condition id : Cortex-A Device cause : null
2026-05-09 07:54:39,395 [WARN] PackLoader:240 - Cannot read IP mode file for STMicroelectronics.X-CUBE-STSE01.2.0.0
2026-05-09 07:54:39,427 [WARN] PackLoader:240 - Cannot read IP mode file for STMicroelectronics.X-CUBE-SUBG2.5.0.0
2026-05-09 07:54:39,477 [WARN] PackLoader:240 - Cannot read IP mode file for STMicroelectronics.X-CUBE-AZRTOS-H7RS.1.1.0
2026-05-09 07:54:39,527 [WARN] PackLoader:240 - Cannot read IP mode file for STMicroelectronics.X-CUBE-AZRTOS-G4.2.0.0
2026-05-09 07:54:39,553 [WARN] PackLoader:240 - Cannot read IP mode file for wolfSSL.I-CUBE-wolfSSH.1.4.20
2026-05-09 07:54:39,584 [WARN] PackLoader:240 - Cannot read IP mode file for STMicroelectronics.X-CUBE-NFC7.2.0.0
2026-05-09 07:54:39,617 [WARN] PackLoader:240 - Cannot read IP mode file for STMicroelectronics.X-CUBE-ALS.1.0.2
2026-05-09 07:54:39,641 [INFO] WebApp:191 - Connection restablished
2026-05-09 07:54:39,655 [WARN] PackLoader:240 - Cannot read IP mode file for STMicroelectronics.X-CUBE-STSE01.1.0.0
2026-05-09 07:54:39,703 [WARN] PackLoader:240 - Cannot read IP mode file for STMicroelectronics.X-CUBE-TOF1.3.4.3
2026-05-09 07:54:39,722 [INFO] ThirdParty:978 - Integrity check success = true
2026-05-09 07:54:39,722 [INFO] IntegrityCheckThread:100 - exiting critical section [integrity check]
2026-05-09 07:54:39,723 [INFO] IntegrityCheckThread:103 - End integrity checks thread
2026-05-09 07:54:39,765 [INFO] WebApp:225 - Starting web application
2026-05-09 07:54:39,765 [INFO] WebApp:593 - Web application path used D:\STM32CubeIDE_1.19.0\STM32CubeIDE\plugins\com.st.stm32cube.common.mx_6.15.0.202507011659\db\plugins\mcufinder\reactClient1\index.html
2026-05-09 07:54:40,092 [INFO] UserAuth:487 - Internet connection configuration mode: 1
2026-05-09 08:25:42,215 [ERROR] LogOutputStream:75 - [STDERR_REDIRECT] 
2026-05-09 09:35:21,766 [INFO] Activator:176 - 


2026-05-09 09:35:21,770 [INFO] Activator:177 - !SESSION log4j initialized
2026-05-09 09:35:32,377 [INFO] LogOutputStream:77 - [STDOUT_REDIRECT] 
2026-05-09 09:35:34,068 [INFO] ApplicationProperties:184 - Using Application install path: D:\STM32CubeIDE_1.19.0\STM32CubeIDE\plugins\com.st.stm32cube.common.mx_6.15.0.202507011659
2026-05-09 09:35:34,098 [INFO] DbMcusXml:78 - Set database path to: D:\STM32CubeIDE_1.19.0\STM32CubeIDE\plugins\com.st.stm32cube.common.mx_6.15.0.202507011659\\db\/mcu/
2026-05-09 09:35:34,098 [INFO] ApiDb:274 - Set plugin database path to: D:\STM32CubeIDE_1.19.0\STM32CubeIDE\plugins\com.st.stm32cube.common.mx_6.15.0.202507011659\\db\/plugins/boardmanager/
2026-05-09 09:35:34,098 [WARN] ApiDb:259 - Overriding images path with different value:  => D:\STM32CubeIDE_1.19.0\STM32CubeIDE\plugins\com.st.stm32cube.common.mx_6.15.0.202507011659\\db\/plugins/mcufinder/images/
2026-05-09 09:35:34,111 [INFO] ApiDb:250 - Set database path to: C:\Users\Asmita Milind Bagad\.stmcufinder\plugins\mcufinder//mcu/
2026-05-09 09:35:34,114 [INFO] DbMcusAds:125 - Set database path to: C:\Users\Asmita Milind Bagad\.stmcufinder\plugins\mcufinder//mcu/
2026-05-09 09:35:34,117 [INFO] CrossReferenceDbSqlite:203 - Set database path to: C:\Users\Asmita Milind Bagad\.stmcufinder\plugins\mcufinder//mcu/cs/
2026-05-09 09:35:34,334 [INFO] RulesReader:64 - Compatibility file has been processed (317 Rules)
2026-05-09 09:35:34,511 [INFO] DbMcusXml:78 - Set database path to: D:\STM32CubeIDE_1.19.0\STM32CubeIDE\plugins\com.st.stm32cube.common.mx_6.15.0.202507011659\\db\/mcu/
2026-05-09 09:35:34,511 [INFO] ApiDb:274 - Set plugin database path to: D:\STM32CubeIDE_1.19.0\STM32CubeIDE\plugins\com.st.stm32cube.common.mx_6.15.0.202507011659\\db\/plugins/boardmanager/
2026-05-09 09:35:34,511 [INFO] ApiDb:261 - Set plugin images path to: D:\STM32CubeIDE_1.19.0\STM32CubeIDE\plugins\com.st.stm32cube.common.mx_6.15.0.202507011659\\db\/plugins/mcufinder/images/
2026-05-09 09:35:34,512 [WARN] DbFile:41 - Overriding database path with different value: C:\Users\Asmita Milind Bagad\.stmcufinder\plugins\mcufinder/ => C:\Users\Asmita Milind Bagad\.stmcufinder\plugins\mcufinder
2026-05-09 09:35:34,512 [INFO] ApiDb:250 - Set database path to: C:\Users\Asmita Milind Bagad\.stmcufinder\plugins\mcufinder//mcu/
2026-05-09 09:35:34,512 [WARN] DbFile:41 - Overriding database path with different value: C:\Users\Asmita Milind Bagad\.stmcufinder\plugins\mcufinder/ => C:\Users\Asmita Milind Bagad\.stmcufinder\plugins\mcufinder
2026-05-09 09:35:34,512 [INFO] DbMcusAds:125 - Set database path to: C:\Users\Asmita Milind Bagad\.stmcufinder\plugins\mcufinder//mcu/
2026-05-09 09:35:34,512 [WARN] DbFile:41 - Overriding database path with different value: C:\Users\Asmita Milind Bagad\.stmcufinder\plugins\mcufinder/ => C:\Users\Asmita Milind Bagad\.stmcufinder\plugins\mcufinder
2026-05-09 09:35:34,513 [WARN] DbFile:41 - Overriding database path with different value: C:\Users\Asmita Milind Bagad\.stmcufinder\plugins\mcufinder/ => C:\Users\Asmita Milind Bagad\.stmcufinder\plugins\mcufinder
2026-05-09 09:35:34,513 [INFO] CrossReferenceDbSqlite:203 - Set database path to: C:\Users\Asmita Milind Bagad\.stmcufinder\plugins\mcufinder//mcu/cs/
2026-05-09 09:35:34,660 [INFO] MainPanel:274 - HeapMemory: 268435456
2026-05-09 09:35:34,849 [INFO] DbMcusXml:78 - Set database path to: D:\STM32CubeIDE_1.19.0\STM32CubeIDE\plugins\com.st.stm32cube.common.mx_6.15.0.202507011659\\db\/mcu/
2026-05-09 09:35:34,849 [INFO] ApiDb:274 - Set plugin database path to: D:\STM32CubeIDE_1.19.0\STM32CubeIDE\plugins\com.st.stm32cube.common.mx_6.15.0.202507011659\\db\/plugins/boardmanager/
2026-05-09 09:35:34,849 [INFO] ApiDb:261 - Set plugin images path to: D:\STM32CubeIDE_1.19.0\STM32CubeIDE\plugins\com.st.stm32cube.common.mx_6.15.0.202507011659\\db\/plugins/mcufinder/images/
2026-05-09 09:35:34,850 [WARN] DbFile:41 - Overriding database path with different value: C:\Users\Asmita Milind Bagad\.stmcufinder\plugins\mcufinder/ => C:\Users\Asmita Milind Bagad\.stmcufinder\plugins\mcufinder
2026-05-09 09:35:34,850 [INFO] ApiDb:250 - Set database path to: C:\Users\Asmita Milind Bagad\.stmcufinder\plugins\mcufinder//mcu/
2026-05-09 09:35:34,850 [WARN] DbFile:41 - Overriding database path with different value: C:\Users\Asmita Milind Bagad\.stmcufinder\plugins\mcufinder/ => C:\Users\Asmita Milind Bagad\.stmcufinder\plugins\mcufinder
2026-05-09 09:35:34,850 [INFO] DbMcusAds:125 - Set database path to: C:\Users\Asmita Milind Bagad\.stmcufinder\plugins\mcufinder//mcu/
2026-05-09 09:35:34,850 [WARN] DbFile:41 - Overriding database path with different value: C:\Users\Asmita Milind Bagad\.stmcufinder\plugins\mcufinder/ => C:\Users\Asmita Milind Bagad\.stmcufinder\plugins\mcufinder
2026-05-09 09:35:34,851 [WARN] DbFile:41 - Overriding database path with different value: C:\Users\Asmita Milind Bagad\.stmcufinder\plugins\mcufinder/ => C:\Users\Asmita Milind Bagad\.stmcufinder\plugins\mcufinder
2026-05-09 09:35:34,851 [INFO] CrossReferenceDbSqlite:203 - Set database path to: C:\Users\Asmita Milind Bagad\.stmcufinder\plugins\mcufinder//mcu/cs/
2026-05-09 09:35:34,885 [INFO] ApplicationProperties:184 - Using Application install path: D:\STM32CubeIDE_1.19.0\STM32CubeIDE\plugins\com.st.stm32cube.common.mx_6.15.0.202507011659
2026-05-09 09:35:34,887 [INFO] PluginManage:196 - Search for loadable plugins [exclusion list=, ]
2026-05-09 09:35:34,889 [INFO] PluginManage:310 - Check plugin analytics
2026-05-09 09:35:35,221 [INFO] AnalyticsPlugin:253 - Accepted Software Licenses: 
2026-05-09 09:35:35,222 [INFO] AnalyticsPlugin:255 - Accepted CMSIS Pack Licenses: STMicroelectronics.X-CUBE-FREERTOS.1.3.1,RealThread.X-CUBE-RT-Thread_Nano.4.1.1,STMicroelectronics.X-CUBE-FREERTOS.1.5.0,STMicroelectronics.X-CUBE-FREERTOS.1.4.0
2026-05-09 09:35:35,222 [INFO] AnalyticsPlugin:257 - Accepted Firmware Licenses: FW.F4.1.28.0,FW.G4.1.6.0,FW.C0.1.4.0
2026-05-09 09:35:35,227 [INFO] PluginManage:359 - Loaded plugin analytics (category:tool,tabindex:-1)
2026-05-09 09:35:35,227 [INFO] PluginManage:310 - Check plugin cadmodel
2026-05-09 09:35:35,256 [INFO] CADModel:105 - Init CAD model plugin
2026-05-09 09:35:35,256 [INFO] PluginManage:359 - Loaded plugin cadmodel (category:power,tabindex:5)
2026-05-09 09:35:35,256 [INFO] PluginManage:310 - Check plugin clock
2026-05-09 09:35:35,291 [INFO] PluginManage:359 - Loaded plugin clock (category:base,tabindex:2)
2026-05-09 09:35:35,292 [INFO] PluginManage:310 - Check plugin ddr
2026-05-09 09:35:35,295 [INFO] PluginManage:359 - Loaded plugin ddr (category:tool,tabindex:6)
2026-05-09 09:35:35,296 [INFO] PluginManage:310 - Check plugin filemanager
2026-05-09 09:35:35,540 [INFO] PluginManage:359 - Loaded plugin filemanager (category:base,tabindex:10)
2026-05-09 09:35:35,540 [INFO] PluginManage:310 - Check plugin ipmanager
2026-05-09 09:35:35,553 [INFO] PluginManage:359 - Loaded plugin ipmanager (category:base,tabindex:5)
2026-05-09 09:35:35,554 [INFO] PluginManage:310 - Check plugin lpbam
2026-05-09 09:35:35,584 [INFO] PluginManage:359 - Loaded plugin lpbam (category:base,tabindex:0)
2026-05-09 09:35:35,584 [INFO] PluginManage:310 - Check plugin memorymap
2026-05-09 09:35:35,636 [INFO] PluginManage:359 - Loaded plugin memorymap (category:base,tabindex:4)
2026-05-09 09:35:35,637 [INFO] PluginManage:310 - Check plugin pinoutandconfiguration
2026-05-09 09:35:35,677 [INFO] PluginManage:359 - Loaded plugin pinoutandconfiguration (category:base,tabindex:1)
2026-05-09 09:35:35,678 [INFO] PluginManage:310 - Check plugin pinoutconfig
2026-05-09 09:35:35,847 [WARN] SupportedApi:132 - Cannot load RTOS API schema: s4s-elt-must-match.1: The content of 'definitions' must match (annotation?, (simpleType | complexType)?, (unique | key | keyref)*)). A problem was found starting at: attribute.
2026-05-09 09:35:36,078 [INFO] PluginManage:359 - Loaded plugin pinoutconfig (category:base,tabindex:0)
2026-05-09 09:35:36,078 [INFO] PluginManage:310 - Check plugin power
2026-05-09 09:35:36,120 [INFO] PluginManage:359 - Loaded plugin power (category:power,tabindex:4)
2026-05-09 09:35:36,120 [INFO] PluginManage:310 - Check plugin projectmanager
2026-05-09 09:35:36,147 [INFO] PluginManage:359 - Loaded plugin projectmanager (category:projectmanager,tabindex:4)
2026-05-09 09:35:36,147 [INFO] PluginManage:310 - Check plugin rif
2026-05-09 09:35:36,182 [INFO] PluginManage:359 - Loaded plugin rif (category:base,tabindex:3)
2026-05-09 09:35:36,182 [INFO] PluginManage:310 - Check plugin thirdparty
2026-05-09 09:35:36,519 [INFO] PluginManage:359 - Loaded plugin thirdparty (category:base,tabindex:-1)
2026-05-09 09:35:36,519 [WARN] IntegrityCheckThread:84 - waiting for thirdparty lock release [integrity check]
2026-05-09 09:35:36,519 [INFO] PluginManage:310 - Check plugin tools
2026-05-09 09:35:36,519 [INFO] IntegrityCheckThread:86 - entering critical section [integrity check]
2026-05-09 09:35:36,520 [INFO] ThirdPartyUpdaterWithRetryManager:70 - Updater plugin not ready yet. [1/15]
2026-05-09 09:35:36,598 [INFO] PluginManage:359 - Loaded plugin tools (category:base,tabindex:7)
2026-05-09 09:35:36,598 [INFO] PluginManage:310 - Check plugin tutovideos
2026-05-09 09:35:36,970 [INFO] PluginManage:359 - Loaded plugin tutovideos (category:base,tabindex:-1)
2026-05-09 09:35:36,970 [INFO] PluginManage:310 - Check plugin updater
2026-05-09 09:35:37,007 [INFO] PluginManage:359 - Loaded plugin updater (category:base,tabindex:12)
2026-05-09 09:35:37,008 [INFO] PluginManage:310 - Check plugin userauth
2026-05-09 09:35:37,014 [INFO] UserAuth:118 - Init User Auth plugin
2026-05-09 09:35:37,015 [INFO] PluginManage:359 - Loaded plugin userauth (category:base,tabindex:14)
2026-05-09 09:35:37,015 [INFO] PluginManage:283 - PluginManage : Loaded plugins [18]
2026-05-09 09:35:37,371 [INFO] PinOutPanel:1589 - setPackage(No Configuration,No Configuration)
2026-05-09 09:35:37,510 [INFO] CADModel:165 - CPN selected for project level
2026-05-09 09:35:37,510 [INFO] CADModel:114 - Register for checkConnection events
2026-05-09 09:35:37,554 [INFO] IPUIPlugin:80 - create IPUIPlugin
2026-05-09 09:35:37,554 [INFO] PluginManager:220 - loadIPPluginJar : add adc
2026-05-09 09:35:37,626 [INFO] IPUIPlugin:80 - create IPUIPlugin
2026-05-09 09:35:37,626 [INFO] PluginManager:220 - loadIPPluginJar : add aes
2026-05-09 09:35:37,707 [INFO] IPUIPlugin:80 - create IPUIPlugin
2026-05-09 09:35:37,707 [INFO] PluginManager:220 - loadIPPluginJar : add can
2026-05-09 09:35:37,712 [INFO] IPUIPlugin:80 - create IPUIPlugin
2026-05-09 09:35:37,712 [INFO] PluginManager:220 - loadIPPluginJar : add comp
2026-05-09 09:35:37,777 [INFO] IPUIPlugin:80 - create IPUIPlugin
2026-05-09 09:35:37,777 [INFO] PluginManager:220 - loadIPPluginJar : add cryp
2026-05-09 09:35:37,795 [INFO] IPUIPlugin:80 - create IPUIPlugin
2026-05-09 09:35:37,795 [INFO] PluginManager:220 - loadIPPluginJar : add ddr_ctrl_phy
2026-05-09 09:35:37,856 [INFO] IPUIPlugin:80 - create IPUIPlugin
2026-05-09 09:35:37,856 [INFO] PluginManager:220 - loadIPPluginJar : add dfsdm
2026-05-09 09:35:37,879 [INFO] IPUIPlugin:80 - create IPUIPlugin
2026-05-09 09:35:37,880 [INFO] PluginManager:220 - loadIPPluginJar : add dma
2026-05-09 09:35:37,955 [INFO] IPUIPlugin:80 - create IPUIPlugin
2026-05-09 09:35:37,955 [INFO] PluginManager:220 - loadIPPluginJar : add dma3
2026-05-09 09:35:38,047 [INFO] IPUIPlugin:80 - create IPUIPlugin
2026-05-09 09:35:38,047 [INFO] PluginManager:220 - loadIPPluginJar : add extmemmanager
2026-05-09 09:35:38,090 [INFO] IPUIPlugin:80 - create IPUIPlugin
2026-05-09 09:35:38,090 [INFO] PluginManager:220 - loadIPPluginJar : add fatfs
2026-05-09 09:35:38,180 [INFO] IPUIPlugin:80 - create IPUIPlugin
2026-05-09 09:35:38,181 [INFO] PluginManager:220 - loadIPPluginJar : add fmc
2026-05-09 09:35:38,207 [INFO] IPUIPlugin:80 - create IPUIPlugin
2026-05-09 09:35:38,208 [INFO] PluginManager:220 - loadIPPluginJar : add freertos
2026-05-09 09:35:38,248 [INFO] IPUIPlugin:80 - create IPUIPlugin
2026-05-09 09:35:38,249 [INFO] PluginManager:220 - loadIPPluginJar : add genericplugin
2026-05-09 09:35:38,428 [INFO] IPUIPlugin:80 - create IPUIPlugin
2026-05-09 09:35:38,428 [INFO] PluginManager:220 - loadIPPluginJar : add gfxmmu
2026-05-09 09:35:38,687 [INFO] IPUIPlugin:80 - create IPUIPlugin
2026-05-09 09:35:38,688 [INFO] PluginManager:220 - loadIPPluginJar : add gic
2026-05-09 09:35:38,720 [INFO] IPUIPlugin:80 - create IPUIPlugin
2026-05-09 09:35:38,720 [INFO] PluginManager:220 - loadIPPluginJar : add gpio
2026-05-09 09:35:38,896 [INFO] IPUIPlugin:80 - create IPUIPlugin
2026-05-09 09:35:38,897 [INFO] PluginManager:220 - loadIPPluginJar : add gtzc
2026-05-09 09:35:38,912 [INFO] IPUIPlugin:80 - create IPUIPlugin
2026-05-09 09:35:38,912 [INFO] PluginManager:220 - loadIPPluginJar : add hash
2026-05-09 09:35:39,016 [INFO] IPUIPlugin:80 - create IPUIPlugin
2026-05-09 09:35:39,016 [INFO] PluginManager:220 - loadIPPluginJar : add i2c
2026-05-09 09:35:39,095 [INFO] IPUIPlugin:80 - create IPUIPlugin
2026-05-09 09:35:39,095 [INFO] PluginManager:220 - loadIPPluginJar : add i2s
2026-05-09 09:35:39,176 [INFO] IPUIPlugin:80 - create IPUIPlugin
2026-05-09 09:35:39,176 [INFO] PluginManager:220 - loadIPPluginJar : add i3c
2026-05-09 09:35:39,385 [INFO] IPUIPlugin:80 - create IPUIPlugin
2026-05-09 09:35:39,386 [INFO] PluginManager:220 - loadIPPluginJar : add ipddr
2026-05-09 09:35:39,521 [INFO] ThirdPartyUpdaterWithRetryManager:70 - Updater plugin not ready yet. [2/15]
2026-05-09 09:35:39,558 [INFO] IPUIPlugin:80 - create IPUIPlugin
2026-05-09 09:35:39,559 [INFO] PluginManager:220 - loadIPPluginJar : add linkedlist
2026-05-09 09:35:39,565 [INFO] IPUIPlugin:80 - create IPUIPlugin
2026-05-09 09:35:39,566 [INFO] PluginManager:220 - loadIPPluginJar : add lorawan
2026-05-09 09:35:39,647 [INFO] IPUIPlugin:80 - create IPUIPlugin
2026-05-09 09:35:39,647 [INFO] PluginManager:220 - loadIPPluginJar : add ltdc
2026-05-09 09:35:39,674 [INFO] IPUIPlugin:80 - create IPUIPlugin
2026-05-09 09:35:39,674 [INFO] PluginManager:220 - loadIPPluginJar : add mdma
2026-05-09 09:35:39,694 [INFO] IPUIPlugin:80 - create IPUIPlugin
2026-05-09 09:35:39,695 [INFO] PluginManager:220 - loadIPPluginJar : add nvic
2026-05-09 09:35:39,765 [INFO] IPUIPlugin:80 - create IPUIPlugin
2026-05-09 09:35:39,765 [INFO] PluginManager:220 - loadIPPluginJar : add opamp
2026-05-09 09:35:39,883 [INFO] IPUIPlugin:80 - create IPUIPlugin
2026-05-09 09:35:39,883 [INFO] PluginManager:220 - loadIPPluginJar : add openamp
2026-05-09 09:35:39,969 [INFO] IPUIPlugin:80 - create IPUIPlugin
2026-05-09 09:35:39,969 [INFO] PluginManager:220 - loadIPPluginJar : add pdm2pcm
2026-05-09 09:35:39,993 [INFO] IPUIPlugin:80 - create IPUIPlugin
2026-05-09 09:35:39,997 [INFO] PluginManager:220 - loadIPPluginJar : add plateformsettings
2026-05-09 09:35:40,000 [INFO] IPUIPlugin:80 - create IPUIPlugin
2026-05-09 09:35:40,000 [INFO] PluginManager:220 - loadIPPluginJar : add quadspi
2026-05-09 09:35:40,004 [INFO] IPUIPlugin:80 - create IPUIPlugin
2026-05-09 09:35:40,005 [INFO] PluginManager:220 - loadIPPluginJar : add radio
2026-05-09 09:35:40,028 [INFO] IPUIPlugin:80 - create IPUIPlugin
2026-05-09 09:35:40,028 [INFO] PluginManager:220 - loadIPPluginJar : add resmgrutility
2026-05-09 09:35:40,126 [INFO] IPUIPlugin:80 - create IPUIPlugin
2026-05-09 09:35:40,127 [INFO] PluginManager:220 - loadIPPluginJar : add sai
2026-05-09 09:35:40,199 [INFO] IPUIPlugin:80 - create IPUIPlugin
2026-05-09 09:35:40,199 [INFO] PluginManager:220 - loadIPPluginJar : add spi
2026-05-09 09:35:40,354 [INFO] IPUIPlugin:80 - create IPUIPlugin
2026-05-09 09:35:40,355 [INFO] PluginManager:220 - loadIPPluginJar : add stm32_wpan
2026-05-09 09:35:40,370 [INFO] IPUIPlugin:80 - create IPUIPlugin
2026-05-09 09:35:40,370 [INFO] PluginManager:220 - loadIPPluginJar : add tim
2026-05-09 09:35:40,487 [INFO] IPUIPlugin:80 - create IPUIPlugin
2026-05-09 09:35:40,488 [INFO] PluginManager:220 - loadIPPluginJar : add touchsensing
2026-05-09 09:35:40,492 [INFO] IPUIPlugin:80 - create IPUIPlugin
2026-05-09 09:35:40,492 [INFO] PluginManager:220 - loadIPPluginJar : add tracer_emb
2026-05-09 09:35:40,496 [INFO] IPUIPlugin:80 - create IPUIPlugin
2026-05-09 09:35:40,496 [INFO] PluginManager:220 - loadIPPluginJar : add ts
2026-05-09 09:35:40,501 [INFO] IPUIPlugin:80 - create IPUIPlugin
2026-05-09 09:35:40,501 [INFO] PluginManager:220 - loadIPPluginJar : add tsc
2026-05-09 09:35:40,504 [INFO] IPUIPlugin:80 - create IPUIPlugin
2026-05-09 09:35:40,505 [INFO] PluginManager:220 - loadIPPluginJar : add ucpd
2026-05-09 09:35:40,591 [INFO] IPUIPlugin:80 - create IPUIPlugin
2026-05-09 09:35:40,591 [INFO] PluginManager:220 - loadIPPluginJar : add usart
2026-05-09 09:35:40,676 [INFO] IPUIPlugin:80 - create IPUIPlugin
2026-05-09 09:35:40,676 [INFO] PluginManager:220 - loadIPPluginJar : add usbx
2026-05-09 09:35:40,848 [FATAL] Updater:351 - Updater called before beeing initialized
2026-05-09 09:35:40,905 [INFO] RulesReader:64 - Compatibility file has been processed (317 Rules)
2026-05-09 09:35:40,951 [INFO] RulesReader:64 - Compatibility file has been processed (317 Rules)
2026-05-09 09:35:40,960 [INFO] CADModel:165 - CPN selected for project level
2026-05-09 09:35:40,960 [INFO] CADModel:114 - Register for checkConnection events
2026-05-09 09:35:40,960 [FATAL] Updater:351 - Updater called before beeing initialized
2026-05-09 09:35:40,962 [ERROR] CADModel:125 - Updater not yet initialized, retry later 
2026-05-09 09:35:41,225 [FATAL] Updater:351 - Updater called before beeing initialized
2026-05-09 09:35:41,228 [INFO] CADModel:165 - CPN selected for project level
2026-05-09 09:35:41,228 [INFO] CADModel:114 - Register for checkConnection events
2026-05-09 09:35:41,228 [FATAL] Updater:351 - Updater called before beeing initialized
2026-05-09 09:35:41,228 [ERROR] CADModel:125 - Updater not yet initialized, retry later 
2026-05-09 09:35:41,233 [FATAL] Updater:351 - Updater called before beeing initialized
2026-05-09 09:35:41,429 [FATAL] Updater:351 - Updater called before beeing initialized
2026-05-09 09:35:41,438 [INFO] DbMcusAds:53 - JSON generation date=Mon Apr 27 13:44:29 IST 2026 (1777277669577)
2026-05-09 09:35:41,438 [FATAL] Updater:351 - Updater called before beeing initialized
2026-05-09 09:35:41,588 [WARN] DetailPanel:346 - Failed to get advertising image, set to default
2026-05-09 09:35:41,740 [FATAL] Updater:351 - Updater called before beeing initialized
2026-05-09 09:35:41,742 [FATAL] Updater:351 - Updater called before beeing initialized
2026-05-09 09:35:41,742 [FATAL] Updater:351 - Updater called before beeing initialized
2026-05-09 09:35:41,742 [WARN] DetailPanel:346 - Failed to get advertising image, set to default
2026-05-09 09:35:41,743 [FATAL] Updater:351 - Updater called before beeing initialized
2026-05-09 09:35:41,828 [ERROR] Updater:1198 - MainUpdater not yet initialized. External WinMGr cannot be set.
2026-05-09 09:35:41,832 [INFO] Updater:1134 - Updater Version found : 6.15.0
2026-05-09 09:35:41,857 [INFO] ApplicationProperties:184 - Using Application install path: D:\STM32CubeIDE_1.19.0\STM32CubeIDE\plugins\com.st.stm32cube.common.mx_6.15.0.202507011659
2026-05-09 09:35:42,523 [INFO] ThirdPartyUpdaterWithRetryManager:70 - Updater plugin not ready yet. [3/15]
2026-05-09 09:35:43,452 [ERROR] LogOutputStream:75 - [STDERR_REDIRECT] May 09, 2026 9:35:43 AM java.util.prefs.WindowsPreferences <init>
2026-05-09 09:35:43,455 [ERROR] LogOutputStream:75 - [STDERR_REDIRECT] WARNING: Could not open/create prefs root node Software\JavaSoft\Prefs at root 0xffffffff80000002. Windows RegCreateKeyEx(...) returned error code 5.
2026-05-09 09:35:43,456 [ERROR] LogOutputStream:75 - [STDERR_REDIRECT] 
2026-05-09 09:35:44,003 [INFO] MainUpdater:2872 - connection check result : 10
2026-05-09 09:35:44,004 [INFO] MainUpdater:289 - Updater Check For Update Now.
2026-05-09 09:35:44,005 [INFO] MicroXplorer:498 - Change Database Version : DB.6.0.150
2026-05-09 09:35:44,061 [INFO] McuFinderGlobals:63 - Set McuFinder mode to 2 (CubeIDE integrated)
2026-05-09 09:35:44,064 [INFO] UserAuth:487 - Internet connection configuration mode: 1
2026-05-09 09:35:44,103 [INFO] JxBrowserEngine:152 - Initiate JxBrowser Engine with user profile folder
2026-05-09 09:35:44,287 [INFO] CheckServerUpdateThread:120 - End of CheckServer Thread
2026-05-09 09:35:46,250 [WARN] PackLoader:240 - Cannot read IP mode file for STMicroelectronics.X-CUBE-AZRTOS-H7.3.5.0
2026-05-09 09:35:46,273 [WARN] PackLoader:240 - Cannot read IP mode file for STMicroelectronics.FP-SNS-MOTENVWB1.1.4.0
2026-05-09 09:35:46,288 [INFO] WebApp:169 - Instantiating new browser for Auth
2026-05-09 09:35:46,288 [WARN] PackLoader:240 - Cannot read IP mode file for STMicroelectronics.FP-ATR-ASTRA1.2.0.2
2026-05-09 09:35:46,304 [WARN] PackLoader:240 - Cannot read IP mode file for STMicroelectronics.X-CUBE-SMBUS.2.1.0
2026-05-09 09:35:46,384 [WARN] PackLoader:240 - Cannot read IP mode file for STMicroelectronics.X-CUBE-AZRTOS-F7.1.1.0
2026-05-09 09:35:46,401 [WARN] PackLoader:240 - Cannot read IP mode file for Cesanta.I-CUBE-Mongoose.7.19.0
2026-05-09 09:35:46,417 [WARN] PackLoader:240 - Cannot read IP mode file for WES.I-CUBE-Cesium.1.4.0
2026-05-09 09:35:46,457 [WARN] PackLoader:240 - Cannot read IP mode file for Infineon.AIROC-Wi-Fi-Bluetooth-STM32.1.7.1
2026-05-09 09:35:46,500 [WARN] PackLoader:240 - Cannot read IP mode file for STMicroelectronics.X-CUBE-AZRTOS-H7.3.4.0
2026-05-09 09:35:46,558 [WARN] PackLoader:240 - Cannot read IP mode file for STMicroelectronics.X-CUBE-DISPLAY.3.0.0
2026-05-09 09:35:46,579 [WARN] PackLoader:240 - Cannot read IP mode file for STMicroelectronics.X-CUBE-GNSS1.7.1.1
2026-05-09 09:35:46,587 [WARN] PackLoader:240 - Cannot read IP mode file for STMicroelectronics.FP-SNS-MOTENVWB1.1.5.0
2026-05-09 09:35:46,598 [WARN] PackLoader:240 - Cannot read IP mode file for STMicroelectronics.X-CUBE-NFC10.1.0.0
2026-05-09 09:35:46,609 [WARN] PackLoader:240 - Cannot read IP mode file for emotas.I-CUBE-CANOPEN.1.3.0
2026-05-09 09:35:46,618 [WARN] PackLoader:240 - Cannot read IP mode file for STMicroelectronics.X-CUBE-GNSS1.7.1.0
2026-05-09 09:35:46,628 [WARN] PackLoader:240 - Cannot read IP mode file for STMicroelectronics.FP-SNS-SMARTAG2.1.2.0
2026-05-09 09:35:46,638 [WARN] PackLoader:240 - Cannot read IP mode file for STMicroelectronics.FP-SNS-FLIGHT1.5.1.0
2026-05-09 09:35:46,651 [INFO] LogOutputStream:77 - [STDOUT_REDIRECT] 1 : Invalid condition id : UX_CORESTACK_Condition cause : null
2026-05-09 09:35:46,652 [INFO] LogOutputStream:77 - [STDOUT_REDIRECT] 1 : Invalid condition id : UX_CORESTACK_Condition cause : null
2026-05-09 09:35:46,653 [INFO] LogOutputStream:77 - [STDOUT_REDIRECT] 1 : Invalid condition id : UX_CORESTACK_Condition cause : null
2026-05-09 09:35:46,655 [INFO] LogOutputStream:77 - [STDOUT_REDIRECT] 1 : Invalid condition id : UX_CORESTACK_Condition cause : null
2026-05-09 09:35:46,656 [INFO] LogOutputStream:77 - [STDOUT_REDIRECT] 1 : Invalid condition id : UX_CORESTACK_Condition cause : null
2026-05-09 09:35:46,660 [WARN] PackLoader:240 - Cannot read IP mode file for STMicroelectronics.X-CUBE-AZRTOS-WL.2.0.0
2026-05-09 09:35:46,685 [WARN] PackLoader:240 - Cannot read IP mode file for STMicroelectronics.X-CUBE-AZRTOS-H7RS.1.2.0
2026-05-09 09:35:46,696 [WARN] PackLoader:240 - Cannot read IP mode file for STMicroelectronics.X-CUBE-BLE2.3.3.0
2026-05-09 09:35:46,729 [WARN] PackLoader:240 - Cannot read IP mode file for STMicroelectronics.X-CUBE-NFC9.1.0.0
2026-05-09 09:35:46,739 [WARN] PackLoader:240 - Cannot read IP mode file for wolfSSL.I-CUBE-wolfSSL.5.8.2
2026-05-09 09:35:46,746 [WARN] PackLoader:240 - Cannot read IP mode file for STMicroelectronics.X-CUBE-BLE1.7.1.0
2026-05-09 09:35:46,763 [WARN] PackLoader:240 - Cannot read IP mode file for wolfSSL.I-CUBE-wolfMQTT.1.19.2
2026-05-09 09:35:46,772 [WARN] PackLoader:240 - Cannot read IP mode file for STMicroelectronics.X-CUBE-FREERTOS.1.4.0
2026-05-09 09:35:46,780 [WARN] PackLoader:240 - Cannot read IP mode file for STMicroelectronics.FP-SNS-STAIOTCFT.1.1.0
2026-05-09 09:35:46,837 [WARN] PackLoader:240 - Cannot read IP mode file for STMicroelectronics.X-CUBE-MEMS1.12.0.0
2026-05-09 09:35:46,959 [WARN] PackLoader:240 - Cannot read IP mode file for STMicroelectronics.X-CUBE-AZRTOS-G0.1.1.0
2026-05-09 09:35:46,971 [WARN] PackLoader:240 - Cannot read IP mode file for STMicroelectronics.X-CUBE-SAFEA1.1.2.2
2026-05-09 09:35:46,988 [WARN] PackLoader:240 - Cannot read IP mode file for STMicroelectronics.X-CUBE-NFC4.3.0.0
2026-05-09 09:35:47,009 [WARN] PackLoader:240 - Cannot read IP mode file for EmbeddedOffice.I-CUBE-FS-RTOS.1.0.1
2026-05-09 09:35:47,020 [WARN] PackLoader:240 - Cannot read IP mode file for STMicroelectronics.X-CUBE-WB05N.2.0.0
2026-05-09 09:35:47,029 [WARN] PackLoader:240 - Cannot read IP mode file for wolfSSL.I-CUBE-wolfTPM.3.8.0
2026-05-09 09:35:47,040 [WARN] PackLoader:240 - Cannot read IP mode file for STMicroelectronics.X-CUBE-TCPP.4.2.0
2026-05-09 09:35:47,057 [WARN] PackLoader:240 - Cannot read IP mode file for RealThread.X-CUBE-RT-Thread_Nano.4.1.1
2026-05-09 09:35:47,217 [WARN] PackLoader:240 - Cannot read IP mode file for STMicroelectronics.FP-ATR-SIGFOX1.3.2.0
2026-05-09 09:35:47,224 [WARN] PackLoader:240 - Cannot read IP mode file for STMicroelectronics.X-CUBE-FREERTOS.1.5.0
2026-05-09 09:35:47,234 [WARN] PackLoader:240 - Cannot read IP mode file for ITTIA_DB.I-CUBE-ITTIADB.8.9.0
2026-05-09 09:35:47,244 [WARN] PackLoader:240 - Cannot read IP mode file for STMicroelectronics.X-CUBE-NFC6.3.2.0
2026-05-09 09:35:47,305 [WARN] PackLoader:240 - Cannot read IP mode file for STMicroelectronics.X-CUBE-MEMS1.12.1.0
2026-05-09 09:35:47,449 [WARN] PackLoader:240 - Cannot read IP mode file for SEGGER.I-CUBE-embOS.1.3.1
2026-05-09 09:35:47,538 [WARN] PackLoader:240 - Cannot read IP mode file for STMicroelectronics.X-CUBE-ALGOBUILD.1.4.0
2026-05-09 09:35:47,621 [WARN] PackLoader:240 - Cannot read IP mode file for STMicroelectronics.X-CUBE-MEMS1.11.3.0
2026-05-09 09:35:47,757 [INFO] WebApp:463 - Apply proxy settings
2026-05-09 09:35:47,758 [INFO] WebApp:548 - Chromium requires no authentication
2026-05-09 09:35:47,775 [INFO] WebApp:491 - Direct internet connection detected
2026-05-09 09:35:47,821 [WARN] PackLoader:240 - Cannot read IP mode file for STMicroelectronics.X-CUBE-PM33A1.1.0.0
2026-05-09 09:35:47,826 [INFO] WebApp:900 - Register for checkConnection events
2026-05-09 09:35:47,827 [INFO] WebApp:463 - Apply proxy settings
2026-05-09 09:35:47,827 [INFO] WebApp:548 - Chromium requires no authentication
2026-05-09 09:35:47,828 [INFO] WebApp:491 - Direct internet connection detected
2026-05-09 09:35:47,846 [WARN] PackLoader:240 - Cannot read IP mode file for STMicroelectronics.X-CUBE-AZRTOS-F4.1.1.0
2026-05-09 09:35:47,856 [WARN] PackLoader:240 - Cannot read IP mode file for STMicroelectronics.X-CUBE-ISPU.2.1.0
2026-05-09 09:35:47,862 [WARN] PackLoader:240 - Cannot read IP mode file for STMicroelectronics.eDS-WB_DPC_TT-BIDIR.2.1.1
2026-05-09 09:35:47,893 [WARN] PackLoader:240 - Cannot read IP mode file for STMicroelectronics.X-CUBE-AZRTOS-L5.2.0.0
2026-05-09 09:35:47,910 [WARN] PackLoader:240 - Cannot read IP mode file for STMicroelectronics.X-CUBE-NFC6.3.1.0
2026-05-09 09:35:47,921 [WARN] PackLoader:240 - Cannot read IP mode file for STMicroelectronics.eDS-WB_DPC_VIENNA.1.2.0
2026-05-09 09:35:47,928 [WARN] PackLoader:240 - Cannot read IP mode file for STMicroelectronics.eDS-WB_DPC_3PH2L-BIDIR.1.1.1
2026-05-09 09:35:47,936 [ERROR] Engine:466 - C:\Users\Asmita Milind Bagad\.stm32cubemx\thirdparties\pdsc\STMicroelectronics.X-CUBE-ST67W61.1.3.0.pdsc: PDSC version is not supported
2026-05-09 09:35:47,948 [WARN] PackLoader:240 - Cannot read IP mode file for STMicroelectronics.X-CUBE-FREERTOS.1.3.1
2026-05-09 09:35:48,052 [WARN] PackLoader:240 - Cannot read IP mode file for STMicroelectronics.X-CUBE-TOUCHGFX.4.26.0
2026-05-09 09:35:48,058 [WARN] PackLoader:240 - Cannot read IP mode file for STMicroelectronics.X-CUBE-TOUCHGFX.4.26.1
2026-05-09 09:35:48,066 [WARN] PackLoader:240 - Cannot read IP mode file for STMicroelectronics.FP-SNS-STAIOTCFT.1.0.0
2026-05-09 09:35:48,075 [WARN] PackLoader:240 - Cannot read IP mode file for STMicroelectronics.X-CUBE-DPower.1.3.0
2026-05-09 09:35:48,102 [WARN] ConditionMgr:438 - getConditionDescription Invalid condition id : LAN8742 Phy interface Condition cause : null
2026-05-09 09:35:48,103 [WARN] PackLoader:240 - Cannot read IP mode file for STMicroelectronics.X-CUBE-AZRTOS-L4.2.0.0
2026-05-09 09:35:48,104 [WARN] ConditionMgr:1044 - genDependencies : Invalid condition id : LAN8742 Phy interface Condition cause : null
2026-05-09 09:35:48,104 [WARN] ConditionMgr:1044 - genDependencies : Invalid condition id : LAN8742 Phy interface Condition cause : null
2026-05-09 09:35:48,105 [WARN] ConditionMgr:1044 - genDependencies : Invalid condition id : LAN8742 Phy interface Condition cause : null
2026-05-09 09:35:48,114 [WARN] PackLoader:240 - Cannot read IP mode file for STMicroelectronics.X-CUBE-SFXS2LP1.4.0.0
2026-05-09 09:35:48,121 [WARN] PackLoader:240 - Cannot read IP mode file for STMicroelectronics.X-CUBE-WB05N.2.1.0
2026-05-09 09:35:48,130 [WARN] PackLoader:240 - Cannot read IP mode file for STMicroelectronics.X-CUBE-ST67W61.1.2.0
2026-05-09 09:35:48,146 [WARN] ConditionMgr:438 - getConditionDescription Invalid condition id : UX DEVICE CLASS RTOS Condition cause : null
2026-05-09 09:35:48,147 [WARN] ConditionMgr:438 - getConditionDescription Invalid condition id : UX DEVICE CLASS RTOS Condition cause : null
2026-05-09 09:35:48,148 [WARN] PackLoader:240 - Cannot read IP mode file for STMicroelectronics.X-CUBE-AZRTOS-WB.2.0.0
2026-05-09 09:35:48,149 [WARN] ConditionMgr:1044 - genDependencies : Invalid condition id : UX DEVICE CLASS RTOS Condition cause : null
2026-05-09 09:35:48,149 [WARN] ConditionMgr:1044 - genDependencies : Invalid condition id : UX DEVICE CLASS RTOS Condition cause : null
2026-05-09 09:35:48,149 [WARN] ConditionMgr:1044 - genDependencies : Invalid condition id : UX DEVICE CLASS RTOS Condition cause : null
2026-05-09 09:35:48,150 [WARN] ConditionMgr:1044 - genDependencies : Invalid condition id : UX DEVICE CLASS RTOS Condition cause : null
2026-05-09 09:35:48,150 [WARN] ConditionMgr:1044 - genDependencies : Invalid condition id : UX DEVICE CLASS RTOS Condition cause : null
2026-05-09 09:35:48,156 [WARN] ConditionMgr:438 - getConditionDescription Invalid condition id : Cortex-A Device cause : null
2026-05-09 09:35:48,166 [WARN] ConditionMgr:1044 - genDependencies : Invalid condition id : Cortex-A Device cause : null
2026-05-09 09:35:48,166 [WARN] ConditionMgr:1044 - genDependencies : Invalid condition id : Cortex-A Device cause : null
2026-05-09 09:35:48,167 [WARN] ConditionMgr:1044 - genDependencies : Invalid condition id : Cortex-A Device cause : null
2026-05-09 09:35:48,177 [WARN] PackLoader:240 - Cannot read IP mode file for STMicroelectronics.X-CUBE-STSE01.2.0.0
2026-05-09 09:35:48,191 [WARN] PackLoader:240 - Cannot read IP mode file for STMicroelectronics.X-CUBE-SUBG2.5.0.0
2026-05-09 09:35:48,226 [WARN] PackLoader:240 - Cannot read IP mode file for STMicroelectronics.X-CUBE-AZRTOS-H7RS.1.1.0
2026-05-09 09:35:48,257 [WARN] PackLoader:240 - Cannot read IP mode file for STMicroelectronics.X-CUBE-AZRTOS-G4.2.0.0
2026-05-09 09:35:48,263 [INFO] WebApp:191 - Connection restablished
2026-05-09 09:35:48,267 [WARN] PackLoader:240 - Cannot read IP mode file for wolfSSL.I-CUBE-wolfSSH.1.4.20
2026-05-09 09:35:48,275 [WARN] PackLoader:240 - Cannot read IP mode file for STMicroelectronics.X-CUBE-NFC7.2.0.0
2026-05-09 09:35:48,284 [WARN] PackLoader:240 - Cannot read IP mode file for STMicroelectronics.X-CUBE-ALS.1.0.2
2026-05-09 09:35:48,294 [WARN] PackLoader:240 - Cannot read IP mode file for STMicroelectronics.X-CUBE-STSE01.1.0.0
2026-05-09 09:35:48,303 [INFO] WebApp:225 - Starting web application
2026-05-09 09:35:48,305 [INFO] WebApp:593 - Web application path used D:\STM32CubeIDE_1.19.0\STM32CubeIDE\plugins\com.st.stm32cube.common.mx_6.15.0.202507011659\db\plugins\mcufinder\reactClient1\index.html
2026-05-09 09:35:48,321 [WARN] PackLoader:240 - Cannot read IP mode file for STMicroelectronics.X-CUBE-TOF1.3.4.3
2026-05-09 09:35:48,343 [INFO] ThirdParty:978 - Integrity check success = true
2026-05-09 09:35:48,344 [INFO] IntegrityCheckThread:100 - exiting critical section [integrity check]
2026-05-09 09:35:48,344 [INFO] IntegrityCheckThread:103 - End integrity checks thread
2026-05-09 09:35:48,596 [INFO] UserAuth:487 - Internet connection configuration mode: 1
2026-05-09 09:59:36,847 [INFO] WebApp:194 - Connection lost
2026-05-09 09:59:37,094 [INFO] WebApp:191 - Connection restablished
2026-05-09 10:56:11,799 [INFO] WebApp:194 - Connection lost
2026-05-09 10:56:12,069 [INFO] WebApp:191 - Connection restablished
2026-05-09 11:32:09,710 [INFO] McuFinderGlobals:63 - Set McuFinder mode to 2 (CubeIDE integrated)
2026-05-09 11:32:09,740 [INFO] MainUpdater:2872 - connection check result : 10
2026-05-09 11:32:09,748 [INFO] MainUpdater:2872 - connection check result : 10
2026-05-09 11:32:09,988 [INFO] MicroXplorer:468 - Change Database Path : 
2026-05-09 11:32:09,989 [INFO] MicroXplorer:498 - Change Database Version : DB.6.0.150
2026-05-09 11:32:09,995 [WARN] ThirdParty:871 - waiting for thirdparty lock release [close project]
2026-05-09 11:32:09,995 [INFO] ThirdParty:873 - entering critical section [close project]
2026-05-09 11:32:10,016 [INFO] ThirdParty:883 - exiting critical section [close project]
2026-05-09 11:32:10,019 [INFO] PinOutPanel:1589 - setPackage(No Configuration,No Configuration)
2026-05-09 11:32:10,020 [INFO] UtilMem:75 - Begin LoadConfig() Used Memory: 569383160 Bytes (1073741824)
2026-05-09 11:32:10,023 [INFO] MicroXplorer:468 - Change Database Path : 
2026-05-09 11:32:10,023 [INFO] MicroXplorer:498 - Change Database Version : DB.6.0.150
2026-05-09 11:32:10,023 [INFO] OpenFileManager:355 - Change cursor
2026-05-09 11:32:10,054 [INFO] ThirdPartyDownloadManager:103 - Found SW packSTMicroelectronics.X-CUBE-FREERTOS.1.3.1up-to-date on disk
2026-05-09 11:32:10,132 [INFO] Mcu:2029 - Initializing MCU STM32C071RBTx STM32C071RBTx STM32C071RBT6
2026-05-09 11:32:11,856 [INFO] Context:786 - Trying to add GPIOservice into a context  which must be forbidden
2026-05-09 11:32:12,286 [INFO] ApiDbMcu:532 - Load IP Config File for STMicroelectronics.X-CUBE-FREERTOS.1.3.1
2026-05-09 11:32:12,385 [INFO] ApiDbMcu:532 - Load IP Config File for NUCLEO-C071RB
2026-05-09 11:32:12,445 [INFO] ImportTextPane:234 - (OptionalMessage_ERROR) Pin10 (VP_RIF_VS_RIF1) cannot be retrieved for this MCU
2026-05-09 11:32:12,448 [INFO] ImportTextPane:234 - (OptionalMessage_ERROR) Unable to find key (Mcu.IP6) in loaded IOC file
2026-05-09 11:32:12,448 [INFO] ImportTextPane:234 - (OptionalMessage_ERROR) Unknown IP (dummy)
2026-05-09 11:32:12,632 [WARN] ModelIntegratedComponent:63 - No mode defined for component null
2026-05-09 11:32:12,632 [WARN] ModelIntegratedComponent:63 - No mode defined for component null
2026-05-09 11:32:12,632 [WARN] ModelIntegratedComponent:63 - No mode defined for component null
2026-05-09 11:32:12,632 [WARN] ModelIntegratedComponent:63 - No mode defined for component null
2026-05-09 11:32:12,632 [WARN] ModelIntegratedComponent:63 - No mode defined for component null
2026-05-09 11:32:12,632 [WARN] ModelIntegratedComponent:63 - No mode defined for component null
2026-05-09 11:32:12,632 [WARN] ModelIntegratedComponent:63 - No mode defined for component null
2026-05-09 11:32:12,632 [WARN] ModelIntegratedComponent:63 - No mode defined for component null
2026-05-09 11:32:12,632 [WARN] ModelIntegratedComponent:63 - No mode defined for component null
2026-05-09 11:32:12,632 [WARN] ModelIntegratedComponent:63 - No mode defined for component null
2026-05-09 11:32:12,632 [WARN] ModelIntegratedComponent:63 - No mode defined for component null
2026-05-09 11:32:12,632 [WARN] ModelIntegratedComponent:63 - No mode defined for component null
2026-05-09 11:32:12,632 [WARN] ModelIntegratedComponent:63 - No mode defined for component null
2026-05-09 11:32:12,632 [WARN] ModelIntegratedComponent:63 - No mode defined for component null
2026-05-09 11:32:12,633 [WARN] ModelIntegratedComponent:63 - No mode defined for component null
2026-05-09 11:32:12,633 [WARN] ModelIntegratedComponent:63 - No mode defined for component null
2026-05-09 11:32:12,633 [WARN] ModelIntegratedComponent:63 - No mode defined for component null
2026-05-09 11:32:12,633 [WARN] ModelIntegratedComponent:63 - No mode defined for component null
2026-05-09 11:32:12,633 [WARN] ModelIntegratedComponent:63 - No mode defined for component null
2026-05-09 11:32:12,633 [WARN] ModelIntegratedComponent:63 - No mode defined for component null
2026-05-09 11:32:12,633 [WARN] ModelIntegratedComponent:63 - No mode defined for component null
2026-05-09 11:32:12,633 [WARN] ModelIntegratedComponent:63 - No mode defined for component null
2026-05-09 11:32:12,633 [WARN] ModelIntegratedComponent:63 - No mode defined for component null
2026-05-09 11:32:12,633 [WARN] ModelIntegratedComponent:63 - No mode defined for component null
2026-05-09 11:32:12,633 [WARN] ModelIntegratedComponent:63 - No mode defined for component null
2026-05-09 11:32:12,633 [WARN] ModelIntegratedComponent:63 - No mode defined for component null
2026-05-09 11:32:12,633 [WARN] ModelIntegratedComponent:63 - No mode defined for component null
2026-05-09 11:32:12,633 [WARN] ModelIntegratedComponent:63 - No mode defined for component null
2026-05-09 11:32:12,633 [WARN] ModelIntegratedComponent:63 - No mode defined for component null
2026-05-09 11:32:12,633 [WARN] ModelIntegratedComponent:63 - No mode defined for component null
2026-05-09 11:32:12,633 [WARN] ModelIntegratedComponent:63 - No mode defined for component null
2026-05-09 11:32:12,633 [WARN] ModelIntegratedComponent:63 - No mode defined for component null
2026-05-09 11:32:12,633 [WARN] ModelIntegratedComponent:63 - No mode defined for component null
2026-05-09 11:32:12,633 [WARN] ModelIntegratedComponent:63 - No mode defined for component null
2026-05-09 11:32:12,633 [WARN] ModelIntegratedComponent:63 - No mode defined for component null
2026-05-09 11:32:12,633 [WARN] ModelPack:524 - Component already loaded: STMicroelectronics:HAL Drivers:0.0.0:STMicroelectronics:Device:STMicro_Driver:XSPI:HAL::0.0.1:HAL_XSPI
2026-05-09 11:32:12,638 [INFO] RtosManager:558 - Registered RTOS mode: class=RTOS, group=ThreadX, mode=Core, owner=THREADX
2026-05-09 11:32:12,742 [WARN] IP:2250 - configENABLE_TRUSTZONE not found: check if there is a RefParameter without a condition.
2026-05-09 11:32:12,742 [WARN] IP:2250 - configRUN_FREERTOS_SECURE_ONLY not found: check if there is a RefParameter without a condition.
2026-05-09 11:32:12,743 [WARN] IP:2250 - configLIBRARY_LOWEST_INTERRUPT_PRIORITY not found: check if there is a RefParameter without a condition.
2026-05-09 11:32:12,743 [WARN] IP:2250 - configLIBRARY_MAX_SYSCALL_INTERRUPT_PRIORITY not found: check if there is a RefParameter without a condition.
2026-05-09 11:32:12,745 [WARN] IP:2250 - configENABLE_TRUSTZONE not found: check if there is a RefParameter without a condition.
2026-05-09 11:32:12,745 [WARN] IP:2250 - configRUN_FREERTOS_SECURE_ONLY not found: check if there is a RefParameter without a condition.
2026-05-09 11:32:12,746 [WARN] IP:2250 - configLIBRARY_LOWEST_INTERRUPT_PRIORITY not found: check if there is a RefParameter without a condition.
2026-05-09 11:32:12,746 [WARN] IP:2250 - configLIBRARY_MAX_SYSCALL_INTERRUPT_PRIORITY not found: check if there is a RefParameter without a condition.
2026-05-09 11:32:12,750 [INFO] RtosManager:558 - Registered RTOS mode: class=CMSIS, group=RTOS2, mode=CMSISJjRTOS2, owner=STMicroelectronics.X-CUBE-FREERTOS.1.3.1
2026-05-09 11:32:12,750 [WARN] IP:2250 - configENABLE_TRUSTZONE not found: check if there is a RefParameter without a condition.
2026-05-09 11:32:12,751 [WARN] IP:2250 - configRUN_FREERTOS_SECURE_ONLY not found: check if there is a RefParameter without a condition.
2026-05-09 11:32:12,751 [WARN] IP:2250 - configLIBRARY_LOWEST_INTERRUPT_PRIORITY not found: check if there is a RefParameter without a condition.
2026-05-09 11:32:12,751 [WARN] IP:2250 - configLIBRARY_MAX_SYSCALL_INTERRUPT_PRIORITY not found: check if there is a RefParameter without a condition.
2026-05-09 11:32:12,753 [INFO] RtosManager:558 - Registered RTOS mode: class=CMSIS, group=RTOS2, mode=CMSISJjRTOS2, owner=STMicroelectronics.X-CUBE-FREERTOS.1.3.1
2026-05-09 11:32:12,753 [WARN] IP:2250 - configENABLE_TRUSTZONE not found: check if there is a RefParameter without a condition.
2026-05-09 11:32:12,753 [WARN] IP:2250 - configRUN_FREERTOS_SECURE_ONLY not found: check if there is a RefParameter without a condition.
2026-05-09 11:32:12,754 [WARN] IP:2250 - configLIBRARY_LOWEST_INTERRUPT_PRIORITY not found: check if there is a RefParameter without a condition.
2026-05-09 11:32:12,754 [WARN] IP:2250 - configLIBRARY_MAX_SYSCALL_INTERRUPT_PRIORITY not found: check if there is a RefParameter without a condition.
2026-05-09 11:32:13,116 [INFO] ThirdPartyModel:298 - Start build external matchings
2026-05-09 11:32:13,556 [INFO] ThirdPartyModel:316 - End build external matchings
2026-05-09 11:32:13,578 [INFO] RtosManager:1018 - Current active RTOS is STMicroelectronics.X-CUBE-FREERTOS.1.3.1 [Cortex-M0+NS]
2026-05-09 11:32:13,584 [WARN] IP:2250 - configENABLE_TRUSTZONE not found: check if there is a RefParameter without a condition.
2026-05-09 11:32:13,584 [WARN] IP:2250 - configRUN_FREERTOS_SECURE_ONLY not found: check if there is a RefParameter without a condition.
2026-05-09 11:32:13,585 [WARN] IP:2250 - configLIBRARY_LOWEST_INTERRUPT_PRIORITY not found: check if there is a RefParameter without a condition.
2026-05-09 11:32:13,585 [WARN] IP:2250 - configLIBRARY_MAX_SYSCALL_INTERRUPT_PRIORITY not found: check if there is a RefParameter without a condition.
2026-05-09 11:32:14,087 [INFO] ApiDb:581 - Connected to CubeFinder SQLite database (C:\Users\Asmita Milind Bagad\.stmcufinder\plugins\mcufinder\mcu\cube-finder-db.db)
2026-05-09 11:32:14,163 [INFO] ApiDb:668 - CubeFinder database Data Model version=2.1
2026-05-09 11:32:14,163 [INFO] ApiDb:669 - CubeFinder database Configuration version=3.0.42
2026-05-09 11:32:14,163 [INFO] ApiDb:670 - CubeFinder database generation date=2026-03-11 (1773229989)
2026-05-09 11:32:14,163 [INFO] ApiDb:671 - CubeFinder database FW Pack versions=[FP-ATR-ASTRA1_V2.0.0, FP-SNS-FLIGHT1_V5.1.0, FP-SNS-MOTENV1_V5.1.0, FP-SNS-MOTENVWB1_V1.5.0, FP-SNS-SMARTAG2_V1.2.0, FP-SNS-STBOX1_V2.1.0, STM32Cube_FW_C0_V1.4.0, STM32Cube_FW_F4_V1.28.3, STM32Cube_FW_F7_V1.17.4, STM32Cube_FW_G0_V1.6.3, STM32Cube_FW_G4_V1.6.2, STM32Cube_FW_H5_V1.6.0, STM32Cube_FW_H7RS_V1.3.0, STM32Cube_FW_H7_V1.13.0, STM32Cube_FW_L0_V1.12.2, STM32Cube_FW_L4_V1.18.2, STM32Cube_FW_L5_V1.6.0, STM32Cube_FW_N6_V1.3.0, STM32Cube_FW_U0_V1.3.0, STM32Cube_FW_U3_V1.3.0, STM32Cube_FW_U5_V1.8.0, STM32Cube_FW_WB0_V1.4.0, STM32Cube_FW_WBA_V1.9.0, STM32Cube_FW_WB_V1.24.0, STM32Cube_FW_WL3_V1.4.0, STM32Cube_FW_WL_V1.5.0, X-CUBE-ALGOBUILD_V1.4.0, X-CUBE-ALS_V1.0.2, X-CUBE-AZRTOS-F4_V1.1.0, X-CUBE-AZRTOS-F7_V1.1.0, X-CUBE-AZRTOS-G0_V1.1.0, X-CUBE-AZRTOS-G4_V2.0.0, X-CUBE-AZRTOS-H7RS_V1.1.0, X-CUBE-AZRTOS-H7_V3.4.0, X-CUBE-AZRTOS-L4_V2.0.0, X-CUBE-AZRTOS-L5_V2.0.0, X-CUBE-AZRTOS-WB_V2.0.0, X-CUBE-AZRTOS-WL_V2.0.0, X-CUBE-BLE1_V7.1.0, X-CUBE-BLE2_V3.3.0, X-CUBE-BLEMGR_V4.1.0, X-CUBE-EEPRMA1_V5.2.0, X-CUBE-FREERTOS_V1.5.0, X-CUBE-GNSS1_V6.0.0, X-CUBE-MEMS1_V12.0.0, X-CUBE-NFC4_V3.0.0, X-CUBE-NFC7_V2.0.0, X-CUBE-SFXS2LP1_V4.0.0, X-CUBE-ST67W61_V1.2.0, X-CUBE-SUBG2_V5.0.0, X-CUBE-TOF1_V3.4.3]
2026-05-09 11:32:14,257 [INFO] DbBoardsSqlite:226 - include board P-NUCLEO-WB55-NUCLEO as a kit item of type 'Nucleo-64'
2026-05-09 11:32:14,257 [INFO] DbBoardsSqlite:226 - include board P-NUCLEO-WB55-USBDONGLE as a kit item of type 'Nucleo USB Dongle'
2026-05-09 11:32:14,257 [INFO] DbBoardsSqlite:226 - include board STEVAL-IDP005V1 as a kit item of type 'Evaluation Board'
2026-05-09 11:32:14,257 [INFO] DbBoardsSqlite:226 - include board STEVAL-IDP005V2 as a kit item of type 'Evaluation Board'
2026-05-09 11:32:14,672 [INFO] ApiDb:240 - Found 880 in-development CPN: [B-G473E-ZEST1S, B-WB1M-WPAN1, B-WBA5M-WPAN, B-WL5M-SUBG1, NUCLEO-C031C6, NUCLEO-C051C8, NUCLEO-C071RB, NUCLEO-C092RC, NUCLEO-H503RB, NUCLEO-H533RE, NUCLEO-H563ZI, NUCLEO-H7S3L8, NUCLEO-N657X0-Q, NUCLEO-U031R8, NUCLEO-U083RC, NUCLEO-U385RG-Q, NUCLEO-U545RE-Q, NUCLEO-U5A5ZJ-Q, NUCLEO-WB05KZ, NUCLEO-WB07CC, NUCLEO-WB09KE, NUCLEO-WBA52CG, NUCLEO-WBA55CG, NUCLEO-WL33CC1, NUCLEO-WL33CC2, STEVAL-PROTEUS1, STEVAL-SMARTAG2, STEVAL-STWINBX1, STM320518-EVAL, STM32C0116-DK, STM32C011D6Y3TR, STM32C011D6Y6TR, STM32C011F4P3, STM32C011F4P6, STM32C011F4U3, STM32C011F4U6TR, STM32C011F6P3, STM32C011F6P6, STM32C011F6U3, STM32C011F6U6TR, STM32C011J4M3, STM32C011J4M6, STM32C011J6M3, STM32C011J6M6, STM32C0316-DK, STM32C031C4T3, STM32C031C4T6, STM32C031C4U3, STM32C031C4U6, STM32C031C6T3, STM32C031C6T6, STM32C031C6U3, STM32C031C6U6, STM32C031F4P3, STM32C031F4P6, STM32C031F6P3, STM32C031F6P6, STM32C031G4U3, STM32C031G4U6, STM32C031G6U3, STM32C031G6U6, STM32C031K4T3, STM32C031K4T6, STM32C031K4U3, STM32C031K4U6, STM32C031K6T3, STM32C031K6T6, STM32C031K6U3, STM32C031K6U6, STM32C051C6T6, STM32C051C6U6, STM32C051C8T6, STM32C051C8U6, STM32C051D8Y6TR, STM32C051F6P6, STM32C051F8P6, STM32C051G6U6, STM32C051G8U6, STM32C051K6T6, STM32C051K6U6, STM32C051K8T6, STM32C071C8T6, STM32C071C8T6N, STM32C071C8U6, STM32C071C8U6N, STM32C071CBT6, STM32C071CBT6N, STM32C071CBU6, STM32C071CBU6N, STM32C071F8P6, STM32C071F8P6N, STM32C071FBP6, STM32C071FBP6N, STM32C071FBY6TR, STM32C071G8U6, STM32C071G8U6N, STM32C071GBU6, STM32C071GBU6N, STM32C071K8T6, STM32C071K8T6N, STM32C071K8U6, STM32C071K8U6N, STM32C071KBT6, STM32C071KBT6N, STM32C071KBU6, STM32C071KBU6N, STM32C071R8T6, STM32C071R8T6N, STM32C071RBI6N, STM32C071RBT6, STM32C071RBT6N, STM32C091CBT6, STM32C091CBU6, STM32C091CCT6, STM32C091CCU6, STM32C091ECY6TR, STM32C091FBP6, STM32C091FCP6, STM32C091GBU6, STM32C091GCU6, STM32C091KBT6, STM32C091KBU6, STM32C091KCT6, STM32C091KCU6, STM32C091RBT6, STM32C091RCI6, STM32C091RCT6, STM32C092CBT6, STM32C092CBU6, STM32C092CCT6, STM32C092CCU6, STM32C092ECY6TR, STM32C092FBP6, STM32C092FCP6, STM32C092GBU6, STM32C092GCU6, STM32C092KBT6, STM32C092KBU6, STM32C092KCT6, STM32C092KCU6, STM32C092RBT6, STM32C092RCI6, STM32C092RCT6, STM32G071K8TXN, STM32G071K8UXN, STM32G081GBU6N, STM32G081KBT6N, STM32G081KBUXN, STM32G0B1CCT6N, STM32G0B1KCT6, STM32G0B1NEY6TR, STM32G0B1RCT6N, STM32G0C1CCT6, STM32G0C1CCT6N, STM32G0C1CCU6N, STM32G0C1CET6N, STM32G0C1CEU6N, STM32G0C1KCT6, STM32G0C1NEY6TR, STM32G0C1RCI6N, STM32G0C1RCT6N, STM32G0C1REI6N, STM32G0C1RET6N, STM32G0C1VCI6, STM32G0C1VEI6, STM32G411C6T3, STM32G411C6T6, STM32G411C6U3, STM32G411C6U6, STM32G411C8T3, STM32G411C8T6, STM32G411C8U3, STM32G411C8U6, STM32G411CBT3, STM32G411CBT6, STM32G411CBU3, STM32G411CBU6, STM32G411K6T3, STM32G411K6T6, STM32G411K6U3, STM32G411K6U6, STM32G411K8T3, STM32G411K8T6, STM32G411K8U3, STM32G411K8U6, STM32G411KBT3, STM32G411KBT6, STM32G411KBU3, STM32G411KBU6, STM32G411M6T3, STM32G411M6T6, STM32G411M8T3, STM32G411M8T6, STM32G411MBT3, STM32G411MBT6, STM32G411R6T3, STM32G411R6T6, STM32G411R8T3, STM32G411R8T6, STM32G411RBT3, STM32G411RBT6, STM32G414CBT3, STM32G414CBT6, STM32G414CBU3, STM32G414CBU6, STM32G414CCT3, STM32G414CCT6, STM32G414CCU3, STM32G414CCU6, STM32G414MBT3, STM32G414MBT6, STM32G414MCT3, STM32G414MCT6, STM32G414RBT3, STM32G414RBT6, STM32G414RCT3, STM32G414RCT6, STM32G414VBT3, STM32G414VBT6, STM32G414VCT3, STM32G414VCT6, STM32G431CBT3Z, STM32G431RBT3Z, STM32G471CCT6, STM32G471CCU6, STM32G471CET3, STM32G471CET6, STM32G471CEU3, STM32G471CEU6, STM32G471MCT6, STM32G471MET3, STM32G471MET6, STM32G471MEY6TR, STM32G471QCT6, STM32G471QET3, STM32G471RCT6, STM32G471RET3, STM32G471RET6, STM32G471VCH6, STM32G471VCI6, STM32G471VCT6, STM32G471VEH3, STM32G471VEH6, STM32G471VEI3, STM32G471VEI6, STM32G471VET3, STM32G471VET6, STM32G473QET3Z, STM32G473RET3Z, STM32G474CCT6, STM32G491RET3Z, STM32H503CBT6, STM32H503CBU6, STM32H503EBY6TR, STM32H503KBU6, STM32H503RBT6, STM32H523CCT6, STM32H523CCU6, STM32H523CET6, STM32H523CEU6, STM32H523HEY6TR, STM32H523RCT6, STM32H523RET6, STM32H523VCI6, STM32H523VCT6, STM32H523VEI6, STM32H523VET6, STM32H523ZCJ6, STM32H523ZCT6, STM32H523ZEJ6, STM32H523ZET6, STM32H533CET6, STM32H533CEU6, STM32H533HEY6TR, STM32H533RET6, STM32H533VEI6, STM32H533VET6, STM32H533ZEJ6, STM32H533ZET6, STM32H562AGI6, STM32H562AII6, STM32H562IGK6, STM32H562IGT6, STM32H562IIK6, STM32H562IIT6, STM32H562RGT6, STM32H562RGV6, STM32H562RIT6, STM32H562RIV6, STM32H562VGT6, STM32H562VIT6, STM32H562ZGT6, STM32H562ZIT6, STM32H563AGI6, STM32H563AII3Q, STM32H563AII6, STM32H563IGK6, STM32H563IGT6, STM32H563IIK3Q, STM32H563IIK6, STM32H563IIT3Q, STM32H563IIT6, STM32H563MIY3QTR, STM32H563RGT6, STM32H563RGV6, STM32H563RIT6, STM32H563RIV6, STM32H563VGT6, STM32H563VIT3Q, STM32H563VIT6, STM32H563ZGT6, STM32H563ZIT3Q, STM32H563ZIT6, STM32H573AII3Q, STM32H573AII6, STM32H573I-DK, STM32H573IIK3Q, STM32H573IIK6, STM32H573IIT3Q, STM32H573IIT6, STM32H573MIY3QTR, STM32H573RIT6, STM32H573RIV6, STM32H573VIT3Q, STM32H573VIT6, STM32H573ZIT3Q, STM32H573ZIT6, STM32H7R3A8I6, STM32H7R3I8K6, STM32H7R3I8T6, STM32H7R3L8H6, STM32H7R3L8H6H, STM32H7R3R8V6, STM32H7R3V8H6, STM32H7R3V8T6, STM32H7R3V8Y6TR, STM32H7R3Z8J6, STM32H7R3Z8T6, STM32H7R7A8I6, STM32H7R7I8K6, STM32H7R7I8T6, STM32H7R7L8H6, STM32H7R7L8H6H, STM32H7R7Z8J6, STM32H7S3A8I6, STM32H7S3I8K6, STM32H7S3I8T6, STM32H7S3L8H6, STM32H7S3L8H6H, STM32H7S3R8V6, STM32H7S3V8H6, STM32H7S3V8T6, STM32H7S3V8Y6TR, STM32H7S3Z8J6, STM32H7S3Z8T6, STM32H7S78-DK, STM32H7S7A8I6, STM32H7S7I8K6, STM32H7S7I8T6, STM32H7S7L8H6, STM32H7S7L8H6H, STM32H7S7Z8J6, STM32L4R5QGI6STR, STM32MP131AAE3, STM32MP131AAF3, STM32MP131AAG3, STM32MP131CAE3, STM32MP131CAF3, STM32MP131CAG3, STM32MP131DAE7, STM32MP131DAF7, STM32MP131DAG7, STM32MP131FAE7, STM32MP131FAF7, STM32MP131FAG7, STM32MP133AAE3, STM32MP133AAF3, STM32MP133AAG3, STM32MP133CAE3, STM32MP133CAF3, STM32MP133CAG3, STM32MP133DAE7, STM32MP133DAF7, STM32MP133DAG7, STM32MP133FAE7, STM32MP133FAF7, STM32MP133FAG7, STM32MP135AAE3, STM32MP135AAF3, STM32MP135AAG3, STM32MP135CAE3, STM32MP135CAF3, STM32MP135CAG3, STM32MP135DAE7, STM32MP135DAF7, STM32MP135DAG7, STM32MP135F-DK, STM32MP135FAE7, STM32MP135FAF7, STM32MP135FAF7T, STM32MP135FAF7U, STM32MP135FAG7, STM32MP211AAL3, STM32MP211AAM3, STM32MP211AAN3, STM32MP211AAO3, STM32MP211CAL3, STM32MP211CAM3, STM32MP211CAN3, STM32MP211CAO3, STM32MP211DAL3, STM32MP211DAM3, STM32MP211DAN3, STM32MP211DAO3, STM32MP211FAL3, STM32MP211FAM3, STM32MP211FAN3, STM32MP211FAO3, STM32MP213AAL3, STM32MP213AAM3, STM32MP213AAN3, STM32MP213AAO3, STM32MP213CAL3, STM32MP213CAM3, STM32MP213CAN3, STM32MP213CAO3, STM32MP213DAL3, STM32MP213DAM3, STM32MP213DAN3, STM32MP213DAO3, STM32MP213FAL3, STM32MP213FAM3, STM32MP213FAN3, STM32MP213FAO3, STM32MP215AAL3, STM32MP215AAM3, STM32MP215AAN3, STM32MP215AAO3, STM32MP215CAL3, STM32MP215CAM3, STM32MP215CAN3, STM32MP215CAO3, STM32MP215DAL3, STM32MP215DAM3, STM32MP215DAN3, STM32MP215DAO3, STM32MP215F-DK, STM32MP215FAL3, STM32MP215FAM3, STM32MP215FAN3, STM32MP215FAO3, STM32MP231AAJ3, STM32MP231AAK3, STM32MP231AAL3, STM32MP231CAJ3, STM32MP231CAK3, STM32MP231CAL3, STM32MP231DAJ3, STM32MP231DAK3, STM32MP231DAL3, STM32MP231FAJ3, STM32MP231FAK3, STM32MP231FAL3, STM32MP233AAJ3, STM32MP233AAK3, STM32MP233AAL3, STM32MP233CAJ3, STM32MP233CAK3, STM32MP233CAL3, STM32MP233DAJ3, STM32MP233DAK3, STM32MP233DAL3, STM32MP233FAJ3, STM32MP233FAK3, STM32MP233FAL3, STM32MP235AAJ3, STM32MP235AAK3, STM32MP235AAL3, STM32MP235CAJ3, STM32MP235CAK3, STM32MP235CAL3, STM32MP235DAJ3, STM32MP235DAK3, STM32MP235DAL3, STM32MP235FAJ3, STM32MP235FAK3, STM32MP235FAL3, STM32MP251AAI3, STM32MP251AAK3, STM32MP251AAL3, STM32MP251CAI3, STM32MP251CAK3, STM32MP251CAL3, STM32MP251DAI3, STM32MP251DAK3, STM32MP251DAL3, STM32MP251FAI3, STM32MP251FAK3, STM32MP251FAL3, STM32MP253AAI3, STM32MP253AAK3, STM32MP253AAL3, STM32MP253CAI3, STM32MP253CAK3, STM32MP253CAL3, STM32MP253DAI3, STM32MP253DAK3, STM32MP253DAL3, STM32MP253FAI3, STM32MP253FAK3, STM32MP253FAL3, STM32MP255AAI3, STM32MP255AAK3, STM32MP255AAL3, STM32MP255CAI3, STM32MP255CAK3, STM32MP255CAL3, STM32MP255DAI3, STM32MP255DAK3, STM32MP255DAL3, STM32MP255FAI3, STM32MP255FAK3, STM32MP255FAL3, STM32MP257AAI3, STM32MP257AAK3, STM32MP257AAL3, STM32MP257CAI3, STM32MP257CAK3, STM32MP257CAL3, STM32MP257DAI3, STM32MP257DAK3, STM32MP257DAL3, STM32MP257F-DK, STM32MP257F-EV1, STM32MP257FAI3, STM32MP257FAK3, STM32MP257FAL3, STM32N645A0H3Q, STM32N645B0H3Q, STM32N645I0H3Q, STM32N645L0H3Q, STM32N645X0H3Q, STM32N645Z0H3Q, STM32N647A0H3Q, STM32N647B0H3Q, STM32N647I0H3Q, STM32N647L0H3Q, STM32N647X0H3Q, STM32N647Z0H3Q, STM32N655A0H3Q, STM32N655B0H3Q, STM32N655I0H3Q, STM32N655L0H3Q, STM32N655X0H3Q, STM32N655Z0H3Q, STM32N6570-DK, STM32N657A0H3Q, STM32N657B0H3Q, STM32N657I0H3Q, STM32N657L0H3Q, STM32N657X0H3Q, STM32N657Z0H3Q, STM32U031C6T6, STM32U031C6U6, STM32U031C8T6, STM32U031C8U6, STM32U031F4P6, STM32U031F6P6, STM32U031F8P6, STM32U031G6Y6TR, STM32U031G8Y6TR, STM32U031K4U6, STM32U031K6U6, STM32U031K8U6, STM32U031R6I6, STM32U031R6T6, STM32U031R8I6, STM32U031R8T6, STM32U073C8T6, STM32U073C8U6, STM32U073CBT6, STM32U073CBU6, STM32U073CCT6, STM32U073CCU6, STM32U073H8Y6TR, STM32U073HBY6TR, STM32U073HCY6TR, STM32U073K8U6, STM32U073KBU6, STM32U073KCU6, STM32U073M8I6, STM32U073M8T6, STM32U073MBI6, STM32U073MBT6, STM32U073MCI6, STM32U073MCT6, STM32U073R8I6, STM32U073R8T6, STM32U073RBI6, STM32U073RBT6, STM32U073RCI6, STM32U073RCT6, STM32U083C-DK, STM32U083CCT6, STM32U083CCU6, STM32U083HCY6TR, STM32U083KCU6, STM32U083MCI6, STM32U083MCT6, STM32U083RCI6, STM32U083RCT6, STM32U375CET6, STM32U375CET6Q, STM32U375CEU6, STM32U375CEU6Q, STM32U375CEY6QTR, STM32U375CGT6, STM32U375CGT6Q, STM32U375CGU6, STM32U375CGU6Q, STM32U375CGY6QTR, STM32U375KEU6, STM32U375KGU6, STM32U375REI6, STM32U375REI6Q, STM32U375RET6, STM32U375RET6Q, STM32U375REY6GTR, STM32U375REY6QTR, STM32U375RGI6, STM32U375RGI6Q, STM32U375RGT6, STM32U375RGT6Q, STM32U375RGY6GTR, STM32U375RGY6QTR, STM32U375VEI6, STM32U375VEI6Q, STM32U375VET6, STM32U375VET6Q, STM32U375VGI6, STM32U375VGI6Q, STM32U375VGT6, STM32U375VGT6Q, STM32U385CGT6, STM32U385CGT6Q, STM32U385CGU6, STM32U385CGU6Q, STM32U385CGY6QTR, STM32U385KGU6, STM32U385RGI6, STM32U385RGI6Q, STM32U385RGT6, STM32U385RGT6Q, STM32U385RGY6GTR, STM32U385RGY6QTR, STM32U385VGI6, STM32U385VGI6Q, STM32U385VGT6, STM32U385VGT6Q, STM32U535CBT6, STM32U535CBT6Q, STM32U535CBU6, STM32U535CBU6Q, STM32U535CCT6, STM32U535CCT6Q, STM32U535CCU6, STM32U535CCU6Q, STM32U535CET6, STM32U535CET6Q, STM32U535CEU6, STM32U535CEU6Q, STM32U535JEY6QTR, STM32U535NCY6QTR, STM32U535NEY6QTR, STM32U535RBI6, STM32U535RBI6Q, STM32U535RBT6, STM32U535RBT6Q, STM32U535RCI6, STM32U535RCI6Q, STM32U535RCT6, STM32U535RCT6Q, STM32U535REI6, STM32U535REI6Q, STM32U535RET6, STM32U535RET6Q, STM32U535VCI6, STM32U535VCI6Q, STM32U535VCT6, STM32U535VCT6Q, STM32U535VEI6, STM32U535VEI6Q, STM32U535VET6, STM32U535VET6Q, STM32U545CET6, STM32U545CET6Q, STM32U545CEU6, STM32U545CEU6Q, STM32U545JEY6QTR, STM32U545NEY6QTR, STM32U545REI6, STM32U545REI6Q, STM32U545RET6, STM32U545RET6Q, STM32U545VEI6, STM32U545VEI6Q, STM32U545VET6, STM32U545VET6Q, STM32U595AIH6, STM32U595AIH6Q, STM32U595AJH6, STM32U595AJH6Q, STM32U595QII6, STM32U595QII6Q, STM32U595QJI6, STM32U595QJI6Q, STM32U595RIT6, STM32U595RIT6Q, STM32U595RJT6, STM32U595RJT6Q, STM32U595VIT6, STM32U595VIT6Q, STM32U595VJT6, STM32U595VJT6Q, STM32U595ZIT6, STM32U595ZIT6Q, STM32U595ZIY6QTR, STM32U595ZJT6, STM32U595ZJT6Q, STM32U595ZJY6QTR, STM32U599BJY6QTR, STM32U599NIH6Q, STM32U599NJH6Q, STM32U599VIT6Q, STM32U599VJT6, STM32U599VJT6Q, STM32U599ZIT6Q, STM32U599ZIY6QTR, STM32U599ZJT6Q, STM32U599ZJY6QTR, STM32U5A5AJH6, STM32U5A5AJH6Q, STM32U5A5QII3Q , STM32U5A5QJI6, STM32U5A5QJI6Q, STM32U5A5RJT6, STM32U5A5RJT6Q, STM32U5A5VJT6, STM32U5A5VJT6Q, STM32U5A5ZJT6, STM32U5A5ZJT6Q, STM32U5A5ZJY6QTR, STM32U5A9BJY6QTR, STM32U5A9J-DK, STM32U5A9NJH6Q, STM32U5A9VJT6Q, STM32U5A9ZJT6Q, STM32U5A9ZJY6QTR, STM32U5F7VIT6, STM32U5F7VIT6Q, STM32U5F7VJT6, STM32U5F7VJT6Q, STM32U5F9BJY6QTR, STM32U5F9NJH6Q, STM32U5F9VIT6Q, STM32U5F9VJT6Q, STM32U5F9ZIJ6QTR, STM32U5F9ZIT6Q, STM32U5F9ZJJ6QTR, STM32U5F9ZJT6Q, STM32U5G7VJT6, STM32U5G7VJT6Q, STM32U5G9BJY6QTR, STM32U5G9J-DK1, STM32U5G9J-DK2, STM32U5G9NJH6Q, STM32U5G9VJT6Q, STM32U5G9ZJJ6QTR, STM32U5G9ZJT6Q, STM32WB05KZV6TR, STM32WB05KZV7TR, STM32WB05TZF6TR, STM32WB05TZF7TR, STM32WB06CCF6TR, STM32WB06CCF7TR, STM32WB06CCV6TR, STM32WB06CCV7TR, STM32WB06KCV6TR, STM32WB06KCV7TR, STM32WB07CCF6TR, STM32WB07CCF7TR, STM32WB07CCV6TR, STM32WB07CCV7TR, STM32WB07KCV6TR, STM32WB07KCV7TR, STM32WB09KEV6TR, STM32WB09KEV7TR, STM32WB09TEF6TR, STM32WB09TEF7TR, STM32WB1MMCH6, STM32WBA50KGU6, STM32WBA50KGU6TR, STM32WBA52CEU6, STM32WBA52CEU6TR, STM32WBA52CEU7, STM32WBA52CEU7TR, STM32WBA52CGU6, STM32WBA52CGU6TR, STM32WBA52CGU6U, STM32WBA52CGU7, STM32WBA52CGU7TR, STM32WBA52KEU6, STM32WBA52KEU6TR, STM32WBA52KGU6, STM32WBA52KGU6TR, STM32WBA54CEU6, STM32WBA54CEU6TR, STM32WBA54CEU7, STM32WBA54CEU7TR, STM32WBA54CGU6, STM32WBA54CGU6TR, STM32WBA54CGU7, STM32WBA54CGU7TR, STM32WBA54KEU6, STM32WBA54KEU6TR, STM32WBA54KEU7, STM32WBA54KEU7TR, STM32WBA54KGU6, STM32WBA54KGU6TR, STM32WBA54KGU7, STM32WBA54KGU7TR, STM32WBA55CEU6, STM32WBA55CEU6TR, STM32WBA55CEU7, STM32WBA55CEU7TR, STM32WBA55CGU6, STM32WBA55CGU6TR, STM32WBA55CGU6U, STM32WBA55CGU7, STM32WBA55CGU7TR, STM32WBA55G-DK1, STM32WBA55HEF6, STM32WBA55HEF7, STM32WBA55HGF6, STM32WBA55HGF7, STM32WBA55UEI6, STM32WBA55UEI6TR, STM32WBA55UEI7, STM32WBA55UEI7TR, STM32WBA55UGI6, STM32WBA55UGI6TR, STM32WBA55UGI7, STM32WBA55UGI7TR, STM32WBA5MMGH6TR, STM32WBA62MGF6, STM32WBA62MIF6, STM32WBA65MGF7, STM32WBA65MIF6, STM32WBA65MIF7, STM32WL30K8V6, STM32WL30KBV6, STM32WL31C8V6, STM32WL31CBV6, STM32WL31K8V6, STM32WL31KBV6, STM32WL33C8V6, STM32WL33C8V6X, STM32WL33CBV6, STM32WL33CBV6X, STM32WL33CCV6, STM32WL33CCV6A, STM32WL33CCV6X, STM32WL33K8V7, STM32WL33K8V7X, STM32WL33KBV7 , STM32WL33KBV7X, STM32WL33KCV7, STM32WL33KCV7X, STM32WL5MOCH6, STM32WL5MOCH6TR]
2026-05-09 11:32:14,676 [INFO] ApiDb:668 - CubeFinder database Data Model version=2.1
2026-05-09 11:32:14,676 [INFO] ApiDb:669 - CubeFinder database Configuration version=3.0.42
2026-05-09 11:32:14,676 [INFO] ApiDb:670 - CubeFinder database generation date=2026-03-11 (1773229989)
2026-05-09 11:32:14,676 [INFO] ApiDb:671 - CubeFinder database FW Pack versions=[FP-ATR-ASTRA1_V2.0.0, FP-SNS-FLIGHT1_V5.1.0, FP-SNS-MOTENV1_V5.1.0, FP-SNS-MOTENVWB1_V1.5.0, FP-SNS-SMARTAG2_V1.2.0, FP-SNS-STBOX1_V2.1.0, STM32Cube_FW_C0_V1.4.0, STM32Cube_FW_F4_V1.28.3, STM32Cube_FW_F7_V1.17.4, STM32Cube_FW_G0_V1.6.3, STM32Cube_FW_G4_V1.6.2, STM32Cube_FW_H5_V1.6.0, STM32Cube_FW_H7RS_V1.3.0, STM32Cube_FW_H7_V1.13.0, STM32Cube_FW_L0_V1.12.2, STM32Cube_FW_L4_V1.18.2, STM32Cube_FW_L5_V1.6.0, STM32Cube_FW_N6_V1.3.0, STM32Cube_FW_U0_V1.3.0, STM32Cube_FW_U3_V1.3.0, STM32Cube_FW_U5_V1.8.0, STM32Cube_FW_WB0_V1.4.0, STM32Cube_FW_WBA_V1.9.0, STM32Cube_FW_WB_V1.24.0, STM32Cube_FW_WL3_V1.4.0, STM32Cube_FW_WL_V1.5.0, X-CUBE-ALGOBUILD_V1.4.0, X-CUBE-ALS_V1.0.2, X-CUBE-AZRTOS-F4_V1.1.0, X-CUBE-AZRTOS-F7_V1.1.0, X-CUBE-AZRTOS-G0_V1.1.0, X-CUBE-AZRTOS-G4_V2.0.0, X-CUBE-AZRTOS-H7RS_V1.1.0, X-CUBE-AZRTOS-H7_V3.4.0, X-CUBE-AZRTOS-L4_V2.0.0, X-CUBE-AZRTOS-L5_V2.0.0, X-CUBE-AZRTOS-WB_V2.0.0, X-CUBE-AZRTOS-WL_V2.0.0, X-CUBE-BLE1_V7.1.0, X-CUBE-BLE2_V3.3.0, X-CUBE-BLEMGR_V4.1.0, X-CUBE-EEPRMA1_V5.2.0, X-CUBE-FREERTOS_V1.5.0, X-CUBE-GNSS1_V6.0.0, X-CUBE-MEMS1_V12.0.0, X-CUBE-NFC4_V3.0.0, X-CUBE-NFC7_V2.0.0, X-CUBE-SFXS2LP1_V4.0.0, X-CUBE-ST67W61_V1.2.0, X-CUBE-SUBG2_V5.0.0, X-CUBE-TOF1_V3.4.3]
2026-05-09 11:32:16,769 [INFO] ApiDb:240 - Found 880 in-development CPN: [B-G473E-ZEST1S, B-WB1M-WPAN1, B-WBA5M-WPAN, B-WL5M-SUBG1, NUCLEO-C031C6, NUCLEO-C051C8, NUCLEO-C071RB, NUCLEO-C092RC, NUCLEO-H503RB, NUCLEO-H533RE, NUCLEO-H563ZI, NUCLEO-H7S3L8, NUCLEO-N657X0-Q, NUCLEO-U031R8, NUCLEO-U083RC, NUCLEO-U385RG-Q, NUCLEO-U545RE-Q, NUCLEO-U5A5ZJ-Q, NUCLEO-WB05KZ, NUCLEO-WB07CC, NUCLEO-WB09KE, NUCLEO-WBA52CG, NUCLEO-WBA55CG, NUCLEO-WL33CC1, NUCLEO-WL33CC2, STEVAL-PROTEUS1, STEVAL-SMARTAG2, STEVAL-STWINBX1, STM320518-EVAL, STM32C0116-DK, STM32C011D6Y3TR, STM32C011D6Y6TR, STM32C011F4P3, STM32C011F4P6, STM32C011F4U3, STM32C011F4U6TR, STM32C011F6P3, STM32C011F6P6, STM32C011F6U3, STM32C011F6U6TR, STM32C011J4M3, STM32C011J4M6, STM32C011J6M3, STM32C011J6M6, STM32C0316-DK, STM32C031C4T3, STM32C031C4T6, STM32C031C4U3, STM32C031C4U6, STM32C031C6T3, STM32C031C6T6, STM32C031C6U3, STM32C031C6U6, STM32C031F4P3, STM32C031F4P6, STM32C031F6P3, STM32C031F6P6, STM32C031G4U3, STM32C031G4U6, STM32C031G6U3, STM32C031G6U6, STM32C031K4T3, STM32C031K4T6, STM32C031K4U3, STM32C031K4U6, STM32C031K6T3, STM32C031K6T6, STM32C031K6U3, STM32C031K6U6, STM32C051C6T6, STM32C051C6U6, STM32C051C8T6, STM32C051C8U6, STM32C051D8Y6TR, STM32C051F6P6, STM32C051F8P6, STM32C051G6U6, STM32C051G8U6, STM32C051K6T6, STM32C051K6U6, STM32C051K8T6, STM32C071C8T6, STM32C071C8T6N, STM32C071C8U6, STM32C071C8U6N, STM32C071CBT6, STM32C071CBT6N, STM32C071CBU6, STM32C071CBU6N, STM32C071F8P6, STM32C071F8P6N, STM32C071FBP6, STM32C071FBP6N, STM32C071FBY6TR, STM32C071G8U6, STM32C071G8U6N, STM32C071GBU6, STM32C071GBU6N, STM32C071K8T6, STM32C071K8T6N, STM32C071K8U6, STM32C071K8U6N, STM32C071KBT6, STM32C071KBT6N, STM32C071KBU6, STM32C071KBU6N, STM32C071R8T6, STM32C071R8T6N, STM32C071RBI6N, STM32C071RBT6, STM32C071RBT6N, STM32C091CBT6, STM32C091CBU6, STM32C091CCT6, STM32C091CCU6, STM32C091ECY6TR, STM32C091FBP6, STM32C091FCP6, STM32C091GBU6, STM32C091GCU6, STM32C091KBT6, STM32C091KBU6, STM32C091KCT6, STM32C091KCU6, STM32C091RBT6, STM32C091RCI6, STM32C091RCT6, STM32C092CBT6, STM32C092CBU6, STM32C092CCT6, STM32C092CCU6, STM32C092ECY6TR, STM32C092FBP6, STM32C092FCP6, STM32C092GBU6, STM32C092GCU6, STM32C092KBT6, STM32C092KBU6, STM32C092KCT6, STM32C092KCU6, STM32C092RBT6, STM32C092RCI6, STM32C092RCT6, STM32G071K8TXN, STM32G071K8UXN, STM32G081GBU6N, STM32G081KBT6N, STM32G081KBUXN, STM32G0B1CCT6N, STM32G0B1KCT6, STM32G0B1NEY6TR, STM32G0B1RCT6N, STM32G0C1CCT6, STM32G0C1CCT6N, STM32G0C1CCU6N, STM32G0C1CET6N, STM32G0C1CEU6N, STM32G0C1KCT6, STM32G0C1NEY6TR, STM32G0C1RCI6N, STM32G0C1RCT6N, STM32G0C1REI6N, STM32G0C1RET6N, STM32G0C1VCI6, STM32G0C1VEI6, STM32G411C6T3, STM32G411C6T6, STM32G411C6U3, STM32G411C6U6, STM32G411C8T3, STM32G411C8T6, STM32G411C8U3, STM32G411C8U6, STM32G411CBT3, STM32G411CBT6, STM32G411CBU3, STM32G411CBU6, STM32G411K6T3, STM32G411K6T6, STM32G411K6U3, STM32G411K6U6, STM32G411K8T3, STM32G411K8T6, STM32G411K8U3, STM32G411K8U6, STM32G411KBT3, STM32G411KBT6, STM32G411KBU3, STM32G411KBU6, STM32G411M6T3, STM32G411M6T6, STM32G411M8T3, STM32G411M8T6, STM32G411MBT3, STM32G411MBT6, STM32G411R6T3, STM32G411R6T6, STM32G411R8T3, STM32G411R8T6, STM32G411RBT3, STM32G411RBT6, STM32G414CBT3, STM32G414CBT6, STM32G414CBU3, STM32G414CBU6, STM32G414CCT3, STM32G414CCT6, STM32G414CCU3, STM32G414CCU6, STM32G414MBT3, STM32G414MBT6, STM32G414MCT3, STM32G414MCT6, STM32G414RBT3, STM32G414RBT6, STM32G414RCT3, STM32G414RCT6, STM32G414VBT3, STM32G414VBT6, STM32G414VCT3, STM32G414VCT6, STM32G431CBT3Z, STM32G431RBT3Z, STM32G471CCT6, STM32G471CCU6, STM32G471CET3, STM32G471CET6, STM32G471CEU3, STM32G471CEU6, STM32G471MCT6, STM32G471MET3, STM32G471MET6, STM32G471MEY6TR, STM32G471QCT6, STM32G471QET3, STM32G471RCT6, STM32G471RET3, STM32G471RET6, STM32G471VCH6, STM32G471VCI6, STM32G471VCT6, STM32G471VEH3, STM32G471VEH6, STM32G471VEI3, STM32G471VEI6, STM32G471VET3, STM32G471VET6, STM32G473QET3Z, STM32G473RET3Z, STM32G474CCT6, STM32G491RET3Z, STM32H503CBT6, STM32H503CBU6, STM32H503EBY6TR, STM32H503KBU6, STM32H503RBT6, STM32H523CCT6, STM32H523CCU6, STM32H523CET6, STM32H523CEU6, STM32H523HEY6TR, STM32H523RCT6, STM32H523RET6, STM32H523VCI6, STM32H523VCT6, STM32H523VEI6, STM32H523VET6, STM32H523ZCJ6, STM32H523ZCT6, STM32H523ZEJ6, STM32H523ZET6, STM32H533CET6, STM32H533CEU6, STM32H533HEY6TR, STM32H533RET6, STM32H533VEI6, STM32H533VET6, STM32H533ZEJ6, STM32H533ZET6, STM32H562AGI6, STM32H562AII6, STM32H562IGK6, STM32H562IGT6, STM32H562IIK6, STM32H562IIT6, STM32H562RGT6, STM32H562RGV6, STM32H562RIT6, STM32H562RIV6, STM32H562VGT6, STM32H562VIT6, STM32H562ZGT6, STM32H562ZIT6, STM32H563AGI6, STM32H563AII3Q, STM32H563AII6, STM32H563IGK6, STM32H563IGT6, STM32H563IIK3Q, STM32H563IIK6, STM32H563IIT3Q, STM32H563IIT6, STM32H563MIY3QTR, STM32H563RGT6, STM32H563RGV6, STM32H563RIT6, STM32H563RIV6, STM32H563VGT6, STM32H563VIT3Q, STM32H563VIT6, STM32H563ZGT6, STM32H563ZIT3Q, STM32H563ZIT6, STM32H573AII3Q, STM32H573AII6, STM32H573I-DK, STM32H573IIK3Q, STM32H573IIK6, STM32H573IIT3Q, STM32H573IIT6, STM32H573MIY3QTR, STM32H573RIT6, STM32H573RIV6, STM32H573VIT3Q, STM32H573VIT6, STM32H573ZIT3Q, STM32H573ZIT6, STM32H7R3A8I6, STM32H7R3I8K6, STM32H7R3I8T6, STM32H7R3L8H6, STM32H7R3L8H6H, STM32H7R3R8V6, STM32H7R3V8H6, STM32H7R3V8T6, STM32H7R3V8Y6TR, STM32H7R3Z8J6, STM32H7R3Z8T6, STM32H7R7A8I6, STM32H7R7I8K6, STM32H7R7I8T6, STM32H7R7L8H6, STM32H7R7L8H6H, STM32H7R7Z8J6, STM32H7S3A8I6, STM32H7S3I8K6, STM32H7S3I8T6, STM32H7S3L8H6, STM32H7S3L8H6H, STM32H7S3R8V6, STM32H7S3V8H6, STM32H7S3V8T6, STM32H7S3V8Y6TR, STM32H7S3Z8J6, STM32H7S3Z8T6, STM32H7S78-DK, STM32H7S7A8I6, STM32H7S7I8K6, STM32H7S7I8T6, STM32H7S7L8H6, STM32H7S7L8H6H, STM32H7S7Z8J6, STM32L4R5QGI6STR, STM32MP131AAE3, STM32MP131AAF3, STM32MP131AAG3, STM32MP131CAE3, STM32MP131CAF3, STM32MP131CAG3, STM32MP131DAE7, STM32MP131DAF7, STM32MP131DAG7, STM32MP131FAE7, STM32MP131FAF7, STM32MP131FAG7, STM32MP133AAE3, STM32MP133AAF3, STM32MP133AAG3, STM32MP133CAE3, STM32MP133CAF3, STM32MP133CAG3, STM32MP133DAE7, STM32MP133DAF7, STM32MP133DAG7, STM32MP133FAE7, STM32MP133FAF7, STM32MP133FAG7, STM32MP135AAE3, STM32MP135AAF3, STM32MP135AAG3, STM32MP135CAE3, STM32MP135CAF3, STM32MP135CAG3, STM32MP135DAE7, STM32MP135DAF7, STM32MP135DAG7, STM32MP135F-DK, STM32MP135FAE7, STM32MP135FAF7, STM32MP135FAF7T, STM32MP135FAF7U, STM32MP135FAG7, STM32MP211AAL3, STM32MP211AAM3, STM32MP211AAN3, STM32MP211AAO3, STM32MP211CAL3, STM32MP211CAM3, STM32MP211CAN3, STM32MP211CAO3, STM32MP211DAL3, STM32MP211DAM3, STM32MP211DAN3, STM32MP211DAO3, STM32MP211FAL3, STM32MP211FAM3, STM32MP211FAN3, STM32MP211FAO3, STM32MP213AAL3, STM32MP213AAM3, STM32MP213AAN3, STM32MP213AAO3, STM32MP213CAL3, STM32MP213CAM3, STM32MP213CAN3, STM32MP213CAO3, STM32MP213DAL3, STM32MP213DAM3, STM32MP213DAN3, STM32MP213DAO3, STM32MP213FAL3, STM32MP213FAM3, STM32MP213FAN3, STM32MP213FAO3, STM32MP215AAL3, STM32MP215AAM3, STM32MP215AAN3, STM32MP215AAO3, STM32MP215CAL3, STM32MP215CAM3, STM32MP215CAN3, STM32MP215CAO3, STM32MP215DAL3, STM32MP215DAM3, STM32MP215DAN3, STM32MP215DAO3, STM32MP215F-DK, STM32MP215FAL3, STM32MP215FAM3, STM32MP215FAN3, STM32MP215FAO3, STM32MP231AAJ3, STM32MP231AAK3, STM32MP231AAL3, STM32MP231CAJ3, STM32MP231CAK3, STM32MP231CAL3, STM32MP231DAJ3, STM32MP231DAK3, STM32MP231DAL3, STM32MP231FAJ3, STM32MP231FAK3, STM32MP231FAL3, STM32MP233AAJ3, STM32MP233AAK3, STM32MP233AAL3, STM32MP233CAJ3, STM32MP233CAK3, STM32MP233CAL3, STM32MP233DAJ3, STM32MP233DAK3, STM32MP233DAL3, STM32MP233FAJ3, STM32MP233FAK3, STM32MP233FAL3, STM32MP235AAJ3, STM32MP235AAK3, STM32MP235AAL3, STM32MP235CAJ3, STM32MP235CAK3, STM32MP235CAL3, STM32MP235DAJ3, STM32MP235DAK3, STM32MP235DAL3, STM32MP235FAJ3, STM32MP235FAK3, STM32MP235FAL3, STM32MP251AAI3, STM32MP251AAK3, STM32MP251AAL3, STM32MP251CAI3, STM32MP251CAK3, STM32MP251CAL3, STM32MP251DAI3, STM32MP251DAK3, STM32MP251DAL3, STM32MP251FAI3, STM32MP251FAK3, STM32MP251FAL3, STM32MP253AAI3, STM32MP253AAK3, STM32MP253AAL3, STM32MP253CAI3, STM32MP253CAK3, STM32MP253CAL3, STM32MP253DAI3, STM32MP253DAK3, STM32MP253DAL3, STM32MP253FAI3, STM32MP253FAK3, STM32MP253FAL3, STM32MP255AAI3, STM32MP255AAK3, STM32MP255AAL3, STM32MP255CAI3, STM32MP255CAK3, STM32MP255CAL3, STM32MP255DAI3, STM32MP255DAK3, STM32MP255DAL3, STM32MP255FAI3, STM32MP255FAK3, STM32MP255FAL3, STM32MP257AAI3, STM32MP257AAK3, STM32MP257AAL3, STM32MP257CAI3, STM32MP257CAK3, STM32MP257CAL3, STM32MP257DAI3, STM32MP257DAK3, STM32MP257DAL3, STM32MP257F-DK, STM32MP257F-EV1, STM32MP257FAI3, STM32MP257FAK3, STM32MP257FAL3, STM32N645A0H3Q, STM32N645B0H3Q, STM32N645I0H3Q, STM32N645L0H3Q, STM32N645X0H3Q, STM32N645Z0H3Q, STM32N647A0H3Q, STM32N647B0H3Q, STM32N647I0H3Q, STM32N647L0H3Q, STM32N647X0H3Q, STM32N647Z0H3Q, STM32N655A0H3Q, STM32N655B0H3Q, STM32N655I0H3Q, STM32N655L0H3Q, STM32N655X0H3Q, STM32N655Z0H3Q, STM32N6570-DK, STM32N657A0H3Q, STM32N657B0H3Q, STM32N657I0H3Q, STM32N657L0H3Q, STM32N657X0H3Q, STM32N657Z0H3Q, STM32U031C6T6, STM32U031C6U6, STM32U031C8T6, STM32U031C8U6, STM32U031F4P6, STM32U031F6P6, STM32U031F8P6, STM32U031G6Y6TR, STM32U031G8Y6TR, STM32U031K4U6, STM32U031K6U6, STM32U031K8U6, STM32U031R6I6, STM32U031R6T6, STM32U031R8I6, STM32U031R8T6, STM32U073C8T6, STM32U073C8U6, STM32U073CBT6, STM32U073CBU6, STM32U073CCT6, STM32U073CCU6, STM32U073H8Y6TR, STM32U073HBY6TR, STM32U073HCY6TR, STM32U073K8U6, STM32U073KBU6, STM32U073KCU6, STM32U073M8I6, STM32U073M8T6, STM32U073MBI6, STM32U073MBT6, STM32U073MCI6, STM32U073MCT6, STM32U073R8I6, STM32U073R8T6, STM32U073RBI6, STM32U073RBT6, STM32U073RCI6, STM32U073RCT6, STM32U083C-DK, STM32U083CCT6, STM32U083CCU6, STM32U083HCY6TR, STM32U083KCU6, STM32U083MCI6, STM32U083MCT6, STM32U083RCI6, STM32U083RCT6, STM32U375CET6, STM32U375CET6Q, STM32U375CEU6, STM32U375CEU6Q, STM32U375CEY6QTR, STM32U375CGT6, STM32U375CGT6Q, STM32U375CGU6, STM32U375CGU6Q, STM32U375CGY6QTR, STM32U375KEU6, STM32U375KGU6, STM32U375REI6, STM32U375REI6Q, STM32U375RET6, STM32U375RET6Q, STM32U375REY6GTR, STM32U375REY6QTR, STM32U375RGI6, STM32U375RGI6Q, STM32U375RGT6, STM32U375RGT6Q, STM32U375RGY6GTR, STM32U375RGY6QTR, STM32U375VEI6, STM32U375VEI6Q, STM32U375VET6, STM32U375VET6Q, STM32U375VGI6, STM32U375VGI6Q, STM32U375VGT6, STM32U375VGT6Q, STM32U385CGT6, STM32U385CGT6Q, STM32U385CGU6, STM32U385CGU6Q, STM32U385CGY6QTR, STM32U385KGU6, STM32U385RGI6, STM32U385RGI6Q, STM32U385RGT6, STM32U385RGT6Q, STM32U385RGY6GTR, STM32U385RGY6QTR, STM32U385VGI6, STM32U385VGI6Q, STM32U385VGT6, STM32U385VGT6Q, STM32U535CBT6, STM32U535CBT6Q, STM32U535CBU6, STM32U535CBU6Q, STM32U535CCT6, STM32U535CCT6Q, STM32U535CCU6, STM32U535CCU6Q, STM32U535CET6, STM32U535CET6Q, STM32U535CEU6, STM32U535CEU6Q, STM32U535JEY6QTR, STM32U535NCY6QTR, STM32U535NEY6QTR, STM32U535RBI6, STM32U535RBI6Q, STM32U535RBT6, STM32U535RBT6Q, STM32U535RCI6, STM32U535RCI6Q, STM32U535RCT6, STM32U535RCT6Q, STM32U535REI6, STM32U535REI6Q, STM32U535RET6, STM32U535RET6Q, STM32U535VCI6, STM32U535VCI6Q, STM32U535VCT6, STM32U535VCT6Q, STM32U535VEI6, STM32U535VEI6Q, STM32U535VET6, STM32U535VET6Q, STM32U545CET6, STM32U545CET6Q, STM32U545CEU6, STM32U545CEU6Q, STM32U545JEY6QTR, STM32U545NEY6QTR, STM32U545REI6, STM32U545REI6Q, STM32U545RET6, STM32U545RET6Q, STM32U545VEI6, STM32U545VEI6Q, STM32U545VET6, STM32U545VET6Q, STM32U595AIH6, STM32U595AIH6Q, STM32U595AJH6, STM32U595AJH6Q, STM32U595QII6, STM32U595QII6Q, STM32U595QJI6, STM32U595QJI6Q, STM32U595RIT6, STM32U595RIT6Q, STM32U595RJT6, STM32U595RJT6Q, STM32U595VIT6, STM32U595VIT6Q, STM32U595VJT6, STM32U595VJT6Q, STM32U595ZIT6, STM32U595ZIT6Q, STM32U595ZIY6QTR, STM32U595ZJT6, STM32U595ZJT6Q, STM32U595ZJY6QTR, STM32U599BJY6QTR, STM32U599NIH6Q, STM32U599NJH6Q, STM32U599VIT6Q, STM32U599VJT6, STM32U599VJT6Q, STM32U599ZIT6Q, STM32U599ZIY6QTR, STM32U599ZJT6Q, STM32U599ZJY6QTR, STM32U5A5AJH6, STM32U5A5AJH6Q, STM32U5A5QII3Q , STM32U5A5QJI6, STM32U5A5QJI6Q, STM32U5A5RJT6, STM32U5A5RJT6Q, STM32U5A5VJT6, STM32U5A5VJT6Q, STM32U5A5ZJT6, STM32U5A5ZJT6Q, STM32U5A5ZJY6QTR, STM32U5A9BJY6QTR, STM32U5A9J-DK, STM32U5A9NJH6Q, STM32U5A9VJT6Q, STM32U5A9ZJT6Q, STM32U5A9ZJY6QTR, STM32U5F7VIT6, STM32U5F7VIT6Q, STM32U5F7VJT6, STM32U5F7VJT6Q, STM32U5F9BJY6QTR, STM32U5F9NJH6Q, STM32U5F9VIT6Q, STM32U5F9VJT6Q, STM32U5F9ZIJ6QTR, STM32U5F9ZIT6Q, STM32U5F9ZJJ6QTR, STM32U5F9ZJT6Q, STM32U5G7VJT6, STM32U5G7VJT6Q, STM32U5G9BJY6QTR, STM32U5G9J-DK1, STM32U5G9J-DK2, STM32U5G9NJH6Q, STM32U5G9VJT6Q, STM32U5G9ZJJ6QTR, STM32U5G9ZJT6Q, STM32WB05KZV6TR, STM32WB05KZV7TR, STM32WB05TZF6TR, STM32WB05TZF7TR, STM32WB06CCF6TR, STM32WB06CCF7TR, STM32WB06CCV6TR, STM32WB06CCV7TR, STM32WB06KCV6TR, STM32WB06KCV7TR, STM32WB07CCF6TR, STM32WB07CCF7TR, STM32WB07CCV6TR, STM32WB07CCV7TR, STM32WB07KCV6TR, STM32WB07KCV7TR, STM32WB09KEV6TR, STM32WB09KEV7TR, STM32WB09TEF6TR, STM32WB09TEF7TR, STM32WB1MMCH6, STM32WBA50KGU6, STM32WBA50KGU6TR, STM32WBA52CEU6, STM32WBA52CEU6TR, STM32WBA52CEU7, STM32WBA52CEU7TR, STM32WBA52CGU6, STM32WBA52CGU6TR, STM32WBA52CGU6U, STM32WBA52CGU7, STM32WBA52CGU7TR, STM32WBA52KEU6, STM32WBA52KEU6TR, STM32WBA52KGU6, STM32WBA52KGU6TR, STM32WBA54CEU6, STM32WBA54CEU6TR, STM32WBA54CEU7, STM32WBA54CEU7TR, STM32WBA54CGU6, STM32WBA54CGU6TR, STM32WBA54CGU7, STM32WBA54CGU7TR, STM32WBA54KEU6, STM32WBA54KEU6TR, STM32WBA54KEU7, STM32WBA54KEU7TR, STM32WBA54KGU6, STM32WBA54KGU6TR, STM32WBA54KGU7, STM32WBA54KGU7TR, STM32WBA55CEU6, STM32WBA55CEU6TR, STM32WBA55CEU7, STM32WBA55CEU7TR, STM32WBA55CGU6, STM32WBA55CGU6TR, STM32WBA55CGU6U, STM32WBA55CGU7, STM32WBA55CGU7TR, STM32WBA55G-DK1, STM32WBA55HEF6, STM32WBA55HEF7, STM32WBA55HGF6, STM32WBA55HGF7, STM32WBA55UEI6, STM32WBA55UEI6TR, STM32WBA55UEI7, STM32WBA55UEI7TR, STM32WBA55UGI6, STM32WBA55UGI6TR, STM32WBA55UGI7, STM32WBA55UGI7TR, STM32WBA5MMGH6TR, STM32WBA62MGF6, STM32WBA62MIF6, STM32WBA65MGF7, STM32WBA65MIF6, STM32WBA65MIF7, STM32WL30K8V6, STM32WL30KBV6, STM32WL31C8V6, STM32WL31CBV6, STM32WL31K8V6, STM32WL31KBV6, STM32WL33C8V6, STM32WL33C8V6X, STM32WL33CBV6, STM32WL33CBV6X, STM32WL33CCV6, STM32WL33CCV6A, STM32WL33CCV6X, STM32WL33K8V7, STM32WL33K8V7X, STM32WL33KBV7 , STM32WL33KBV7X, STM32WL33KCV7, STM32WL33KCV7X, STM32WL5MOCH6, STM32WL5MOCH6TR]
2026-05-09 11:32:16,774 [INFO] DbMcus:218 - Found 5055 MCUs, 4968 are supported
2026-05-09 11:32:16,776 [INFO] ApiDb:423 - Load user favorites file C:\Users\Asmita Milind Bagad/.stm32cubeide/favorites.mcus.txt: 0 item(s)
2026-05-09 11:32:16,776 [INFO] ApiDb:427 - User favorites MCUs=[]
2026-05-09 11:32:16,776 [INFO] DbMcus:224 - Set 0 / 0 favorites MCUs
2026-05-09 11:32:17,150 [INFO] BoardInfo:889 - No configuration file found for board NUCLEO-H5E5ZJ
2026-05-09 11:32:17,151 [INFO] DbBoards:161 - Board is not supported: NUCLEO-H5E5ZJ
2026-05-09 11:32:17,201 [INFO] BoardInfo:889 - No configuration file found for board NUCLEO-U3C5ZI-Q
2026-05-09 11:32:17,201 [INFO] DbBoards:161 - Board is not supported: NUCLEO-U3C5ZI-Q
2026-05-09 11:32:17,215 [INFO] BoardInfo:889 - No configuration file found for board NUCLEO-WBA25CE1
2026-05-09 11:32:17,216 [INFO] DbBoards:161 - Board is not supported: NUCLEO-WBA25CE1
2026-05-09 11:32:17,225 [INFO] BoardInfo:889 - No configuration file found for board NUCLEO-WL3RKB1
2026-05-09 11:32:17,225 [INFO] DbBoards:161 - Board is not supported: NUCLEO-WL3RKB1
2026-05-09 11:32:17,226 [INFO] BoardInfo:889 - No configuration file found for board NUCLEO-WL3RKB2
2026-05-09 11:32:17,227 [INFO] DbBoards:161 - Board is not supported: NUCLEO-WL3RKB2
2026-05-09 11:32:17,232 [INFO] BoardInfo:889 - No configuration file found for board P-NUCLEO-WB55
2026-05-09 11:32:17,233 [INFO] DbBoards:161 - Kit is not supported: P-NUCLEO-WB55
2026-05-09 11:32:17,236 [INFO] BoardInfo:889 - No configuration file found for board STEVAL-BFA001V1B
2026-05-09 11:32:17,236 [INFO] DbBoards:161 - Kit is not supported: STEVAL-BFA001V1B
2026-05-09 11:32:17,237 [INFO] BoardInfo:889 - No configuration file found for board STEVAL-BFA001V2B
2026-05-09 11:32:17,237 [INFO] DbBoards:161 - Kit is not supported: STEVAL-BFA001V2B
2026-05-09 11:32:17,285 [INFO] BoardInfo:889 - No configuration file found for board STM32H5F5J-DK
2026-05-09 11:32:17,285 [INFO] DbBoards:161 - Board is not supported: STM32H5F5J-DK
2026-05-09 11:32:17,324 [INFO] DbBoards:168 - Found 218 boards, 209 are supported
2026-05-09 11:32:17,324 [INFO] DbBoards:169 - Found 218 boards, 43 of them is supported for  Bsp
2026-05-09 11:32:17,328 [INFO] ApiDb:423 - Load user favorites file C:\Users\Asmita Milind Bagad/.stm32cubeide/favorites.boards.txt: 0 item(s)
2026-05-09 11:32:17,328 [INFO] ApiDb:427 - User favorites Boards=[]
2026-05-09 11:32:17,328 [INFO] DbBoards:198 - Set 0 / 0 favorites Boards
2026-05-09 11:32:17,391 [INFO] UtilMem:75 - End LoadConfig() Used Memory: 727906192 Bytes (1073741824)
2026-05-09 11:32:17,526 [WARN] ThirdParty:833 - waiting for thirdparty lock release [change project]
2026-05-09 11:32:17,527 [INFO] ThirdParty:835 - entering critical section [change project]
2026-05-09 11:32:17,527 [INFO] ThirdParty:1030 - CMSIS Pack Vendor :STMicroelectronics X-CUBE-AZRTOS-H7 3.5.0
2026-05-09 11:32:17,527 [INFO] ThirdParty:1030 - CMSIS Pack Vendor :STMicroelectronics X-CUBE-PM33A1 1.0.0
2026-05-09 11:32:17,527 [INFO] ThirdParty:1030 - CMSIS Pack Vendor :STMicroelectronics USBPD 4.1
2026-05-09 11:32:17,527 [INFO] ThirdParty:1030 - CMSIS Pack Vendor :STMicroelectronics X-CUBE-NFC9 1.0.0
2026-05-09 11:32:17,527 [INFO] ThirdParty:1030 - CMSIS Pack Vendor :STMicroelectronics USB_HOST 2.0.0
2026-05-09 11:32:17,527 [INFO] ThirdParty:1030 - CMSIS Pack Vendor :STMicroelectronics FP-SNS-MOTENVWB1 1.4.0
2026-05-09 11:32:17,527 [INFO] ThirdParty:1030 - CMSIS Pack Vendor :STMicroelectronics X-CUBE-AZRTOS-F4 1.1.0
2026-05-09 11:32:17,527 [INFO] ThirdParty:1030 - CMSIS Pack Vendor :STMicroelectronics LIBJPEG 8.0.0
2026-05-09 11:32:17,527 [INFO] ThirdParty:1030 - CMSIS Pack Vendor :STMicroelectronics FP-ATR-ASTRA1 2.0.2
2026-05-09 11:32:17,527 [INFO] ThirdParty:1030 - CMSIS Pack Vendor :wolfSSL I-CUBE-wolfSSL 5.8.2
2026-05-09 11:32:17,527 [INFO] ThirdParty:1030 - CMSIS Pack Vendor :STMicroelectronics X-CUBE-BLE1 7.1.0
2026-05-09 11:32:17,527 [INFO] ThirdParty:1030 - CMSIS Pack Vendor :STMicroelectronics X-CUBE-SMBUS 2.1.0
2026-05-09 11:32:17,527 [INFO] ThirdParty:1030 - CMSIS Pack Vendor :wolfSSL I-CUBE-wolfMQTT 1.19.2
2026-05-09 11:32:17,527 [INFO] ThirdParty:1030 - CMSIS Pack Vendor :STMicroelectronics USB_DEVICE 3.0.0
2026-05-09 11:32:17,527 [INFO] ThirdParty:1030 - CMSIS Pack Vendor :STMicroelectronics X-CUBE-ISPU 2.1.0
2026-05-09 11:32:17,527 [INFO] ThirdParty:1030 - CMSIS Pack Vendor :STMicroelectronics X-CUBE-FREERTOS 1.4.0
2026-05-09 11:32:17,527 [INFO] ThirdParty:1030 - CMSIS Pack Vendor :STMicroelectronics eDS-WB_DPC_TT-BIDIR 2.1.1
2026-05-09 11:32:17,527 [INFO] ThirdParty:1030 - CMSIS Pack Vendor :STMicroelectronics X-CUBE-AZRTOS-WB 2.0.0
2026-05-09 11:32:17,527 [INFO] ThirdParty:1030 - CMSIS Pack Vendor :STMicroelectronics X-CUBE-AZRTOS-F7 1.1.0
2026-05-09 11:32:17,527 [INFO] ThirdParty:1030 - CMSIS Pack Vendor :STMicroelectronics X-CUBE-AZRTOS-L5 2.0.0
2026-05-09 11:32:17,527 [INFO] ThirdParty:1030 - CMSIS Pack Vendor :STMicroelectronics USB_DEVICE 2.0.0
2026-05-09 11:32:17,527 [INFO] ThirdParty:1030 - CMSIS Pack Vendor :STMicroelectronics X-CUBE-NFC6 3.1.0
2026-05-09 11:32:17,527 [INFO] ThirdParty:1030 - CMSIS Pack Vendor :Cesanta I-CUBE-Mongoose 7.19.0
2026-05-09 11:32:17,527 [INFO] ThirdParty:1030 - CMSIS Pack Vendor :STMicroelectronics FP-SNS-STAIOTCFT 1.1.0
2026-05-09 11:32:17,527 [INFO] ThirdParty:1030 - CMSIS Pack Vendor :quantropi X-CUBE-qispace-sdk-base 2.1.0
2026-05-09 11:32:17,527 [INFO] ThirdParty:1030 - CMSIS Pack Vendor :STMicroelectronics X-CUBE-MEMS1 12.0.0
2026-05-09 11:32:17,527 [INFO] ThirdParty:1030 - CMSIS Pack Vendor :STMicroelectronics X-CUBE-STSE01 2.0.0
2026-05-09 11:32:17,527 [INFO] ThirdParty:1030 - CMSIS Pack Vendor :STMicroelectronics FreeRTOS 0.0.1
2026-05-09 11:32:17,527 [INFO] ThirdParty:1030 - CMSIS Pack Vendor :STMicroelectronics X-CUBE-AZRTOS-G0 1.1.0
2026-05-09 11:32:17,529 [INFO] ThirdParty:1030 - CMSIS Pack Vendor :STMicroelectronics X-CUBE-SAFEA1 1.2.2
2026-05-09 11:32:17,529 [INFO] ThirdParty:1030 - CMSIS Pack Vendor :STMicroelectronics X-CUBE-NFC4 3.0.0
2026-05-09 11:32:17,529 [INFO] ThirdParty:1030 - CMSIS Pack Vendor :STMicroelectronics X-CUBE-SUBG2 5.0.0
2026-05-09 11:32:17,529 [INFO] ThirdParty:1030 - CMSIS Pack Vendor :STMicroelectronics X-CUBE-AZRTOS-H7RS 1.1.0
2026-05-09 11:32:17,529 [INFO] ThirdParty:1030 - CMSIS Pack Vendor :STMicroelectronics STM32_WPAN 1.0.0
2026-05-09 11:32:17,529 [INFO] ThirdParty:1030 - CMSIS Pack Vendor :STMicroelectronics eDS-WB_DPC_VIENNA 1.2.0
2026-05-09 11:32:17,529 [INFO] ThirdParty:1030 - CMSIS Pack Vendor :EmbeddedOffice I-CUBE-FS-RTOS 1.0.1
2026-05-09 11:32:17,529 [INFO] ThirdParty:1030 - CMSIS Pack Vendor :STMicroelectronics lwIP 2.0.3
2026-05-09 11:32:17,529 [INFO] ThirdParty:1030 - CMSIS Pack Vendor :WES I-CUBE-Cesium 1.4.0
2026-05-09 11:32:17,529 [INFO] ThirdParty:1030 - CMSIS Pack Vendor :STMicroelectronics eDS-WB_DPC_3PH2L-BIDIR 1.1.1
2026-05-09 11:32:17,529 [INFO] ThirdParty:1030 - CMSIS Pack Vendor :STMicroelectronics USB_HOST 1.0.0
2026-05-09 11:32:17,529 [INFO] ThirdParty:1030 - CMSIS Pack Vendor :Infineon AIROC-Wi-Fi-Bluetooth-STM32 1.7.1
2026-05-09 11:32:17,529 [INFO] ThirdParty:1030 - CMSIS Pack Vendor :STMicroelectronics X-CUBE-AZRTOS-G4 2.0.0
2026-05-09 11:32:17,529 [INFO] ThirdParty:1030 - CMSIS Pack Vendor :STMicroelectronics X-CUBE-WB05N 2.0.0
2026-05-09 11:32:17,529 [INFO] ThirdParty:1030 - CMSIS Pack Vendor :STMicroelectronics PDM2PCM 3.1.0
2026-05-09 11:32:17,529 [INFO] ThirdParty:1030 - CMSIS Pack Vendor :STMicroelectronics PDM2PCM 3.3.0
2026-05-09 11:32:17,529 [INFO] ThirdParty:1030 - CMSIS Pack Vendor :wolfSSL I-CUBE-wolfTPM 3.8.0
2026-05-09 11:32:17,529 [INFO] ThirdParty:1030 - CMSIS Pack Vendor :STMicroelectronics X-CUBE-AZRTOS-H7 3.4.0
2026-05-09 11:32:17,529 [INFO] ThirdParty:1030 - CMSIS Pack Vendor :STMicroelectronics X-CUBE-DISPLAY 3.0.0
2026-05-09 11:32:17,529 [INFO] ThirdParty:1030 - CMSIS Pack Vendor :wolfSSL I-CUBE-wolfSSH 1.4.20
2026-05-09 11:32:17,529 [INFO] ThirdParty:1030 - CMSIS Pack Vendor :STMicroelectronics X-CUBE-NFC7 2.0.0
2026-05-09 11:32:17,529 [INFO] ThirdParty:1030 - CMSIS Pack Vendor :STMicroelectronics X-CUBE-GNSS1 7.1.1
2026-05-09 11:32:17,529 [INFO] ThirdParty:1030 - CMSIS Pack Vendor :STMicroelectronics FP-SNS-MOTENVWB1 1.5.0
2026-05-09 11:32:17,529 [INFO] ThirdParty:1030 - CMSIS Pack Vendor :STMicroelectronics X-CUBE-TCPP 4.2.0
2026-05-09 11:32:17,529 [INFO] ThirdParty:1030 - CMSIS Pack Vendor :RealThread X-CUBE-RT-Thread_Nano 4.1.1
2026-05-09 11:32:17,529 [INFO] ThirdParty:1030 - CMSIS Pack Vendor :STMicroelectronics FP-ATR-SIGFOX1 3.2.0
2026-05-09 11:32:17,529 [INFO] ThirdParty:1030 - CMSIS Pack Vendor :STMicroelectronics X-CUBE-NFC10 1.0.0
2026-05-09 11:32:17,529 [INFO] ThirdParty:1030 - CMSIS Pack Vendor :STMicroelectronics X-CUBE-FREERTOS 1.3.1
2026-05-09 11:32:17,529 [INFO] ThirdParty:1030 - CMSIS Pack Vendor :STMicroelectronics HAL Drivers 0.0.0
2026-05-09 11:32:17,529 [INFO] ThirdParty:1030 - CMSIS Pack Vendor :STMicroelectronics X-CUBE-FREERTOS 1.5.0
2026-05-09 11:32:17,530 [INFO] ThirdParty:1030 - CMSIS Pack Vendor :STMicroelectronics MBEDTLS 2.16.2
2026-05-09 11:32:17,530 [INFO] ThirdParty:1030 - CMSIS Pack Vendor :STMicroelectronics X-CUBE-ALS 1.0.2
2026-05-09 11:32:17,530 [INFO] ThirdParty:1030 - CMSIS Pack Vendor :emotas I-CUBE-CANOPEN 1.3.0
2026-05-09 11:32:17,530 [INFO] ThirdParty:1030 - CMSIS Pack Vendor :STMicroelectronics MBEDTLS 2.14.1
2026-05-09 11:32:17,530 [INFO] ThirdParty:1030 - CMSIS Pack Vendor :STMicroelectronics X-CUBE-GNSS1 7.1.0
2026-05-09 11:32:17,530 [INFO] ThirdParty:1030 - CMSIS Pack Vendor :ITTIA_DB I-CUBE-ITTIADB 8.9.0
2026-05-09 11:32:17,530 [INFO] ThirdParty:1030 - CMSIS Pack Vendor :STMicroelectronics X-CUBE-TOUCHGFX 4.26.0
2026-05-09 11:32:17,530 [INFO] ThirdParty:1030 - CMSIS Pack Vendor :STMicroelectronics X-CUBE-STSE01 1.0.0
2026-05-09 11:32:17,530 [INFO] ThirdParty:1030 - CMSIS Pack Vendor :STMicroelectronics X-CUBE-TOUCHGFX 4.26.1
2026-05-09 11:32:17,530 [INFO] ThirdParty:1030 - CMSIS Pack Vendor :STMicroelectronics X-CUBE-NFC6 3.2.0
2026-05-09 11:32:17,530 [INFO] ThirdParty:1030 - CMSIS Pack Vendor :STMicroelectronics FP-SNS-STAIOTCFT 1.0.0
2026-05-09 11:32:17,530 [INFO] ThirdParty:1030 - CMSIS Pack Vendor :STMicroelectronics ThreadX 1.0.0
2026-05-09 11:32:17,530 [INFO] ThirdParty:1030 - CMSIS Pack Vendor :STMicroelectronics FP-SNS-SMARTAG2 1.2.0
2026-05-09 11:32:17,530 [INFO] ThirdParty:1030 - CMSIS Pack Vendor :STMicroelectronics X-CUBE-MEMS1 12.1.0
2026-05-09 11:32:17,530 [INFO] ThirdParty:1030 - CMSIS Pack Vendor :STMicroelectronics FP-SNS-FLIGHT1 5.1.0
2026-05-09 11:32:17,530 [INFO] ThirdParty:1030 - CMSIS Pack Vendor :STMicroelectronics X-CUBE-AZRTOS-WL 2.0.0
2026-05-09 11:32:17,530 [INFO] ThirdParty:1030 - CMSIS Pack Vendor :SEGGER I-CUBE-embOS 1.3.1
2026-05-09 11:32:17,530 [INFO] ThirdParty:1030 - CMSIS Pack Vendor :STMicroelectronics X-CUBE-ALGOBUILD 1.4.0
2026-05-09 11:32:17,531 [INFO] ThirdParty:1030 - CMSIS Pack Vendor :STMicroelectronics X-CUBE-DPower 1.3.0
2026-05-09 11:32:17,531 [INFO] ThirdParty:1030 - CMSIS Pack Vendor :STMicroelectronics X-CUBE-MEMS1 11.3.0
2026-05-09 11:32:17,531 [INFO] ThirdParty:1030 - CMSIS Pack Vendor :STMicroelectronics USB_DEVICE 1.0.0
2026-05-09 11:32:17,531 [INFO] ThirdParty:1030 - CMSIS Pack Vendor :STMicroelectronics X-CUBE-AZRTOS-H7RS 1.2.0
2026-05-09 11:32:17,531 [INFO] ThirdParty:1030 - CMSIS Pack Vendor :STMicroelectronics X-CUBE-AZRTOS-L4 2.0.0
2026-05-09 11:32:17,531 [INFO] ThirdParty:1030 - CMSIS Pack Vendor :STMicroelectronics ThreadX 0.0.2
2026-05-09 11:32:17,531 [INFO] ThirdParty:1030 - CMSIS Pack Vendor :STMicroelectronics lwIP 2.1.2
2026-05-09 11:32:17,531 [INFO] ThirdParty:1030 - CMSIS Pack Vendor :STMicroelectronics X-CUBE-SFXS2LP1 4.0.0
2026-05-09 11:32:17,531 [INFO] ThirdParty:1030 - CMSIS Pack Vendor :STMicroelectronics X-CUBE-BLE2 3.3.0
2026-05-09 11:32:17,531 [INFO] ThirdParty:1030 - CMSIS Pack Vendor :Avnet-IOTCONNECT X-CUBE-iotc-st67-sdk 1.0.0
2026-05-09 11:32:17,531 [INFO] ThirdParty:1030 - CMSIS Pack Vendor :STMicroelectronics X-CUBE-TOF1 3.4.3
2026-05-09 11:32:17,531 [INFO] ThirdParty:1030 - CMSIS Pack Vendor :STMicroelectronics PDM2PCM 3.2.0
2026-05-09 11:32:17,531 [INFO] ThirdParty:1030 - CMSIS Pack Vendor :STMicroelectronics X-CUBE-WB05N 2.1.0
2026-05-09 11:32:17,531 [INFO] ThirdParty:1030 - CMSIS Pack Vendor :STMicroelectronics X-CUBE-ST67W61 1.2.0
2026-05-09 11:32:17,531 [INFO] ThirdParty:841 - exiting critical section [change project]
2026-05-09 11:32:17,681 [INFO] PinOutPanel:1589 - setPackage(No Configuration,No Configuration)
2026-05-09 11:32:17,681 [INFO] PinOutPanel:1589 - setPackage(STM32C071RBTx,LQFP64_GP)
2026-05-09 11:32:17,979 [INFO] UtilMem:75 - Before build in PCC Used Memory: 622784696 Bytes (1073741824)
2026-05-09 11:32:18,824 [INFO] UtilMem:75 - After build in PCC Used Memory: 799467704 Bytes (1073741824)
2026-05-09 11:32:18,845 [INFO] IPUIPlugin:80 - create IPUIPlugin
2026-05-09 11:32:18,845 [INFO] IPUIPlugin:80 - create IPUIPlugin
2026-05-09 11:32:18,847 [INFO] IPUIPlugin:80 - create IPUIPlugin
2026-05-09 11:32:18,847 [INFO] IPUIPlugin:80 - create IPUIPlugin
2026-05-09 11:32:18,847 [INFO] IPUIPlugin:80 - create IPUIPlugin
2026-05-09 11:32:18,847 [INFO] IPUIPlugin:80 - create IPUIPlugin
2026-05-09 11:32:18,847 [INFO] IPUIPlugin:80 - create IPUIPlugin
2026-05-09 11:32:18,847 [INFO] IPUIPlugin:80 - create IPUIPlugin
2026-05-09 11:32:18,847 [INFO] IPUIPlugin:80 - create IPUIPlugin
2026-05-09 11:32:18,848 [INFO] IPUIPlugin:80 - create IPUIPlugin
2026-05-09 11:32:18,848 [INFO] IPUIPlugin:80 - create IPUIPlugin
2026-05-09 11:32:18,848 [INFO] IPUIPlugin:80 - create IPUIPlugin
2026-05-09 11:32:18,848 [INFO] IPUIPlugin:80 - create IPUIPlugin
2026-05-09 11:32:18,848 [INFO] IPUIPlugin:80 - create IPUIPlugin
2026-05-09 11:32:18,848 [INFO] IPUIPlugin:80 - create IPUIPlugin
2026-05-09 11:32:18,848 [INFO] IPUIPlugin:80 - create IPUIPlugin
2026-05-09 11:32:18,848 [INFO] IPUIPlugin:80 - create IPUIPlugin
2026-05-09 11:32:18,848 [INFO] IPUIPlugin:80 - create IPUIPlugin
2026-05-09 11:32:18,848 [INFO] IPUIPlugin:80 - create IPUIPlugin
2026-05-09 11:32:18,849 [INFO] IPUIPlugin:80 - create IPUIPlugin
2026-05-09 11:32:18,849 [INFO] IPUIPlugin:80 - create IPUIPlugin
2026-05-09 11:32:18,849 [INFO] IPUIPlugin:80 - create IPUIPlugin
2026-05-09 11:32:18,849 [INFO] IPUIPlugin:80 - create IPUIPlugin
2026-05-09 11:32:18,849 [INFO] IPUIPlugin:80 - create IPUIPlugin
2026-05-09 11:32:18,849 [INFO] IPUIPlugin:80 - create IPUIPlugin
2026-05-09 11:32:18,849 [INFO] IPUIPlugin:80 - create IPUIPlugin
2026-05-09 11:32:18,849 [INFO] IPUIPlugin:80 - create IPUIPlugin
2026-05-09 11:32:18,850 [INFO] IPUIPlugin:80 - create IPUIPlugin
2026-05-09 11:32:18,850 [INFO] IPUIPlugin:80 - create IPUIPlugin
2026-05-09 11:32:18,850 [INFO] IPUIPlugin:80 - create IPUIPlugin
2026-05-09 11:32:18,850 [INFO] IPUIPlugin:80 - create IPUIPlugin
2026-05-09 11:32:18,850 [INFO] IPUIPlugin:80 - create IPUIPlugin
2026-05-09 11:32:18,850 [INFO] IPUIPlugin:80 - create IPUIPlugin
2026-05-09 11:32:18,851 [INFO] IPUIPlugin:80 - create IPUIPlugin
2026-05-09 11:32:18,851 [INFO] IPUIPlugin:80 - create IPUIPlugin
2026-05-09 11:32:18,851 [INFO] IPUIPlugin:80 - create IPUIPlugin
2026-05-09 11:32:18,851 [INFO] IPUIPlugin:80 - create IPUIPlugin
2026-05-09 11:32:19,051 [INFO] CADModel:165 - CPN selected for project levelSTM32C071RBT6
2026-05-09 11:32:19,051 [INFO] CADModel:114 - Register for checkConnection events
2026-05-09 11:32:19,053 [INFO] RtosManager:728 - Active RTOS found at IOC load: STMicroelectronics.X-CUBE-FREERTOS.1.3.1 [Cortex-M0+NS]
2026-05-09 11:32:19,107 [INFO] OpenFileManager:386 - Restore cursor
2026-05-09 11:32:19,230 [WARN] IP:2250 - configENABLE_TRUSTZONE not found: check if there is a RefParameter without a condition.
2026-05-09 11:32:19,230 [WARN] IP:2250 - configRUN_FREERTOS_SECURE_ONLY not found: check if there is a RefParameter without a condition.
2026-05-09 11:32:19,231 [WARN] IP:2250 - configLIBRARY_LOWEST_INTERRUPT_PRIORITY not found: check if there is a RefParameter without a condition.
2026-05-09 11:32:19,231 [WARN] IP:2250 - configLIBRARY_MAX_SYSCALL_INTERRUPT_PRIORITY not found: check if there is a RefParameter without a condition.
2026-05-09 12:45:38,978 [INFO] NvicIntPanel:101 - NVIC parent = com.st.microxplorer.plugins.ip.nvic.MultiNvicIntPanel[,0,0,450x143,layout=javax.swing.BoxLayout,alignmentX=0.0,alignmentY=0.0,border=,flags=9,maximumSize=,minimumSize=,preferredSize=]
2026-05-09 12:45:40,916 [INFO] NvicIntPanel:101 - NVIC parent = com.st.microxplorer.plugins.ip.nvic.MultiNvicIntPanel[,0,0,0x0,invalid,layout=javax.swing.BoxLayout,alignmentX=0.0,alignmentY=0.0,border=,flags=9,maximumSize=,minimumSize=,preferredSize=]
2026-05-09 12:45:48,985 [INFO] RtosManager:803 -  ==== DEBUG ==== Saving {key/value} = {rtos.0.tasks.0/allocationType,Dynamic;bufferName,NULL;codeGen,Default;controlBlockName,NULL;entry,StartDefaultTask;name,defaultTask;parameter,NULL;priority,osPriorityNormal;stackSize,128}
2026-05-09 12:45:48,986 [INFO] UtilMem:75 - End SaveConfig() Used Memory: 629591824 Bytes (1073741824)
2026-05-09 12:45:49,221 [INFO] RtosManager:803 -  ==== DEBUG ==== Saving {key/value} = {rtos.0.tasks.0/allocationType,Dynamic;bufferName,NULL;codeGen,Default;controlBlockName,NULL;entry,StartDefaultTask;name,defaultTask;parameter,NULL;priority,osPriorityNormal;stackSize,128}
2026-05-09 12:45:49,222 [INFO] UtilMem:75 - End SaveConfig() Used Memory: 645562216 Bytes (1073741824)
2026-05-09 12:45:50,536 [ERROR] IocParser:95 - Exception caught: Cannot invoke "java.lang.CharSequence.length()" because "this.text" is null
2026-05-09 12:45:50,713 [INFO] RtosManager:803 -  ==== DEBUG ==== Saving {key/value} = {rtos.0.tasks.0/allocationType,Dynamic;bufferName,NULL;codeGen,Default;controlBlockName,NULL;entry,StartDefaultTask;name,defaultTask;parameter,NULL;priority,osPriorityNormal;stackSize,128}
2026-05-09 12:45:50,714 [INFO] UtilMem:75 - End SaveConfig() Used Memory: 751750928 Bytes (1073741824)
2026-05-09 12:45:51,625 [INFO] BlockDiagram:2775 - set Specific Code input for plugin: NVIC
2026-05-09 12:45:51,625 [INFO] BlockDiagram:2775 - set Specific Code input for plugin: STMicroelectronics.X-CUBE-FREERTOS.1.3.1
2026-05-09 12:45:51,625 [INFO] BlockDiagram:2775 - set Specific Code input for plugin: USART
2026-05-09 12:45:51,625 [INFO] BlockDiagram:2775 - set Specific Code input for plugin: NUCLEO-C071RB
2026-05-09 12:45:51,625 [INFO] BlockDiagram:2775 - set Specific Code input for plugin: SYS
2026-05-09 12:45:51,626 [INFO] BlockDiagram:2775 - set Specific Code input for plugin: GPIO
2026-05-09 12:45:51,626 [INFO] BlockDiagram:2775 - set Specific Code input for plugin: RCC
2026-05-09 12:45:51,630 [WARN] IP:2250 - configENABLE_TRUSTZONE not found: check if there is a RefParameter without a condition.
2026-05-09 12:45:51,630 [WARN] IP:2250 - configRUN_FREERTOS_SECURE_ONLY not found: check if there is a RefParameter without a condition.
2026-05-09 12:45:51,632 [WARN] IP:2250 - configLIBRARY_LOWEST_INTERRUPT_PRIORITY not found: check if there is a RefParameter without a condition.
2026-05-09 12:45:51,632 [WARN] IP:2250 - configLIBRARY_MAX_SYSCALL_INTERRUPT_PRIORITY not found: check if there is a RefParameter without a condition.
2026-05-09 12:45:51,638 [WARN] ThirdPartyIpManager:480 - Condition 'CM33 IAR Condition' not fulfilled in pack 'STMicroelectronics.X-CUBE-FREERTOS.1.3.1'
2026-05-09 12:45:51,638 [WARN] ThirdPartyIpManager:480 - Condition 'CM33 IAR Condition' not fulfilled in pack 'STMicroelectronics.X-CUBE-FREERTOS.1.3.1'
2026-05-09 12:45:51,639 [WARN] ThirdPartyIpManager:480 - Condition 'CM33 IAR Condition' not fulfilled in pack 'STMicroelectronics.X-CUBE-FREERTOS.1.3.1'
2026-05-09 12:45:51,639 [WARN] ThirdPartyIpManager:480 - Condition 'CM33 GNU ARMC6 Condition' not fulfilled in pack 'STMicroelectronics.X-CUBE-FREERTOS.1.3.1'
2026-05-09 12:45:51,639 [WARN] ThirdPartyIpManager:480 - Condition 'CM33 GNU ARMC6 Condition' not fulfilled in pack 'STMicroelectronics.X-CUBE-FREERTOS.1.3.1'
2026-05-09 12:45:51,639 [WARN] ThirdPartyIpManager:480 - Condition 'CM33 GNU ARMC6 Condition' not fulfilled in pack 'STMicroelectronics.X-CUBE-FREERTOS.1.3.1'
2026-05-09 12:45:51,641 [WARN] ThirdPartyIpManager:480 - Condition 'CM0 IAR Condition' not fulfilled in pack 'STMicroelectronics.X-CUBE-FREERTOS.1.3.1'
2026-05-09 12:45:51,641 [WARN] ThirdPartyIpManager:480 - Condition 'CM0 IAR Condition' not fulfilled in pack 'STMicroelectronics.X-CUBE-FREERTOS.1.3.1'
2026-05-09 12:45:51,641 [WARN] ThirdPartyIpManager:480 - Condition 'CM0 IAR Condition' not fulfilled in pack 'STMicroelectronics.X-CUBE-FREERTOS.1.3.1'
2026-05-09 12:45:51,650 [INFO] CodeGenerator:892 - code generatio: config db path: D:\STM32CubeIDE_1.19.0\STM32CubeIDE\plugins\com.st.stm32cube.common.mx_6.15.0.202507011659\\db\
2026-05-09 12:45:51,826 [INFO] IP:3347 - RTE template : freertos_start.ftl
2026-05-09 12:45:51,853 [INFO] CodeEngine:265 - oldGeneratedFile, D:\Strataroh_Git\25_SV09_Internship_Projects_FW\Asmita_04052026\Quectel\MXTmpFiles\license.tmp_save
2026-05-09 12:45:52,578 [INFO] CodeEngine:289 - Generated code: D:\Strataroh_Git\25_SV09_Internship_Projects_FW\Asmita_04052026\Quectel\MXTmpFiles\license.tmp
2026-05-09 12:45:52,970 [INFO] CodeEngine:265 - oldGeneratedFile, D:\Strataroh_Git\25_SV09_Internship_Projects_FW\Asmita_04052026\Quectel\MXTmpFiles\gpio.tmp_save
2026-05-09 12:45:53,294 [INFO] CodeEngine:289 - Generated code: D:\Strataroh_Git\25_SV09_Internship_Projects_FW\Asmita_04052026\Quectel\MXTmpFiles\gpio.tmp
2026-05-09 12:45:54,585 [INFO] Middleware:1452 - No code input for Bsp Dependency
2026-05-09 12:45:54,598 [INFO] CodeEngine:265 - oldGeneratedFile, D:\Strataroh_Git\25_SV09_Internship_Projects_FW\Asmita_04052026\Quectel\MXTmpFiles\rtos_obj_creat.tmp_save
2026-05-09 12:45:54,845 [INFO] CodeEngine:289 - Generated code: D:\Strataroh_Git\25_SV09_Internship_Projects_FW\Asmita_04052026\Quectel\MXTmpFiles\rtos_obj_creat.tmp
2026-05-09 12:45:54,870 [INFO] CodeEngine:265 - oldGeneratedFile, D:\Strataroh_Git\25_SV09_Internship_Projects_FW\Asmita_04052026\Quectel\MXTmpFiles\rtos_typedefs.tmp_save
2026-05-09 12:45:54,993 [INFO] CodeEngine:289 - Generated code: D:\Strataroh_Git\25_SV09_Internship_Projects_FW\Asmita_04052026\Quectel\MXTmpFiles\rtos_typedefs.tmp
2026-05-09 12:45:55,012 [INFO] CodeEngine:265 - oldGeneratedFile, D:\Strataroh_Git\25_SV09_Internship_Projects_FW\Asmita_04052026\Quectel\MXTmpFiles\rtos_vars.tmp_save
2026-05-09 12:45:55,169 [INFO] CodeEngine:289 - Generated code: D:\Strataroh_Git\25_SV09_Internship_Projects_FW\Asmita_04052026\Quectel\MXTmpFiles\rtos_vars.tmp
2026-05-09 12:45:55,194 [INFO] CodeEngine:265 - oldGeneratedFile, D:\Strataroh_Git\25_SV09_Internship_Projects_FW\Asmita_04052026\Quectel\MXTmpFiles\rtos_threads.tmp_save
2026-05-09 12:45:55,322 [INFO] CodeEngine:289 - Generated code: D:\Strataroh_Git\25_SV09_Internship_Projects_FW\Asmita_04052026\Quectel\MXTmpFiles\rtos_threads.tmp
2026-05-09 12:45:55,343 [INFO] CodeEngine:265 - oldGeneratedFile, D:\Strataroh_Git\25_SV09_Internship_Projects_FW\Asmita_04052026\Quectel\MXTmpFiles\rtos_inc.tmp_save
2026-05-09 12:45:55,465 [INFO] CodeEngine:289 - Generated code: D:\Strataroh_Git\25_SV09_Internship_Projects_FW\Asmita_04052026\Quectel\MXTmpFiles\rtos_inc.tmp
2026-05-09 12:45:55,485 [INFO] CodeEngine:265 - oldGeneratedFile, D:\Strataroh_Git\25_SV09_Internship_Projects_FW\Asmita_04052026\Quectel\MXTmpFiles\rtos_pfp.tmp_save
2026-05-09 12:45:55,610 [INFO] CodeEngine:289 - Generated code: D:\Strataroh_Git\25_SV09_Internship_Projects_FW\Asmita_04052026\Quectel\MXTmpFiles\rtos_pfp.tmp
2026-05-09 12:45:55,629 [INFO] CodeEngine:265 - oldGeneratedFile, D:\Strataroh_Git\25_SV09_Internship_Projects_FW\Asmita_04052026\Quectel\MXTmpFiles\rtos_kernelInit.tmp_save
2026-05-09 12:45:55,747 [INFO] CodeEngine:289 - Generated code: D:\Strataroh_Git\25_SV09_Internship_Projects_FW\Asmita_04052026\Quectel\MXTmpFiles\rtos_kernelInit.tmp
2026-05-09 12:45:55,766 [INFO] CodeEngine:265 - oldGeneratedFile, D:\Strataroh_Git\25_SV09_Internship_Projects_FW\Asmita_04052026\Quectel\MXTmpFiles\rtos_kernelStart.tmp_save
2026-05-09 12:45:55,894 [INFO] CodeEngine:289 - Generated code: D:\Strataroh_Git\25_SV09_Internship_Projects_FW\Asmita_04052026\Quectel\MXTmpFiles\rtos_kernelStart.tmp
2026-05-09 12:45:55,914 [INFO] Middleware:1452 - No code input for Bsp Dependency
2026-05-09 12:45:55,926 [INFO] CodeEngine:265 - oldGeneratedFile, D:\Strataroh_Git\25_SV09_Internship_Projects_FW\Asmita_04052026\Quectel\MXTmpFiles\rtos_obj_creat.tmp_save
2026-05-09 12:45:56,106 [INFO] CodeEngine:289 - Generated code: D:\Strataroh_Git\25_SV09_Internship_Projects_FW\Asmita_04052026\Quectel\MXTmpFiles\rtos_obj_creat.tmp
2026-05-09 12:45:56,115 [INFO] CodeEngine:265 - oldGeneratedFile, D:\Strataroh_Git\25_SV09_Internship_Projects_FW\Asmita_04052026\Quectel\MXTmpFiles\rtos_typedefs.tmp_save
2026-05-09 12:45:56,213 [INFO] CodeEngine:289 - Generated code: D:\Strataroh_Git\25_SV09_Internship_Projects_FW\Asmita_04052026\Quectel\MXTmpFiles\rtos_typedefs.tmp
2026-05-09 12:45:56,222 [INFO] CodeEngine:265 - oldGeneratedFile, D:\Strataroh_Git\25_SV09_Internship_Projects_FW\Asmita_04052026\Quectel\MXTmpFiles\rtos_vars.tmp_save
2026-05-09 12:45:56,328 [INFO] CodeEngine:289 - Generated code: D:\Strataroh_Git\25_SV09_Internship_Projects_FW\Asmita_04052026\Quectel\MXTmpFiles\rtos_vars.tmp
2026-05-09 12:45:56,336 [INFO] CodeEngine:265 - oldGeneratedFile, D:\Strataroh_Git\25_SV09_Internship_Projects_FW\Asmita_04052026\Quectel\MXTmpFiles\rtos_threads.tmp_save
2026-05-09 12:45:56,439 [INFO] CodeEngine:289 - Generated code: D:\Strataroh_Git\25_SV09_Internship_Projects_FW\Asmita_04052026\Quectel\MXTmpFiles\rtos_threads.tmp
2026-05-09 12:45:56,450 [INFO] CodeEngine:265 - oldGeneratedFile, D:\Strataroh_Git\25_SV09_Internship_Projects_FW\Asmita_04052026\Quectel\MXTmpFiles\rtos_inc.tmp_save
2026-05-09 12:45:56,567 [INFO] CodeEngine:289 - Generated code: D:\Strataroh_Git\25_SV09_Internship_Projects_FW\Asmita_04052026\Quectel\MXTmpFiles\rtos_inc.tmp
2026-05-09 12:45:56,576 [INFO] CodeEngine:265 - oldGeneratedFile, D:\Strataroh_Git\25_SV09_Internship_Projects_FW\Asmita_04052026\Quectel\MXTmpFiles\rtos_pfp.tmp_save
2026-05-09 12:45:56,676 [INFO] CodeEngine:289 - Generated code: D:\Strataroh_Git\25_SV09_Internship_Projects_FW\Asmita_04052026\Quectel\MXTmpFiles\rtos_pfp.tmp
2026-05-09 12:45:56,685 [INFO] CodeEngine:265 - oldGeneratedFile, D:\Strataroh_Git\25_SV09_Internship_Projects_FW\Asmita_04052026\Quectel\MXTmpFiles\rtos_kernelInit.tmp_save
2026-05-09 12:45:56,782 [INFO] CodeEngine:289 - Generated code: D:\Strataroh_Git\25_SV09_Internship_Projects_FW\Asmita_04052026\Quectel\MXTmpFiles\rtos_kernelInit.tmp
2026-05-09 12:45:56,791 [INFO] CodeEngine:265 - oldGeneratedFile, D:\Strataroh_Git\25_SV09_Internship_Projects_FW\Asmita_04052026\Quectel\MXTmpFiles\rtos_kernelStart.tmp_save
2026-05-09 12:45:56,891 [INFO] CodeEngine:289 - Generated code: D:\Strataroh_Git\25_SV09_Internship_Projects_FW\Asmita_04052026\Quectel\MXTmpFiles\rtos_kernelStart.tmp
2026-05-09 12:45:56,911 [INFO] CodeEngine:265 - oldGeneratedFile, D:\Strataroh_Git\25_SV09_Internship_Projects_FW\Asmita_04052026\Quectel\Core\Inc\FreeRTOSConfig.h_save
2026-05-09 12:45:57,136 [INFO] CodeEngine:289 - Generated code: D:\Strataroh_Git\25_SV09_Internship_Projects_FW\Asmita_04052026\Quectel\Core\Inc\FreeRTOSConfig.h
2026-05-09 12:45:57,159 [INFO] CodeEngine:265 - oldGeneratedFile, D:\Strataroh_Git\25_SV09_Internship_Projects_FW\Asmita_04052026\Quectel\Core\Src\app_freertos.c_save
2026-05-09 12:45:57,352 [INFO] CodeEngine:289 - Generated code: D:\Strataroh_Git\25_SV09_Internship_Projects_FW\Asmita_04052026\Quectel\Core\Src\app_freertos.c
2026-05-09 12:45:57,375 [INFO] CodeEngine:265 - oldGeneratedFile, D:\Strataroh_Git\25_SV09_Internship_Projects_FW\Asmita_04052026\Quectel\Core\Inc\app_freertos.h_save
2026-05-09 12:45:57,560 [INFO] CodeEngine:289 - Generated code: D:\Strataroh_Git\25_SV09_Internship_Projects_FW\Asmita_04052026\Quectel\Core\Inc\app_freertos.h
2026-05-09 12:45:57,587 [INFO] CodeEngine:265 - oldGeneratedFile, D:\Strataroh_Git\25_SV09_Internship_Projects_FW\Asmita_04052026\Quectel\MXTmpFiles\cortex.tmp_save
2026-05-09 12:45:57,802 [INFO] CodeEngine:289 - Generated code: D:\Strataroh_Git\25_SV09_Internship_Projects_FW\Asmita_04052026\Quectel\MXTmpFiles\cortex.tmp
2026-05-09 12:45:57,936 [INFO] CodeEngine:265 - oldGeneratedFile, D:\Strataroh_Git\25_SV09_Internship_Projects_FW\Asmita_04052026\Quectel\Core\Inc\stm32c0xx_nucleo_conf.h_save
2026-05-09 12:45:58,185 [INFO] CodeEngine:289 - Generated code: D:\Strataroh_Git\25_SV09_Internship_Projects_FW\Asmita_04052026\Quectel\Core\Inc\stm32c0xx_nucleo_conf.h
2026-05-09 12:45:58,203 [INFO] CodeEngine:265 - oldGeneratedFile, D:\Strataroh_Git\25_SV09_Internship_Projects_FW\Asmita_04052026\Quectel\MXTmpFiles\bsp_inc.tmp_save
2026-05-09 12:45:58,347 [INFO] CodeEngine:289 - Generated code: D:\Strataroh_Git\25_SV09_Internship_Projects_FW\Asmita_04052026\Quectel\MXTmpFiles\bsp_inc.tmp
2026-05-09 12:45:58,381 [INFO] CodeEngine:265 - oldGeneratedFile, D:\Strataroh_Git\25_SV09_Internship_Projects_FW\Asmita_04052026\Quectel\MXTmpFiles\bsp_common_vars.tmp_save
2026-05-09 12:45:58,556 [INFO] CodeEngine:289 - Generated code: D:\Strataroh_Git\25_SV09_Internship_Projects_FW\Asmita_04052026\Quectel\MXTmpFiles\bsp_common_vars.tmp
2026-05-09 12:45:58,585 [INFO] CodeEngine:265 - oldGeneratedFile, D:\Strataroh_Git\25_SV09_Internship_Projects_FW\Asmita_04052026\Quectel\MXTmpFiles\bsp_common_init.tmp_save
2026-05-09 12:45:58,719 [INFO] CodeEngine:289 - Generated code: D:\Strataroh_Git\25_SV09_Internship_Projects_FW\Asmita_04052026\Quectel\MXTmpFiles\bsp_common_init.tmp
2026-05-09 12:45:58,741 [INFO] CodeEngine:265 - oldGeneratedFile, D:\Strataroh_Git\25_SV09_Internship_Projects_FW\Asmita_04052026\Quectel\MXTmpFiles\bsp_common_demo_before_while.tmp_save
2026-05-09 12:45:58,850 [INFO] CodeEngine:289 - Generated code: D:\Strataroh_Git\25_SV09_Internship_Projects_FW\Asmita_04052026\Quectel\MXTmpFiles\bsp_common_demo_before_while.tmp
2026-05-09 12:45:58,861 [INFO] CodeEngine:265 - oldGeneratedFile, D:\Strataroh_Git\25_SV09_Internship_Projects_FW\Asmita_04052026\Quectel\MXTmpFiles\bsp_common_demo_inside_while.tmp_save
2026-05-09 12:45:58,969 [INFO] CodeEngine:289 - Generated code: D:\Strataroh_Git\25_SV09_Internship_Projects_FW\Asmita_04052026\Quectel\MXTmpFiles\bsp_common_demo_inside_while.tmp
2026-05-09 12:45:58,987 [INFO] CodeEngine:265 - oldGeneratedFile, D:\Strataroh_Git\25_SV09_Internship_Projects_FW\Asmita_04052026\Quectel\MXTmpFiles\bsp_common_demo_fct.tmp_save
2026-05-09 12:45:59,099 [INFO] CodeEngine:289 - Generated code: D:\Strataroh_Git\25_SV09_Internship_Projects_FW\Asmita_04052026\Quectel\MXTmpFiles\bsp_common_demo_fct.tmp
2026-05-09 12:45:59,128 [INFO] CodeEngine:265 - oldGeneratedFile, D:\Strataroh_Git\25_SV09_Internship_Projects_FW\Asmita_04052026\Quectel\Core\Src\stm32c0xx_it.c_save
2026-05-09 12:45:59,450 [INFO] CodeEngine:289 - Generated code: D:\Strataroh_Git\25_SV09_Internship_Projects_FW\Asmita_04052026\Quectel\Core\Src\stm32c0xx_it.c
2026-05-09 12:45:59,460 [INFO] CodeEngine:265 - oldGeneratedFile, D:\Strataroh_Git\25_SV09_Internship_Projects_FW\Asmita_04052026\Quectel\Core\Inc\stm32c0xx_it.h_save
2026-05-09 12:45:59,643 [INFO] CodeEngine:289 - Generated code: D:\Strataroh_Git\25_SV09_Internship_Projects_FW\Asmita_04052026\Quectel\Core\Inc\stm32c0xx_it.h
2026-05-09 12:45:59,872 [INFO] CodeEngine:265 - oldGeneratedFile, D:\Strataroh_Git\25_SV09_Internship_Projects_FW\Asmita_04052026\Quectel\Core\Src\stm32c0xx_hal_msp.c_save
2026-05-09 12:46:00,223 [INFO] CodeEngine:289 - Generated code: D:\Strataroh_Git\25_SV09_Internship_Projects_FW\Asmita_04052026\Quectel\Core\Src\stm32c0xx_hal_msp.c
2026-05-09 12:46:00,229 [INFO] CodeEngine:265 - oldGeneratedFile, D:\Strataroh_Git\25_SV09_Internship_Projects_FW\Asmita_04052026\Quectel\MXTmpFiles\system.tmp_save
2026-05-09 12:46:00,353 [INFO] CodeEngine:289 - Generated code: D:\Strataroh_Git\25_SV09_Internship_Projects_FW\Asmita_04052026\Quectel\MXTmpFiles\system.tmp
2026-05-09 12:46:00,385 [INFO] CodeEngine:265 - oldGeneratedFile, D:\Strataroh_Git\25_SV09_Internship_Projects_FW\Asmita_04052026\Quectel\Core\Src\stm32c0xx_hal_timebase_tim.c_save
2026-05-09 12:46:00,555 [INFO] CodeEngine:289 - Generated code: D:\Strataroh_Git\25_SV09_Internship_Projects_FW\Asmita_04052026\Quectel\Core\Src\stm32c0xx_hal_timebase_tim.c
2026-05-09 12:46:00,585 [INFO] CodeEngine:321 - oldGeneratedFile, D:\Strataroh_Git\25_SV09_Internship_Projects_FW\Asmita_04052026\Quectel\Core\Inc\stm32c0xx_hal_conf.h_save
2026-05-09 12:46:00,826 [INFO] CodeEngine:345 - Generated code: D:\Strataroh_Git\25_SV09_Internship_Projects_FW\Asmita_04052026\Quectel\Core\Inc\stm32c0xx_hal_conf.h
2026-05-09 12:46:00,861 [WARN] IPConfigManager:3238 - Warning: the RefConfig RCC_PClockConfig is not available in your config.xml file
2026-05-09 12:46:00,862 [WARN] IPConfigManager:3238 - Warning: the RefConfig RCC_interrupt_Time_SYSTICK_Config is not available in your config.xml file
2026-05-09 12:46:00,889 [INFO] ApiDbMcu:532 - Load IP Config File for USART1
2026-05-09 12:46:00,893 [INFO] ApiDbMcu:532 - Load IP Config File for RCC
2026-05-09 12:46:00,924 [INFO] CodeEngine:265 - oldGeneratedFile, D:\Strataroh_Git\25_SV09_Internship_Projects_FW\Asmita_04052026\Quectel\Core\Inc\main.h_save
2026-05-09 12:46:01,200 [INFO] CodeEngine:289 - Generated code: D:\Strataroh_Git\25_SV09_Internship_Projects_FW\Asmita_04052026\Quectel\Core\Inc\main.h
2026-05-09 12:46:01,210 [INFO] CodeEngine:265 - oldGeneratedFile, D:\Strataroh_Git\25_SV09_Internship_Projects_FW\Asmita_04052026\Quectel\Core\Src\main.c_save
2026-05-09 12:46:01,503 [INFO] CodeEngine:289 - Generated code: D:\Strataroh_Git\25_SV09_Internship_Projects_FW\Asmita_04052026\Quectel\Core\Src\main.c
2026-05-09 12:46:02,224 [INFO] ProjectBuilder:3606 - Time for Copy HAL[1] : 368mS.
2026-05-09 12:46:02,225 [ERROR] Middleware:2950 - Invalid RefComponent list
2026-05-09 12:46:02,225 [ERROR] Middleware:2950 - Invalid RefComponent list
2026-05-09 12:46:02,225 [ERROR] Middleware:2950 - Invalid RefComponent list
2026-05-09 12:46:02,225 [ERROR] Middleware:2950 - Invalid RefComponent list
2026-05-09 12:46:02,226 [ERROR] Middleware:2950 - Invalid RefComponent list
2026-05-09 12:46:02,226 [ERROR] Middleware:2950 - Invalid RefComponent list
2026-05-09 12:46:02,226 [ERROR] Middleware:2950 - Invalid RefComponent list
2026-05-09 12:46:02,226 [ERROR] Middleware:2950 - Invalid RefComponent list
2026-05-09 12:46:02,226 [ERROR] Middleware:2950 - Invalid RefComponent list
2026-05-09 12:46:02,226 [ERROR] Middleware:2950 - Invalid RefComponent list
2026-05-09 12:46:02,226 [ERROR] Middleware:2950 - Invalid RefComponent list
2026-05-09 12:46:02,226 [ERROR] Middleware:2950 - Invalid RefComponent list
2026-05-09 12:46:02,227 [ERROR] Middleware:2950 - Invalid RefComponent list
2026-05-09 12:46:02,227 [ERROR] Middleware:2950 - Invalid RefComponent list
2026-05-09 12:46:02,227 [ERROR] Middleware:2950 - Invalid RefComponent list
2026-05-09 12:46:02,227 [ERROR] Middleware:2950 - Invalid RefComponent list
2026-05-09 12:46:02,227 [ERROR] Middleware:2950 - Invalid RefComponent list
2026-05-09 12:46:02,227 [ERROR] Middleware:2950 - Invalid RefComponent list
2026-05-09 12:46:02,227 [ERROR] Middleware:2950 - Invalid RefComponent list
2026-05-09 12:46:02,227 [ERROR] Middleware:2950 - Invalid RefComponent list
2026-05-09 12:46:02,227 [ERROR] Middleware:2950 - Invalid RefComponent list
2026-05-09 12:46:02,228 [ERROR] Middleware:2950 - Invalid RefComponent list
2026-05-09 12:46:02,228 [ERROR] Middleware:2950 - Invalid RefComponent list
2026-05-09 12:46:02,228 [ERROR] Middleware:2950 - Invalid RefComponent list
2026-05-09 12:46:02,228 [ERROR] Middleware:2950 - Invalid RefComponent list
2026-05-09 12:46:02,228 [ERROR] Middleware:2950 - Invalid RefComponent list
2026-05-09 12:46:02,228 [ERROR] Middleware:2950 - Invalid RefComponent list
2026-05-09 12:46:02,228 [ERROR] Middleware:2950 - Invalid RefComponent list
2026-05-09 12:46:02,228 [ERROR] Middleware:2950 - Invalid RefComponent list
2026-05-09 12:46:02,228 [ERROR] Middleware:2950 - Invalid RefComponent list
2026-05-09 12:46:02,229 [ERROR] Middleware:2950 - Invalid RefComponent list
2026-05-09 12:46:02,229 [ERROR] Middleware:2950 - Invalid RefComponent list
2026-05-09 12:46:02,229 [ERROR] Middleware:2950 - Invalid RefComponent list
2026-05-09 12:46:02,229 [ERROR] Middleware:2950 - Invalid RefComponent list
2026-05-09 12:46:02,229 [ERROR] Middleware:2950 - Invalid RefComponent list
2026-05-09 12:46:02,229 [ERROR] Middleware:2950 - Invalid RefComponent list
2026-05-09 12:46:02,229 [ERROR] Middleware:2950 - Invalid RefComponent list
2026-05-09 12:46:02,229 [ERROR] Middleware:2950 - Invalid RefComponent list
2026-05-09 12:46:02,229 [ERROR] Middleware:2950 - Invalid RefComponent list
2026-05-09 12:46:02,229 [ERROR] Middleware:2950 - Invalid RefComponent list
2026-05-09 12:46:02,229 [ERROR] Middleware:2950 - Invalid RefComponent list
2026-05-09 12:46:02,230 [ERROR] Middleware:2950 - Invalid RefComponent list
2026-05-09 12:46:02,230 [ERROR] Middleware:2950 - Invalid RefComponent list
2026-05-09 12:46:02,230 [ERROR] Middleware:2950 - Invalid RefComponent list
2026-05-09 12:46:02,230 [ERROR] Middleware:2950 - Invalid RefComponent list
2026-05-09 12:46:02,230 [ERROR] Middleware:2950 - Invalid RefComponent list
2026-05-09 12:46:02,230 [ERROR] Middleware:2950 - Invalid RefComponent list
2026-05-09 12:46:02,230 [ERROR] Middleware:2950 - Invalid RefComponent list
2026-05-09 12:46:02,230 [ERROR] Middleware:2950 - Invalid RefComponent list
2026-05-09 12:46:02,230 [ERROR] Middleware:2950 - Invalid RefComponent list
2026-05-09 12:46:02,231 [ERROR] Middleware:2950 - Invalid RefComponent list
2026-05-09 12:46:02,231 [ERROR] Middleware:2950 - Invalid RefComponent list
2026-05-09 12:46:02,231 [ERROR] Middleware:2950 - Invalid RefComponent list
2026-05-09 12:46:02,231 [ERROR] Middleware:2950 - Invalid RefComponent list
2026-05-09 12:46:02,231 [ERROR] Middleware:2950 - Invalid RefComponent list
2026-05-09 12:46:02,231 [ERROR] Middleware:2950 - Invalid RefComponent list
2026-05-09 12:46:02,231 [ERROR] Middleware:2950 - Invalid RefComponent list
2026-05-09 12:46:02,231 [ERROR] Middleware:2950 - Invalid RefComponent list
2026-05-09 12:46:02,231 [ERROR] Middleware:2950 - Invalid RefComponent list
2026-05-09 12:46:02,231 [ERROR] Middleware:2950 - Invalid RefComponent list
2026-05-09 12:46:02,231 [ERROR] Middleware:2950 - Invalid RefComponent list
2026-05-09 12:46:02,232 [ERROR] Middleware:2950 - Invalid RefComponent list
2026-05-09 12:46:02,232 [ERROR] Middleware:2950 - Invalid RefComponent list
2026-05-09 12:46:02,232 [ERROR] Middleware:2950 - Invalid RefComponent list
2026-05-09 12:46:02,232 [ERROR] Middleware:2950 - Invalid RefComponent list
2026-05-09 12:46:02,232 [ERROR] Middleware:2950 - Invalid RefComponent list
2026-05-09 12:46:02,232 [ERROR] Middleware:2950 - Invalid RefComponent list
2026-05-09 12:46:02,232 [ERROR] Middleware:2950 - Invalid RefComponent list
2026-05-09 12:46:02,233 [ERROR] Middleware:2950 - Invalid RefComponent list
2026-05-09 12:46:02,233 [ERROR] Middleware:2950 - Invalid RefComponent list
2026-05-09 12:46:02,233 [ERROR] Middleware:2950 - Invalid RefComponent list
2026-05-09 12:46:02,233 [ERROR] Middleware:2950 - Invalid RefComponent list
2026-05-09 12:46:02,233 [ERROR] Middleware:2950 - Invalid RefComponent list
2026-05-09 12:46:02,233 [ERROR] Middleware:2950 - Invalid RefComponent list
2026-05-09 12:46:02,233 [ERROR] Middleware:2950 - Invalid RefComponent list
2026-05-09 12:46:02,233 [ERROR] Middleware:2950 - Invalid RefComponent list
2026-05-09 12:46:02,233 [ERROR] Middleware:2950 - Invalid RefComponent list
2026-05-09 12:46:02,234 [ERROR] Middleware:2950 - Invalid RefComponent list
2026-05-09 12:46:02,234 [ERROR] Middleware:2950 - Invalid RefComponent list
2026-05-09 12:46:02,234 [ERROR] Middleware:2950 - Invalid RefComponent list
2026-05-09 12:46:02,234 [ERROR] Middleware:2950 - Invalid RefComponent list
2026-05-09 12:46:02,234 [ERROR] Middleware:2950 - Invalid RefComponent list
2026-05-09 12:46:02,234 [ERROR] Middleware:2950 - Invalid RefComponent list
2026-05-09 12:46:02,234 [ERROR] Middleware:2950 - Invalid RefComponent list
2026-05-09 12:46:02,234 [ERROR] Middleware:2950 - Invalid RefComponent list
2026-05-09 12:46:02,235 [ERROR] Middleware:2950 - Invalid RefComponent list
2026-05-09 12:46:02,235 [ERROR] Middleware:2950 - Invalid RefComponent list
2026-05-09 12:46:02,235 [ERROR] Middleware:2950 - Invalid RefComponent list
2026-05-09 12:46:02,235 [ERROR] Middleware:2950 - Invalid RefComponent list
2026-05-09 12:46:02,235 [ERROR] Middleware:2950 - Invalid RefComponent list
2026-05-09 12:46:02,235 [ERROR] Middleware:2950 - Invalid RefComponent list
2026-05-09 12:46:02,235 [ERROR] Middleware:2950 - Invalid RefComponent list
2026-05-09 12:46:02,235 [ERROR] Middleware:2950 - Invalid RefComponent list
2026-05-09 12:46:02,235 [ERROR] Middleware:2950 - Invalid RefComponent list
2026-05-09 12:46:02,235 [ERROR] Middleware:2950 - Invalid RefComponent list
2026-05-09 12:46:02,236 [ERROR] Middleware:2950 - Invalid RefComponent list
2026-05-09 12:46:02,236 [ERROR] Middleware:2950 - Invalid RefComponent list
2026-05-09 12:46:02,236 [ERROR] Middleware:2950 - Invalid RefComponent list
2026-05-09 12:46:02,236 [ERROR] Middleware:2950 - Invalid RefComponent list
2026-05-09 12:46:02,236 [ERROR] Middleware:2950 - Invalid RefComponent list
2026-05-09 12:46:02,236 [ERROR] Middleware:2950 - Invalid RefComponent list
2026-05-09 12:46:02,237 [ERROR] Middleware:2950 - Invalid RefComponent list
2026-05-09 12:46:02,237 [ERROR] Middleware:2950 - Invalid RefComponent list
2026-05-09 12:46:02,237 [ERROR] Middleware:2950 - Invalid RefComponent list
2026-05-09 12:46:02,237 [ERROR] Middleware:2950 - Invalid RefComponent list
2026-05-09 12:46:02,237 [ERROR] Middleware:2950 - Invalid RefComponent list
2026-05-09 12:46:02,238 [ERROR] Middleware:2950 - Invalid RefComponent list
2026-05-09 12:46:02,238 [ERROR] Middleware:2950 - Invalid RefComponent list
2026-05-09 12:46:02,238 [ERROR] Middleware:2950 - Invalid RefComponent list
2026-05-09 12:46:02,238 [ERROR] Middleware:2950 - Invalid RefComponent list
2026-05-09 12:46:02,239 [ERROR] Middleware:2950 - Invalid RefComponent list
2026-05-09 12:46:02,239 [ERROR] Middleware:2950 - Invalid RefComponent list
2026-05-09 12:46:02,239 [ERROR] Middleware:2950 - Invalid RefComponent list
2026-05-09 12:46:02,239 [ERROR] Middleware:2950 - Invalid RefComponent list
2026-05-09 12:46:02,239 [ERROR] Middleware:2950 - Invalid RefComponent list
2026-05-09 12:46:02,240 [ERROR] Middleware:2950 - Invalid RefComponent list
2026-05-09 12:46:02,240 [ERROR] Middleware:2950 - Invalid RefComponent list
2026-05-09 12:46:02,240 [ERROR] Middleware:2950 - Invalid RefComponent list
2026-05-09 12:46:02,240 [ERROR] Middleware:2950 - Invalid RefComponent list
2026-05-09 12:46:02,240 [ERROR] Middleware:2950 - Invalid RefComponent list
2026-05-09 12:46:02,240 [ERROR] Middleware:2950 - Invalid RefComponent list
2026-05-09 12:46:02,241 [ERROR] Middleware:2950 - Invalid RefComponent list
2026-05-09 12:46:02,241 [ERROR] Middleware:2950 - Invalid RefComponent list
2026-05-09 12:46:02,241 [ERROR] Middleware:2950 - Invalid RefComponent list
2026-05-09 12:46:02,241 [ERROR] Middleware:2950 - Invalid RefComponent list
2026-05-09 12:46:02,241 [ERROR] Middleware:2950 - Invalid RefComponent list
2026-05-09 12:46:02,241 [ERROR] Middleware:2950 - Invalid RefComponent list
2026-05-09 12:46:02,242 [ERROR] Middleware:2950 - Invalid RefComponent list
2026-05-09 12:46:02,242 [ERROR] Middleware:2950 - Invalid RefComponent list
2026-05-09 12:46:02,242 [ERROR] Middleware:2950 - Invalid RefComponent list
2026-05-09 12:46:02,242 [ERROR] Middleware:2950 - Invalid RefComponent list
2026-05-09 12:46:02,242 [ERROR] Middleware:2950 - Invalid RefComponent list
2026-05-09 12:46:02,242 [ERROR] Middleware:2950 - Invalid RefComponent list
2026-05-09 12:46:02,242 [ERROR] Middleware:2950 - Invalid RefComponent list
2026-05-09 12:46:02,242 [ERROR] Middleware:2950 - Invalid RefComponent list
2026-05-09 12:46:02,244 [ERROR] Middleware:2950 - Invalid RefComponent list
2026-05-09 12:46:02,244 [ERROR] Middleware:2950 - Invalid RefComponent list
2026-05-09 12:46:02,244 [ERROR] Middleware:2950 - Invalid RefComponent list
2026-05-09 12:46:02,244 [ERROR] Middleware:2950 - Invalid RefComponent list
2026-05-09 12:46:02,244 [ERROR] Middleware:2950 - Invalid RefComponent list
2026-05-09 12:46:02,244 [ERROR] Middleware:2950 - Invalid RefComponent list
2026-05-09 12:46:02,244 [ERROR] Middleware:2950 - Invalid RefComponent list
2026-05-09 12:46:02,244 [ERROR] Middleware:2950 - Invalid RefComponent list
2026-05-09 12:46:02,244 [ERROR] Middleware:2950 - Invalid RefComponent list
2026-05-09 12:46:02,244 [ERROR] Middleware:2950 - Invalid RefComponent list
2026-05-09 12:46:02,245 [ERROR] Middleware:2950 - Invalid RefComponent list
2026-05-09 12:46:02,245 [ERROR] Middleware:2950 - Invalid RefComponent list
2026-05-09 12:46:02,245 [ERROR] Middleware:2950 - Invalid RefComponent list
2026-05-09 12:46:02,245 [ERROR] Middleware:2950 - Invalid RefComponent list
2026-05-09 12:46:02,245 [ERROR] Middleware:2950 - Invalid RefComponent list
2026-05-09 12:46:02,245 [ERROR] Middleware:2950 - Invalid RefComponent list
2026-05-09 12:46:02,245 [ERROR] Middleware:2950 - Invalid RefComponent list
2026-05-09 12:46:02,247 [ERROR] Middleware:2950 - Invalid RefComponent list
2026-05-09 12:46:02,247 [ERROR] Middleware:2950 - Invalid RefComponent list
2026-05-09 12:46:02,247 [ERROR] Middleware:2950 - Invalid RefComponent list
2026-05-09 12:46:02,247 [ERROR] Middleware:2950 - Invalid RefComponent list
2026-05-09 12:46:02,248 [WARN] ThirdPartyIpManager:480 - Condition 'CM33 IAR Condition' not fulfilled in pack 'STMicroelectronics.X-CUBE-FREERTOS.1.3.1'
2026-05-09 12:46:02,248 [WARN] ThirdPartyIpManager:480 - Condition 'CM33 IAR Condition' not fulfilled in pack 'STMicroelectronics.X-CUBE-FREERTOS.1.3.1'
2026-05-09 12:46:02,248 [WARN] ThirdPartyIpManager:480 - Condition 'CM33 IAR Condition' not fulfilled in pack 'STMicroelectronics.X-CUBE-FREERTOS.1.3.1'
2026-05-09 12:46:02,248 [WARN] ThirdPartyIpManager:480 - Condition 'CM33 GNU ARMC6 Condition' not fulfilled in pack 'STMicroelectronics.X-CUBE-FREERTOS.1.3.1'
2026-05-09 12:46:02,248 [WARN] ThirdPartyIpManager:480 - Condition 'CM33 GNU ARMC6 Condition' not fulfilled in pack 'STMicroelectronics.X-CUBE-FREERTOS.1.3.1'
2026-05-09 12:46:02,249 [WARN] ThirdPartyIpManager:480 - Condition 'CM33 GNU ARMC6 Condition' not fulfilled in pack 'STMicroelectronics.X-CUBE-FREERTOS.1.3.1'
2026-05-09 12:46:02,249 [WARN] ThirdPartyIpManager:480 - Condition 'CM0 IAR Condition' not fulfilled in pack 'STMicroelectronics.X-CUBE-FREERTOS.1.3.1'
2026-05-09 12:46:02,249 [WARN] ThirdPartyIpManager:480 - Condition 'CM0 IAR Condition' not fulfilled in pack 'STMicroelectronics.X-CUBE-FREERTOS.1.3.1'
2026-05-09 12:46:02,249 [WARN] ThirdPartyIpManager:480 - Condition 'CM0 IAR Condition' not fulfilled in pack 'STMicroelectronics.X-CUBE-FREERTOS.1.3.1'
2026-05-09 12:46:02,495 [INFO] ProjectBuilder:9437 - Time for Copy ThirdParty[1] : 242mS.
2026-05-09 12:46:02,510 [INFO] ProjectBuilder:5216 - Project Generator version: 4.7.0-B52
2026-05-09 12:46:02,696 [INFO] ConfigFileManager:1595 - The Die is : DIE493
2026-05-09 12:46:02,730 [INFO] ApiDbMcu:532 - Load IP Config File for FILEX
2026-05-09 12:46:02,756 [INFO] ApiDbMcu:532 - Load IP Config File for LEVELX
2026-05-09 12:46:02,784 [INFO] ApiDbMcu:532 - Load IP Config File for THREADX
2026-05-09 12:46:02,824 [INFO] ApiDbMcu:532 - Load IP Config File for USBX
2026-05-09 12:46:04,260 [INFO] LogOutputStream:77 - [STDOUT_REDIRECT] 
2026-05-09 12:46:07,189 [INFO] ProjectBuilder:5496 - Time for Generating toolchain IDE Files: 4678mS.
2026-05-09 12:46:07,191 [INFO] ProjectBuilder:3463 - Time for Copy CMSIS : 1mS.
2026-05-09 12:46:07,199 [INFO] ProjectBuilder:3463 - Time for Copy CMSIS : 0mS.
2026-05-09 13:38:25,813 [INFO] WebApp:194 - Connection lost
2026-05-09 13:38:26,068 [INFO] WebApp:191 - Connection restablished
2026-05-09 14:57:37,819 [INFO] WebApp:194 - Connection lost
2026-05-09 14:57:38,081 [INFO] WebApp:191 - Connection restablished
2026-05-09 16:34:13,206 [INFO] WebApp:194 - Connection lost
2026-05-09 16:34:13,549 [INFO] WebApp:191 - Connection restablished
2026-05-09 17:09:32,086 [ERROR] LogOutputStream:75 - [STDERR_REDIRECT] 
2026-05-09 17:09:32,087 [ERROR] LogOutputStream:75 - [STDERR_REDIRECT] 
