2026-05-11 09:58:52,607 [INFO] Activator:176 - 


2026-05-11 09:58:52,614 [INFO] Activator:177 - !SESSION log4j initialized
2026-05-11 09:58:59,138 [INFO] LogOutputStream:77 - [STDOUT_REDIRECT] 
2026-05-11 09:59:03,165 [INFO] ApplicationProperties:184 - Using Application install path: D:\STM32CubeIDE_1.19.0\STM32CubeIDE\plugins\com.st.stm32cube.common.mx_6.15.0.202507011659
2026-05-11 09:59:03,187 [INFO] DbMcusXml:78 - Set database path to: D:\STM32CubeIDE_1.19.0\STM32CubeIDE\plugins\com.st.stm32cube.common.mx_6.15.0.202507011659\\db\/mcu/
2026-05-11 09:59:03,187 [INFO] ApiDb:274 - Set plugin database path to: D:\STM32CubeIDE_1.19.0\STM32CubeIDE\plugins\com.st.stm32cube.common.mx_6.15.0.202507011659\\db\/plugins/boardmanager/
2026-05-11 09:59:03,187 [WARN] ApiDb:259 - Overriding images path with different value:  => D:\STM32CubeIDE_1.19.0\STM32CubeIDE\plugins\com.st.stm32cube.common.mx_6.15.0.202507011659\\db\/plugins/mcufinder/images/
2026-05-11 09:59:03,209 [INFO] ApiDb:250 - Set database path to: C:\Users\Asmita Milind Bagad\.stmcufinder\plugins\mcufinder//mcu/
2026-05-11 09:59:03,211 [INFO] DbMcusAds:125 - Set database path to: C:\Users\Asmita Milind Bagad\.stmcufinder\plugins\mcufinder//mcu/
2026-05-11 09:59:03,214 [INFO] CrossReferenceDbSqlite:203 - Set database path to: C:\Users\Asmita Milind Bagad\.stmcufinder\plugins\mcufinder//mcu/cs/
2026-05-11 09:59:03,422 [INFO] RulesReader:64 - Compatibility file has been processed (317 Rules)
2026-05-11 09:59:03,562 [INFO] DbMcusXml:78 - Set database path to: D:\STM32CubeIDE_1.19.0\STM32CubeIDE\plugins\com.st.stm32cube.common.mx_6.15.0.202507011659\\db\/mcu/
2026-05-11 09:59:03,562 [INFO] ApiDb:274 - Set plugin database path to: D:\STM32CubeIDE_1.19.0\STM32CubeIDE\plugins\com.st.stm32cube.common.mx_6.15.0.202507011659\\db\/plugins/boardmanager/
2026-05-11 09:59:03,562 [INFO] ApiDb:261 - Set plugin images path to: D:\STM32CubeIDE_1.19.0\STM32CubeIDE\plugins\com.st.stm32cube.common.mx_6.15.0.202507011659\\db\/plugins/mcufinder/images/
2026-05-11 09:59:03,568 [WARN] DbFile:41 - Overriding database path with different value: C:\Users\Asmita Milind Bagad\.stmcufinder\plugins\mcufinder/ => C:\Users\Asmita Milind Bagad\.stmcufinder\plugins\mcufinder
2026-05-11 09:59:03,568 [INFO] ApiDb:250 - Set database path to: C:\Users\Asmita Milind Bagad\.stmcufinder\plugins\mcufinder//mcu/
2026-05-11 09:59:03,568 [WARN] DbFile:41 - Overriding database path with different value: C:\Users\Asmita Milind Bagad\.stmcufinder\plugins\mcufinder/ => C:\Users\Asmita Milind Bagad\.stmcufinder\plugins\mcufinder
2026-05-11 09:59:03,568 [INFO] DbMcusAds:125 - Set database path to: C:\Users\Asmita Milind Bagad\.stmcufinder\plugins\mcufinder//mcu/
2026-05-11 09:59:03,568 [WARN] DbFile:41 - Overriding database path with different value: C:\Users\Asmita Milind Bagad\.stmcufinder\plugins\mcufinder/ => C:\Users\Asmita Milind Bagad\.stmcufinder\plugins\mcufinder
2026-05-11 09:59:03,568 [WARN] DbFile:41 - Overriding database path with different value: C:\Users\Asmita Milind Bagad\.stmcufinder\plugins\mcufinder/ => C:\Users\Asmita Milind Bagad\.stmcufinder\plugins\mcufinder
2026-05-11 09:59:03,568 [INFO] CrossReferenceDbSqlite:203 - Set database path to: C:\Users\Asmita Milind Bagad\.stmcufinder\plugins\mcufinder//mcu/cs/
2026-05-11 09:59:03,693 [INFO] MainPanel:274 - HeapMemory: 268435456
2026-05-11 09:59:03,878 [INFO] DbMcusXml:78 - Set database path to: D:\STM32CubeIDE_1.19.0\STM32CubeIDE\plugins\com.st.stm32cube.common.mx_6.15.0.202507011659\\db\/mcu/
2026-05-11 09:59:03,878 [INFO] ApiDb:274 - Set plugin database path to: D:\STM32CubeIDE_1.19.0\STM32CubeIDE\plugins\com.st.stm32cube.common.mx_6.15.0.202507011659\\db\/plugins/boardmanager/
2026-05-11 09:59:03,878 [INFO] ApiDb:261 - Set plugin images path to: D:\STM32CubeIDE_1.19.0\STM32CubeIDE\plugins\com.st.stm32cube.common.mx_6.15.0.202507011659\\db\/plugins/mcufinder/images/
2026-05-11 09:59:03,884 [WARN] DbFile:41 - Overriding database path with different value: C:\Users\Asmita Milind Bagad\.stmcufinder\plugins\mcufinder/ => C:\Users\Asmita Milind Bagad\.stmcufinder\plugins\mcufinder
2026-05-11 09:59:03,884 [INFO] ApiDb:250 - Set database path to: C:\Users\Asmita Milind Bagad\.stmcufinder\plugins\mcufinder//mcu/
2026-05-11 09:59:03,884 [WARN] DbFile:41 - Overriding database path with different value: C:\Users\Asmita Milind Bagad\.stmcufinder\plugins\mcufinder/ => C:\Users\Asmita Milind Bagad\.stmcufinder\plugins\mcufinder
2026-05-11 09:59:03,884 [INFO] DbMcusAds:125 - Set database path to: C:\Users\Asmita Milind Bagad\.stmcufinder\plugins\mcufinder//mcu/
2026-05-11 09:59:03,884 [WARN] DbFile:41 - Overriding database path with different value: C:\Users\Asmita Milind Bagad\.stmcufinder\plugins\mcufinder/ => C:\Users\Asmita Milind Bagad\.stmcufinder\plugins\mcufinder
2026-05-11 09:59:03,885 [WARN] DbFile:41 - Overriding database path with different value: C:\Users\Asmita Milind Bagad\.stmcufinder\plugins\mcufinder/ => C:\Users\Asmita Milind Bagad\.stmcufinder\plugins\mcufinder
2026-05-11 09:59:03,885 [INFO] CrossReferenceDbSqlite:203 - Set database path to: C:\Users\Asmita Milind Bagad\.stmcufinder\plugins\mcufinder//mcu/cs/
2026-05-11 09:59:03,920 [INFO] ApplicationProperties:184 - Using Application install path: D:\STM32CubeIDE_1.19.0\STM32CubeIDE\plugins\com.st.stm32cube.common.mx_6.15.0.202507011659
2026-05-11 09:59:03,920 [INFO] PluginManage:196 - Search for loadable plugins [exclusion list=, ]
2026-05-11 09:59:03,924 [INFO] PluginManage:310 - Check plugin analytics
2026-05-11 09:59:04,274 [INFO] AnalyticsPlugin:253 - Accepted Software Licenses: 
2026-05-11 09:59:04,274 [INFO] AnalyticsPlugin:255 - Accepted CMSIS Pack Licenses: STMicroelectronics.X-CUBE-FREERTOS.1.3.1,RealThread.X-CUBE-RT-Thread_Nano.4.1.1,STMicroelectronics.X-CUBE-FREERTOS.1.5.0,STMicroelectronics.X-CUBE-FREERTOS.1.4.0
2026-05-11 09:59:04,276 [INFO] AnalyticsPlugin:257 - Accepted Firmware Licenses: FW.F4.1.28.0,FW.G4.1.6.0,FW.C0.1.4.0
2026-05-11 09:59:04,280 [INFO] PluginManage:359 - Loaded plugin analytics (category:tool,tabindex:-1)
2026-05-11 09:59:04,280 [INFO] PluginManage:310 - Check plugin cadmodel
2026-05-11 09:59:04,296 [INFO] CADModel:105 - Init CAD model plugin
2026-05-11 09:59:04,296 [INFO] PluginManage:359 - Loaded plugin cadmodel (category:power,tabindex:5)
2026-05-11 09:59:04,296 [INFO] PluginManage:310 - Check plugin clock
2026-05-11 09:59:04,339 [INFO] PluginManage:359 - Loaded plugin clock (category:base,tabindex:2)
2026-05-11 09:59:04,339 [INFO] PluginManage:310 - Check plugin ddr
2026-05-11 09:59:04,345 [INFO] PluginManage:359 - Loaded plugin ddr (category:tool,tabindex:6)
2026-05-11 09:59:04,345 [INFO] PluginManage:310 - Check plugin filemanager
2026-05-11 09:59:04,614 [INFO] PluginManage:359 - Loaded plugin filemanager (category:base,tabindex:10)
2026-05-11 09:59:04,614 [INFO] PluginManage:310 - Check plugin ipmanager
2026-05-11 09:59:04,639 [INFO] PluginManage:359 - Loaded plugin ipmanager (category:base,tabindex:5)
2026-05-11 09:59:04,639 [INFO] PluginManage:310 - Check plugin lpbam
2026-05-11 09:59:04,655 [INFO] PluginManage:359 - Loaded plugin lpbam (category:base,tabindex:0)
2026-05-11 09:59:04,655 [INFO] PluginManage:310 - Check plugin memorymap
2026-05-11 09:59:04,708 [INFO] PluginManage:359 - Loaded plugin memorymap (category:base,tabindex:4)
2026-05-11 09:59:04,711 [INFO] PluginManage:310 - Check plugin pinoutandconfiguration
2026-05-11 09:59:04,744 [INFO] PluginManage:359 - Loaded plugin pinoutandconfiguration (category:base,tabindex:1)
2026-05-11 09:59:04,744 [INFO] PluginManage:310 - Check plugin pinoutconfig
2026-05-11 09:59:04,907 [WARN] SupportedApi:132 - Cannot load RTOS API schema: s4s-elt-must-match.1: The content of 'definitions' must match (annotation?, (simpleType | complexType)?, (unique | key | keyref)*)). A problem was found starting at: attribute.
2026-05-11 09:59:05,117 [INFO] PluginManage:359 - Loaded plugin pinoutconfig (category:base,tabindex:0)
2026-05-11 09:59:05,117 [INFO] PluginManage:310 - Check plugin power
2026-05-11 09:59:05,145 [INFO] PluginManage:359 - Loaded plugin power (category:power,tabindex:4)
2026-05-11 09:59:05,145 [INFO] PluginManage:310 - Check plugin projectmanager
2026-05-11 09:59:05,173 [INFO] PluginManage:359 - Loaded plugin projectmanager (category:projectmanager,tabindex:4)
2026-05-11 09:59:05,173 [INFO] PluginManage:310 - Check plugin rif
2026-05-11 09:59:05,205 [INFO] PluginManage:359 - Loaded plugin rif (category:base,tabindex:3)
2026-05-11 09:59:05,205 [INFO] PluginManage:310 - Check plugin thirdparty
2026-05-11 09:59:05,734 [INFO] PluginManage:359 - Loaded plugin thirdparty (category:base,tabindex:-1)
2026-05-11 09:59:05,734 [WARN] IntegrityCheckThread:84 - waiting for thirdparty lock release [integrity check]
2026-05-11 09:59:05,736 [INFO] PluginManage:310 - Check plugin tools
2026-05-11 09:59:05,736 [INFO] IntegrityCheckThread:86 - entering critical section [integrity check]
2026-05-11 09:59:05,736 [INFO] ThirdPartyUpdaterWithRetryManager:70 - Updater plugin not ready yet. [1/15]
2026-05-11 09:59:05,807 [INFO] PluginManage:359 - Loaded plugin tools (category:base,tabindex:7)
2026-05-11 09:59:05,807 [INFO] PluginManage:310 - Check plugin tutovideos
2026-05-11 09:59:06,186 [INFO] PluginManage:359 - Loaded plugin tutovideos (category:base,tabindex:-1)
2026-05-11 09:59:06,186 [INFO] PluginManage:310 - Check plugin updater
2026-05-11 09:59:06,224 [INFO] PluginManage:359 - Loaded plugin updater (category:base,tabindex:12)
2026-05-11 09:59:06,224 [INFO] PluginManage:310 - Check plugin userauth
2026-05-11 09:59:06,228 [INFO] UserAuth:118 - Init User Auth plugin
2026-05-11 09:59:06,228 [INFO] PluginManage:359 - Loaded plugin userauth (category:base,tabindex:14)
2026-05-11 09:59:06,228 [INFO] PluginManage:283 - PluginManage : Loaded plugins [18]
2026-05-11 09:59:06,572 [INFO] PinOutPanel:1589 - setPackage(No Configuration,No Configuration)
2026-05-11 09:59:06,737 [INFO] CADModel:165 - CPN selected for project level
2026-05-11 09:59:06,737 [INFO] CADModel:114 - Register for checkConnection events
2026-05-11 09:59:06,778 [INFO] IPUIPlugin:80 - create IPUIPlugin
2026-05-11 09:59:06,778 [INFO] PluginManager:220 - loadIPPluginJar : add adc
2026-05-11 09:59:06,855 [INFO] IPUIPlugin:80 - create IPUIPlugin
2026-05-11 09:59:06,855 [INFO] PluginManager:220 - loadIPPluginJar : add aes
2026-05-11 09:59:06,940 [INFO] IPUIPlugin:80 - create IPUIPlugin
2026-05-11 09:59:06,940 [INFO] PluginManager:220 - loadIPPluginJar : add can
2026-05-11 09:59:06,987 [INFO] IPUIPlugin:80 - create IPUIPlugin
2026-05-11 09:59:06,989 [INFO] PluginManager:220 - loadIPPluginJar : add comp
2026-05-11 09:59:07,069 [INFO] IPUIPlugin:80 - create IPUIPlugin
2026-05-11 09:59:07,069 [INFO] PluginManager:220 - loadIPPluginJar : add cryp
2026-05-11 09:59:07,092 [INFO] IPUIPlugin:80 - create IPUIPlugin
2026-05-11 09:59:07,092 [INFO] PluginManager:220 - loadIPPluginJar : add ddr_ctrl_phy
2026-05-11 09:59:07,139 [INFO] IPUIPlugin:80 - create IPUIPlugin
2026-05-11 09:59:07,139 [INFO] PluginManager:220 - loadIPPluginJar : add dfsdm
2026-05-11 09:59:07,173 [INFO] IPUIPlugin:80 - create IPUIPlugin
2026-05-11 09:59:07,173 [INFO] PluginManager:220 - loadIPPluginJar : add dma
2026-05-11 09:59:07,250 [INFO] IPUIPlugin:80 - create IPUIPlugin
2026-05-11 09:59:07,250 [INFO] PluginManager:220 - loadIPPluginJar : add dma3
2026-05-11 09:59:07,332 [INFO] IPUIPlugin:80 - create IPUIPlugin
2026-05-11 09:59:07,332 [INFO] PluginManager:220 - loadIPPluginJar : add extmemmanager
2026-05-11 09:59:07,380 [INFO] IPUIPlugin:80 - create IPUIPlugin
2026-05-11 09:59:07,380 [INFO] PluginManager:220 - loadIPPluginJar : add fatfs
2026-05-11 09:59:07,457 [INFO] IPUIPlugin:80 - create IPUIPlugin
2026-05-11 09:59:07,457 [INFO] PluginManager:220 - loadIPPluginJar : add fmc
2026-05-11 09:59:07,495 [INFO] IPUIPlugin:80 - create IPUIPlugin
2026-05-11 09:59:07,495 [INFO] PluginManager:220 - loadIPPluginJar : add freertos
2026-05-11 09:59:07,522 [INFO] IPUIPlugin:80 - create IPUIPlugin
2026-05-11 09:59:07,522 [INFO] PluginManager:220 - loadIPPluginJar : add genericplugin
2026-05-11 09:59:07,712 [INFO] IPUIPlugin:80 - create IPUIPlugin
2026-05-11 09:59:07,712 [INFO] PluginManager:220 - loadIPPluginJar : add gfxmmu
2026-05-11 09:59:07,983 [INFO] IPUIPlugin:80 - create IPUIPlugin
2026-05-11 09:59:07,983 [INFO] PluginManager:220 - loadIPPluginJar : add gic
2026-05-11 09:59:08,003 [INFO] IPUIPlugin:80 - create IPUIPlugin
2026-05-11 09:59:08,003 [INFO] PluginManager:220 - loadIPPluginJar : add gpio
2026-05-11 09:59:08,188 [INFO] IPUIPlugin:80 - create IPUIPlugin
2026-05-11 09:59:08,188 [INFO] PluginManager:220 - loadIPPluginJar : add gtzc
2026-05-11 09:59:08,252 [INFO] IPUIPlugin:80 - create IPUIPlugin
2026-05-11 09:59:08,252 [INFO] PluginManager:220 - loadIPPluginJar : add hash
2026-05-11 09:59:08,371 [INFO] IPUIPlugin:80 - create IPUIPlugin
2026-05-11 09:59:08,371 [INFO] PluginManager:220 - loadIPPluginJar : add i2c
2026-05-11 09:59:08,451 [INFO] IPUIPlugin:80 - create IPUIPlugin
2026-05-11 09:59:08,451 [INFO] PluginManager:220 - loadIPPluginJar : add i2s
2026-05-11 09:59:08,522 [INFO] IPUIPlugin:80 - create IPUIPlugin
2026-05-11 09:59:08,522 [INFO] PluginManager:220 - loadIPPluginJar : add i3c
2026-05-11 09:59:08,742 [INFO] IPUIPlugin:80 - create IPUIPlugin
2026-05-11 09:59:08,742 [INFO] PluginManager:220 - loadIPPluginJar : add ipddr
2026-05-11 09:59:08,745 [INFO] ThirdPartyUpdaterWithRetryManager:70 - Updater plugin not ready yet. [2/15]
2026-05-11 09:59:08,925 [INFO] IPUIPlugin:80 - create IPUIPlugin
2026-05-11 09:59:08,925 [INFO] PluginManager:220 - loadIPPluginJar : add linkedlist
2026-05-11 09:59:08,998 [INFO] IPUIPlugin:80 - create IPUIPlugin
2026-05-11 09:59:08,998 [INFO] PluginManager:220 - loadIPPluginJar : add lorawan
2026-05-11 09:59:09,077 [INFO] IPUIPlugin:80 - create IPUIPlugin
2026-05-11 09:59:09,077 [INFO] PluginManager:220 - loadIPPluginJar : add ltdc
2026-05-11 09:59:09,097 [INFO] IPUIPlugin:80 - create IPUIPlugin
2026-05-11 09:59:09,097 [INFO] PluginManager:220 - loadIPPluginJar : add mdma
2026-05-11 09:59:09,121 [INFO] IPUIPlugin:80 - create IPUIPlugin
2026-05-11 09:59:09,121 [INFO] PluginManager:220 - loadIPPluginJar : add nvic
2026-05-11 09:59:09,191 [INFO] IPUIPlugin:80 - create IPUIPlugin
2026-05-11 09:59:09,191 [INFO] PluginManager:220 - loadIPPluginJar : add opamp
2026-05-11 09:59:09,311 [INFO] IPUIPlugin:80 - create IPUIPlugin
2026-05-11 09:59:09,311 [INFO] PluginManager:220 - loadIPPluginJar : add openamp
2026-05-11 09:59:09,394 [INFO] IPUIPlugin:80 - create IPUIPlugin
2026-05-11 09:59:09,394 [INFO] PluginManager:220 - loadIPPluginJar : add pdm2pcm
2026-05-11 09:59:09,410 [INFO] IPUIPlugin:80 - create IPUIPlugin
2026-05-11 09:59:09,410 [INFO] PluginManager:220 - loadIPPluginJar : add plateformsettings
2026-05-11 09:59:09,467 [INFO] IPUIPlugin:80 - create IPUIPlugin
2026-05-11 09:59:09,467 [INFO] PluginManager:220 - loadIPPluginJar : add quadspi
2026-05-11 09:59:09,505 [INFO] IPUIPlugin:80 - create IPUIPlugin
2026-05-11 09:59:09,505 [INFO] PluginManager:220 - loadIPPluginJar : add radio
2026-05-11 09:59:09,541 [INFO] IPUIPlugin:80 - create IPUIPlugin
2026-05-11 09:59:09,541 [INFO] PluginManager:220 - loadIPPluginJar : add resmgrutility
2026-05-11 09:59:09,634 [INFO] IPUIPlugin:80 - create IPUIPlugin
2026-05-11 09:59:09,634 [INFO] PluginManager:220 - loadIPPluginJar : add sai
2026-05-11 09:59:09,706 [INFO] IPUIPlugin:80 - create IPUIPlugin
2026-05-11 09:59:09,706 [INFO] PluginManager:220 - loadIPPluginJar : add spi
2026-05-11 09:59:09,860 [INFO] IPUIPlugin:80 - create IPUIPlugin
2026-05-11 09:59:09,860 [INFO] PluginManager:220 - loadIPPluginJar : add stm32_wpan
2026-05-11 09:59:09,916 [INFO] IPUIPlugin:80 - create IPUIPlugin
2026-05-11 09:59:09,916 [INFO] PluginManager:220 - loadIPPluginJar : add tim
2026-05-11 09:59:10,031 [INFO] IPUIPlugin:80 - create IPUIPlugin
2026-05-11 09:59:10,031 [INFO] PluginManager:220 - loadIPPluginJar : add touchsensing
2026-05-11 09:59:10,088 [INFO] IPUIPlugin:80 - create IPUIPlugin
2026-05-11 09:59:10,088 [INFO] PluginManager:220 - loadIPPluginJar : add tracer_emb
2026-05-11 09:59:10,132 [INFO] IPUIPlugin:80 - create IPUIPlugin
2026-05-11 09:59:10,132 [INFO] PluginManager:220 - loadIPPluginJar : add ts
2026-05-11 09:59:10,174 [INFO] IPUIPlugin:80 - create IPUIPlugin
2026-05-11 09:59:10,182 [INFO] PluginManager:220 - loadIPPluginJar : add tsc
2026-05-11 09:59:10,223 [INFO] IPUIPlugin:80 - create IPUIPlugin
2026-05-11 09:59:10,223 [INFO] PluginManager:220 - loadIPPluginJar : add ucpd
2026-05-11 09:59:10,313 [INFO] IPUIPlugin:80 - create IPUIPlugin
2026-05-11 09:59:10,313 [INFO] PluginManager:220 - loadIPPluginJar : add usart
2026-05-11 09:59:10,399 [INFO] IPUIPlugin:80 - create IPUIPlugin
2026-05-11 09:59:10,399 [INFO] PluginManager:220 - loadIPPluginJar : add usbx
2026-05-11 09:59:10,568 [FATAL] Updater:351 - Updater called before beeing initialized
2026-05-11 09:59:10,613 [INFO] RulesReader:64 - Compatibility file has been processed (317 Rules)
2026-05-11 09:59:10,634 [INFO] RulesReader:64 - Compatibility file has been processed (317 Rules)
2026-05-11 09:59:10,645 [INFO] CADModel:165 - CPN selected for project level
2026-05-11 09:59:10,645 [INFO] CADModel:114 - Register for checkConnection events
2026-05-11 09:59:10,645 [FATAL] Updater:351 - Updater called before beeing initialized
2026-05-11 09:59:10,645 [ERROR] CADModel:125 - Updater not yet initialized, retry later 
2026-05-11 09:59:10,904 [FATAL] Updater:351 - Updater called before beeing initialized
2026-05-11 09:59:10,908 [INFO] CADModel:165 - CPN selected for project level
2026-05-11 09:59:10,908 [INFO] CADModel:114 - Register for checkConnection events
2026-05-11 09:59:10,908 [FATAL] Updater:351 - Updater called before beeing initialized
2026-05-11 09:59:10,908 [ERROR] CADModel:125 - Updater not yet initialized, retry later 
2026-05-11 09:59:10,912 [FATAL] Updater:351 - Updater called before beeing initialized
2026-05-11 09:59:11,100 [FATAL] Updater:351 - Updater called before beeing initialized
2026-05-11 09:59:11,115 [INFO] DbMcusAds:53 - JSON generation date=Mon Apr 27 13:44:29 IST 2026 (1777277669577)
2026-05-11 09:59:11,115 [FATAL] Updater:351 - Updater called before beeing initialized
2026-05-11 09:59:11,257 [WARN] DetailPanel:346 - Failed to get advertising image, set to default
2026-05-11 09:59:11,434 [FATAL] Updater:351 - Updater called before beeing initialized
2026-05-11 09:59:11,440 [FATAL] Updater:351 - Updater called before beeing initialized
2026-05-11 09:59:11,440 [FATAL] Updater:351 - Updater called before beeing initialized
2026-05-11 09:59:11,440 [WARN] DetailPanel:346 - Failed to get advertising image, set to default
2026-05-11 09:59:11,440 [FATAL] Updater:351 - Updater called before beeing initialized
2026-05-11 09:59:11,543 [ERROR] Updater:1198 - MainUpdater not yet initialized. External WinMGr cannot be set.
2026-05-11 09:59:11,562 [INFO] Updater:1134 - Updater Version found : 6.15.0
2026-05-11 09:59:11,574 [INFO] ApplicationProperties:184 - Using Application install path: D:\STM32CubeIDE_1.19.0\STM32CubeIDE\plugins\com.st.stm32cube.common.mx_6.15.0.202507011659
2026-05-11 09:59:11,750 [INFO] ThirdPartyUpdaterWithRetryManager:70 - Updater plugin not ready yet. [3/15]
2026-05-11 09:59:13,230 [ERROR] LogOutputStream:75 - [STDERR_REDIRECT] May 11, 2026 9:59:13 AM java.util.prefs.WindowsPreferences <init>
2026-05-11 09:59:13,232 [ERROR] LogOutputStream:75 - [STDERR_REDIRECT] WARNING: Could not open/create prefs root node Software\JavaSoft\Prefs at root 0xffffffff80000002. Windows RegCreateKeyEx(...) returned error code 5.
2026-05-11 09:59:13,234 [ERROR] LogOutputStream:75 - [STDERR_REDIRECT] 
2026-05-11 09:59:13,938 [INFO] MainUpdater:2872 - connection check result : 10
2026-05-11 09:59:13,938 [INFO] MainUpdater:3604 - Updater definition file requires update
2026-05-11 09:59:13,938 [INFO] MainUpdater:289 - Updater Check For Update Now.
2026-05-11 09:59:13,938 [INFO] MicroXplorer:498 - Change Database Version : DB.6.0.150
2026-05-11 09:59:13,973 [INFO] McuFinderGlobals:63 - Set McuFinder mode to 2 (CubeIDE integrated)
2026-05-11 09:59:13,989 [INFO] UserAuth:487 - Internet connection configuration mode: 1
2026-05-11 09:59:14,035 [INFO] JxBrowserEngine:152 - Initiate JxBrowser Engine with user profile folder
2026-05-11 09:59:14,099 [INFO] ServerAccessManage:452 - Complete download http(s) 200
2026-05-11 09:59:14,099 [INFO] ServerAccessManage:509 - Download File updaters.zip
2026-05-11 09:59:14,417 [INFO] FileExtend:248 - Unzip File : updaters.zip
2026-05-11 09:59:14,417 [INFO] FileExtend:263 - Standard Zip Deflate
2026-05-11 09:59:14,777 [WARN] MainUpdater:1193 - Updater busy. Cannot search thirdparties
2026-05-11 09:59:14,777 [INFO] ThirdPartyUpdaterWithRetryManager:96 - Updater plugin is busy. [1/15]
2026-05-11 09:59:16,634 [INFO] ServerAccessManage:452 - Complete download http(s) 200
2026-05-11 09:59:16,634 [INFO] ServerAccessManage:509 - Download File PacksControlFlags.xml
2026-05-11 09:59:17,242 [INFO] WebApp:169 - Instantiating new browser for Auth
2026-05-11 09:59:17,272 [INFO] ServerAccessManage:452 - Complete download http(s) 200
2026-05-11 09:59:17,272 [INFO] ServerAccessManage:509 - Download File cubemx.pidx
2026-05-11 09:59:17,515 [INFO] LoadServerUpdatesThread:375 - End of LoadServerUpdate Thread
2026-05-11 09:59:17,766 [INFO] CheckServerUpdateThread:120 - End of CheckServer Thread
2026-05-11 09:59:18,384 [WARN] PackLoader:240 - Cannot read IP mode file for STMicroelectronics.X-CUBE-AZRTOS-H7.3.5.0
2026-05-11 09:59:18,435 [WARN] PackLoader:240 - Cannot read IP mode file for STMicroelectronics.FP-SNS-MOTENVWB1.1.4.0
2026-05-11 09:59:18,469 [WARN] PackLoader:240 - Cannot read IP mode file for STMicroelectronics.FP-ATR-ASTRA1.2.0.2
2026-05-11 09:59:18,501 [WARN] PackLoader:240 - Cannot read IP mode file for STMicroelectronics.X-CUBE-SMBUS.2.1.0
2026-05-11 09:59:18,574 [WARN] PackLoader:240 - Cannot read IP mode file for STMicroelectronics.X-CUBE-AZRTOS-F7.1.1.0
2026-05-11 09:59:18,586 [INFO] WebApp:463 - Apply proxy settings
2026-05-11 09:59:18,587 [INFO] WebApp:548 - Chromium requires no authentication
2026-05-11 09:59:18,605 [INFO] WebApp:491 - Direct internet connection detected
2026-05-11 09:59:18,612 [WARN] PackLoader:240 - Cannot read IP mode file for Cesanta.I-CUBE-Mongoose.7.19.0
2026-05-11 09:59:18,653 [WARN] PackLoader:240 - Cannot read IP mode file for WES.I-CUBE-Cesium.1.4.0
2026-05-11 09:59:18,657 [INFO] WebApp:900 - Register for checkConnection events
2026-05-11 09:59:18,658 [INFO] WebApp:463 - Apply proxy settings
2026-05-11 09:59:18,658 [INFO] WebApp:548 - Chromium requires no authentication
2026-05-11 09:59:18,658 [INFO] WebApp:491 - Direct internet connection detected
2026-05-11 09:59:18,713 [WARN] PackLoader:240 - Cannot read IP mode file for Infineon.AIROC-Wi-Fi-Bluetooth-STM32.1.7.1
2026-05-11 09:59:18,778 [WARN] PackLoader:240 - Cannot read IP mode file for STMicroelectronics.X-CUBE-AZRTOS-H7.3.4.0
2026-05-11 09:59:18,812 [WARN] PackLoader:240 - Cannot read IP mode file for STMicroelectronics.X-CUBE-DISPLAY.3.0.0
2026-05-11 09:59:18,851 [WARN] PackLoader:240 - Cannot read IP mode file for STMicroelectronics.X-CUBE-GNSS1.7.1.1
2026-05-11 09:59:18,874 [WARN] PackLoader:240 - Cannot read IP mode file for STMicroelectronics.FP-SNS-MOTENVWB1.1.5.0
2026-05-11 09:59:18,897 [WARN] PackLoader:240 - Cannot read IP mode file for STMicroelectronics.X-CUBE-NFC10.1.0.0
2026-05-11 09:59:18,926 [WARN] PackLoader:240 - Cannot read IP mode file for emotas.I-CUBE-CANOPEN.1.3.0
2026-05-11 09:59:18,954 [WARN] PackLoader:240 - Cannot read IP mode file for STMicroelectronics.X-CUBE-GNSS1.7.1.0
2026-05-11 09:59:18,981 [WARN] PackLoader:240 - Cannot read IP mode file for STMicroelectronics.FP-SNS-SMARTAG2.1.2.0
2026-05-11 09:59:19,002 [WARN] PackLoader:240 - Cannot read IP mode file for STMicroelectronics.FP-SNS-FLIGHT1.5.1.0
2026-05-11 09:59:19,052 [INFO] LogOutputStream:77 - [STDOUT_REDIRECT] 1 : Invalid condition id : UX_CORESTACK_Condition cause : null
2026-05-11 09:59:19,052 [INFO] LogOutputStream:77 - [STDOUT_REDIRECT] 1 : Invalid condition id : UX_CORESTACK_Condition cause : null
2026-05-11 09:59:19,056 [INFO] LogOutputStream:77 - [STDOUT_REDIRECT] 1 : Invalid condition id : UX_CORESTACK_Condition cause : null
2026-05-11 09:59:19,060 [INFO] LogOutputStream:77 - [STDOUT_REDIRECT] 1 : Invalid condition id : UX_CORESTACK_Condition cause : null
2026-05-11 09:59:19,070 [INFO] LogOutputStream:77 - [STDOUT_REDIRECT] 1 : Invalid condition id : UX_CORESTACK_Condition cause : null
2026-05-11 09:59:19,079 [WARN] PackLoader:240 - Cannot read IP mode file for STMicroelectronics.X-CUBE-AZRTOS-WL.2.0.0
2026-05-11 09:59:19,098 [INFO] WebApp:225 - Starting web application
2026-05-11 09:59:19,100 [INFO] WebApp:593 - Web application path used D:\STM32CubeIDE_1.19.0\STM32CubeIDE\plugins\com.st.stm32cube.common.mx_6.15.0.202507011659\db\plugins\mcufinder\reactClient1\index.html
2026-05-11 09:59:19,144 [INFO] WebApp:191 - Connection restablished
2026-05-11 09:59:19,172 [WARN] PackLoader:240 - Cannot read IP mode file for STMicroelectronics.X-CUBE-AZRTOS-H7RS.1.2.0
2026-05-11 09:59:19,217 [WARN] PackLoader:240 - Cannot read IP mode file for STMicroelectronics.X-CUBE-BLE2.3.3.0
2026-05-11 09:59:19,336 [WARN] PackLoader:240 - Cannot read IP mode file for STMicroelectronics.X-CUBE-NFC9.1.0.0
2026-05-11 09:59:19,372 [WARN] PackLoader:240 - Cannot read IP mode file for wolfSSL.I-CUBE-wolfSSL.5.8.2
2026-05-11 09:59:19,404 [WARN] PackLoader:240 - Cannot read IP mode file for STMicroelectronics.X-CUBE-BLE1.7.1.0
2026-05-11 09:59:19,436 [WARN] PackLoader:240 - Cannot read IP mode file for wolfSSL.I-CUBE-wolfMQTT.1.19.2
2026-05-11 09:59:19,469 [WARN] PackLoader:240 - Cannot read IP mode file for STMicroelectronics.X-CUBE-FREERTOS.1.4.0
2026-05-11 09:59:19,507 [WARN] PackLoader:240 - Cannot read IP mode file for STMicroelectronics.FP-SNS-STAIOTCFT.1.1.0
2026-05-11 09:59:19,532 [INFO] UserAuth:487 - Internet connection configuration mode: 1
2026-05-11 09:59:19,623 [WARN] PackLoader:240 - Cannot read IP mode file for STMicroelectronics.X-CUBE-MEMS1.12.0.0
2026-05-11 09:59:19,758 [WARN] PackLoader:240 - Cannot read IP mode file for STMicroelectronics.X-CUBE-AZRTOS-G0.1.1.0
2026-05-11 09:59:19,783 [WARN] PackLoader:240 - Cannot read IP mode file for STMicroelectronics.X-CUBE-SAFEA1.1.2.2
2026-05-11 09:59:19,806 [WARN] PackLoader:240 - Cannot read IP mode file for STMicroelectronics.X-CUBE-NFC4.3.0.0
2026-05-11 09:59:19,831 [WARN] PackLoader:240 - Cannot read IP mode file for EmbeddedOffice.I-CUBE-FS-RTOS.1.0.1
2026-05-11 09:59:19,853 [WARN] PackLoader:240 - Cannot read IP mode file for STMicroelectronics.X-CUBE-WB05N.2.0.0
2026-05-11 09:59:19,872 [WARN] PackLoader:240 - Cannot read IP mode file for wolfSSL.I-CUBE-wolfTPM.3.8.0
2026-05-11 09:59:19,892 [WARN] PackLoader:240 - Cannot read IP mode file for STMicroelectronics.X-CUBE-TCPP.4.2.0
2026-05-11 09:59:19,918 [WARN] PackLoader:240 - Cannot read IP mode file for RealThread.X-CUBE-RT-Thread_Nano.4.1.1
2026-05-11 09:59:20,027 [WARN] PackLoader:240 - Cannot read IP mode file for STMicroelectronics.FP-ATR-SIGFOX1.3.2.0
2026-05-11 09:59:20,042 [WARN] PackLoader:240 - Cannot read IP mode file for STMicroelectronics.X-CUBE-FREERTOS.1.5.0
2026-05-11 09:59:20,063 [WARN] PackLoader:240 - Cannot read IP mode file for ITTIA_DB.I-CUBE-ITTIADB.8.9.0
2026-05-11 09:59:20,088 [WARN] PackLoader:240 - Cannot read IP mode file for STMicroelectronics.X-CUBE-NFC6.3.2.0
2026-05-11 09:59:20,155 [WARN] PackLoader:240 - Cannot read IP mode file for STMicroelectronics.X-CUBE-MEMS1.12.1.0
2026-05-11 09:59:20,261 [WARN] PackLoader:240 - Cannot read IP mode file for SEGGER.I-CUBE-embOS.1.3.1
2026-05-11 09:59:20,317 [WARN] PackLoader:240 - Cannot read IP mode file for STMicroelectronics.X-CUBE-ALGOBUILD.1.4.0
2026-05-11 09:59:20,378 [WARN] PackLoader:240 - Cannot read IP mode file for STMicroelectronics.X-CUBE-MEMS1.11.3.0
2026-05-11 09:59:20,490 [WARN] PackLoader:240 - Cannot read IP mode file for STMicroelectronics.X-CUBE-PM33A1.1.0.0
2026-05-11 09:59:20,517 [WARN] PackLoader:240 - Cannot read IP mode file for STMicroelectronics.X-CUBE-AZRTOS-F4.1.1.0
2026-05-11 09:59:20,534 [WARN] PackLoader:240 - Cannot read IP mode file for STMicroelectronics.X-CUBE-ISPU.2.1.0
2026-05-11 09:59:20,548 [WARN] PackLoader:240 - Cannot read IP mode file for STMicroelectronics.eDS-WB_DPC_TT-BIDIR.2.1.1
2026-05-11 09:59:20,584 [WARN] PackLoader:240 - Cannot read IP mode file for STMicroelectronics.X-CUBE-AZRTOS-L5.2.0.0
2026-05-11 09:59:20,621 [WARN] PackLoader:240 - Cannot read IP mode file for STMicroelectronics.X-CUBE-NFC6.3.1.0
2026-05-11 09:59:20,636 [WARN] PackLoader:240 - Cannot read IP mode file for STMicroelectronics.eDS-WB_DPC_VIENNA.1.2.0
2026-05-11 09:59:20,662 [WARN] PackLoader:240 - Cannot read IP mode file for STMicroelectronics.eDS-WB_DPC_3PH2L-BIDIR.1.1.1
2026-05-11 09:59:20,685 [ERROR] Engine:466 - C:\Users\Asmita Milind Bagad\.stm32cubemx\thirdparties\pdsc\STMicroelectronics.X-CUBE-ST67W61.1.3.0.pdsc: PDSC version is not supported
2026-05-11 09:59:20,705 [WARN] PackLoader:240 - Cannot read IP mode file for STMicroelectronics.X-CUBE-FREERTOS.1.3.1
2026-05-11 09:59:20,780 [WARN] PackLoader:240 - Cannot read IP mode file for STMicroelectronics.X-CUBE-TOUCHGFX.4.26.0
2026-05-11 09:59:20,793 [WARN] PackLoader:240 - Cannot read IP mode file for STMicroelectronics.X-CUBE-TOUCHGFX.4.26.1
2026-05-11 09:59:20,806 [WARN] PackLoader:240 - Cannot read IP mode file for STMicroelectronics.FP-SNS-STAIOTCFT.1.0.0
2026-05-11 09:59:20,820 [WARN] PackLoader:240 - Cannot read IP mode file for STMicroelectronics.X-CUBE-DPower.1.3.0
2026-05-11 09:59:20,847 [WARN] ConditionMgr:438 - getConditionDescription Invalid condition id : LAN8742 Phy interface Condition cause : null
2026-05-11 09:59:20,849 [WARN] PackLoader:240 - Cannot read IP mode file for STMicroelectronics.X-CUBE-AZRTOS-L4.2.0.0
2026-05-11 09:59:20,850 [WARN] ConditionMgr:1044 - genDependencies : Invalid condition id : LAN8742 Phy interface Condition cause : null
2026-05-11 09:59:20,850 [WARN] ConditionMgr:1044 - genDependencies : Invalid condition id : LAN8742 Phy interface Condition cause : null
2026-05-11 09:59:20,850 [WARN] ConditionMgr:1044 - genDependencies : Invalid condition id : LAN8742 Phy interface Condition cause : null
2026-05-11 09:59:20,865 [WARN] PackLoader:240 - Cannot read IP mode file for STMicroelectronics.X-CUBE-SFXS2LP1.4.0.0
2026-05-11 09:59:20,881 [WARN] PackLoader:240 - Cannot read IP mode file for STMicroelectronics.X-CUBE-WB05N.2.1.0
2026-05-11 09:59:20,898 [WARN] PackLoader:240 - Cannot read IP mode file for STMicroelectronics.X-CUBE-ST67W61.1.2.0
2026-05-11 09:59:20,920 [WARN] ConditionMgr:438 - getConditionDescription Invalid condition id : UX DEVICE CLASS RTOS Condition cause : null
2026-05-11 09:59:20,921 [WARN] ConditionMgr:438 - getConditionDescription Invalid condition id : UX DEVICE CLASS RTOS Condition cause : null
2026-05-11 09:59:20,922 [WARN] PackLoader:240 - Cannot read IP mode file for STMicroelectronics.X-CUBE-AZRTOS-WB.2.0.0
2026-05-11 09:59:20,922 [WARN] ConditionMgr:1044 - genDependencies : Invalid condition id : UX DEVICE CLASS RTOS Condition cause : null
2026-05-11 09:59:20,922 [WARN] ConditionMgr:1044 - genDependencies : Invalid condition id : UX DEVICE CLASS RTOS Condition cause : null
2026-05-11 09:59:20,922 [WARN] ConditionMgr:1044 - genDependencies : Invalid condition id : UX DEVICE CLASS RTOS Condition cause : null
2026-05-11 09:59:20,923 [WARN] ConditionMgr:1044 - genDependencies : Invalid condition id : UX DEVICE CLASS RTOS Condition cause : null
2026-05-11 09:59:20,923 [WARN] ConditionMgr:1044 - genDependencies : Invalid condition id : UX DEVICE CLASS RTOS Condition cause : null
2026-05-11 09:59:20,936 [WARN] ConditionMgr:438 - getConditionDescription Invalid condition id : Cortex-A Device cause : null
2026-05-11 09:59:20,954 [WARN] ConditionMgr:1044 - genDependencies : Invalid condition id : Cortex-A Device cause : null
2026-05-11 09:59:20,954 [WARN] ConditionMgr:1044 - genDependencies : Invalid condition id : Cortex-A Device cause : null
2026-05-11 09:59:20,954 [WARN] ConditionMgr:1044 - genDependencies : Invalid condition id : Cortex-A Device cause : null
2026-05-11 09:59:20,973 [WARN] PackLoader:240 - Cannot read IP mode file for STMicroelectronics.X-CUBE-STSE01.2.0.0
2026-05-11 09:59:20,991 [WARN] PackLoader:240 - Cannot read IP mode file for STMicroelectronics.X-CUBE-SUBG2.5.0.0
2026-05-11 09:59:21,021 [WARN] PackLoader:240 - Cannot read IP mode file for STMicroelectronics.X-CUBE-AZRTOS-H7RS.1.1.0
2026-05-11 09:59:21,045 [WARN] PackLoader:240 - Cannot read IP mode file for STMicroelectronics.X-CUBE-AZRTOS-G4.2.0.0
2026-05-11 09:59:21,059 [WARN] PackLoader:240 - Cannot read IP mode file for wolfSSL.I-CUBE-wolfSSH.1.4.20
2026-05-11 09:59:21,074 [WARN] PackLoader:240 - Cannot read IP mode file for STMicroelectronics.X-CUBE-NFC7.2.0.0
2026-05-11 09:59:21,088 [WARN] PackLoader:240 - Cannot read IP mode file for STMicroelectronics.X-CUBE-ALS.1.0.2
2026-05-11 09:59:21,103 [WARN] PackLoader:240 - Cannot read IP mode file for STMicroelectronics.X-CUBE-STSE01.1.0.0
2026-05-11 09:59:21,122 [WARN] PackLoader:240 - Cannot read IP mode file for STMicroelectronics.X-CUBE-TOF1.3.4.3
2026-05-11 09:59:21,133 [INFO] ThirdParty:978 - Integrity check success = true
2026-05-11 09:59:21,133 [INFO] IntegrityCheckThread:100 - exiting critical section [integrity check]
2026-05-11 09:59:21,133 [INFO] IntegrityCheckThread:103 - End integrity checks thread
2026-05-11 11:13:40,962 [INFO] WebApp:194 - Connection lost
2026-05-11 11:13:41,345 [INFO] WebApp:191 - Connection restablished
2026-05-11 11:38:48,431 [INFO] McuFinderGlobals:63 - Set McuFinder mode to 2 (CubeIDE integrated)
2026-05-11 11:38:48,498 [INFO] MainUpdater:2872 - connection check result : 10
2026-05-11 11:38:48,515 [INFO] MainUpdater:2872 - connection check result : 10
2026-05-11 11:38:49,072 [INFO] MicroXplorer:468 - Change Database Path : 
2026-05-11 11:38:49,072 [INFO] MicroXplorer:498 - Change Database Version : DB.6.0.150
2026-05-11 11:38:49,085 [WARN] ThirdParty:871 - waiting for thirdparty lock release [close project]
2026-05-11 11:38:49,085 [INFO] ThirdParty:873 - entering critical section [close project]
2026-05-11 11:38:49,124 [INFO] ThirdParty:883 - exiting critical section [close project]
2026-05-11 11:38:49,130 [INFO] PinOutPanel:1589 - setPackage(No Configuration,No Configuration)
2026-05-11 11:38:49,133 [INFO] UtilMem:75 - Begin LoadConfig() Used Memory: 978417672 Bytes (1073741824)
2026-05-11 11:38:49,135 [INFO] MicroXplorer:468 - Change Database Path : 
2026-05-11 11:38:49,137 [INFO] MicroXplorer:498 - Change Database Version : DB.6.0.150
2026-05-11 11:38:49,137 [INFO] OpenFileManager:355 - Change cursor
2026-05-11 11:38:49,237 [INFO] Mcu:2029 - Initializing MCU STM32C071RBTx STM32C071RBTx STM32C071RBT6
2026-05-11 11:38:51,853 [INFO] Context:786 - Trying to add GPIOservice into a context  which must be forbidden
2026-05-11 11:38:52,599 [INFO] ApiDbMcu:532 - Load IP Config File for NUCLEO-C071RB
2026-05-11 11:38:52,711 [INFO] ImportTextPane:234 - (OptionalMessage_ERROR) Pin9 (VP_RIF_VS_RIF1) cannot be retrieved for this MCU
2026-05-11 11:38:52,717 [INFO] ImportTextPane:234 - (OptionalMessage_ERROR) Unable to find key (Mcu.IP6) in loaded IOC file
2026-05-11 11:38:52,717 [INFO] ImportTextPane:234 - (OptionalMessage_ERROR) Unknown IP (dummy)
2026-05-11 11:38:52,974 [WARN] ModelIntegratedComponent:63 - No mode defined for component null
2026-05-11 11:38:52,975 [WARN] ModelIntegratedComponent:63 - No mode defined for component null
2026-05-11 11:38:52,975 [WARN] ModelIntegratedComponent:63 - No mode defined for component null
2026-05-11 11:38:52,975 [WARN] ModelIntegratedComponent:63 - No mode defined for component null
2026-05-11 11:38:52,975 [WARN] ModelIntegratedComponent:63 - No mode defined for component null
2026-05-11 11:38:52,975 [WARN] ModelIntegratedComponent:63 - No mode defined for component null
2026-05-11 11:38:52,975 [WARN] ModelIntegratedComponent:63 - No mode defined for component null
2026-05-11 11:38:52,975 [WARN] ModelIntegratedComponent:63 - No mode defined for component null
2026-05-11 11:38:52,975 [WARN] ModelIntegratedComponent:63 - No mode defined for component null
2026-05-11 11:38:52,976 [WARN] ModelIntegratedComponent:63 - No mode defined for component null
2026-05-11 11:38:52,976 [WARN] ModelIntegratedComponent:63 - No mode defined for component null
2026-05-11 11:38:52,976 [WARN] ModelIntegratedComponent:63 - No mode defined for component null
2026-05-11 11:38:52,976 [WARN] ModelIntegratedComponent:63 - No mode defined for component null
2026-05-11 11:38:52,976 [WARN] ModelIntegratedComponent:63 - No mode defined for component null
2026-05-11 11:38:52,976 [WARN] ModelIntegratedComponent:63 - No mode defined for component null
2026-05-11 11:38:52,976 [WARN] ModelIntegratedComponent:63 - No mode defined for component null
2026-05-11 11:38:52,976 [WARN] ModelIntegratedComponent:63 - No mode defined for component null
2026-05-11 11:38:52,976 [WARN] ModelIntegratedComponent:63 - No mode defined for component null
2026-05-11 11:38:52,977 [WARN] ModelIntegratedComponent:63 - No mode defined for component null
2026-05-11 11:38:52,977 [WARN] ModelIntegratedComponent:63 - No mode defined for component null
2026-05-11 11:38:52,977 [WARN] ModelIntegratedComponent:63 - No mode defined for component null
2026-05-11 11:38:52,977 [WARN] ModelIntegratedComponent:63 - No mode defined for component null
2026-05-11 11:38:52,977 [WARN] ModelIntegratedComponent:63 - No mode defined for component null
2026-05-11 11:38:52,977 [WARN] ModelIntegratedComponent:63 - No mode defined for component null
2026-05-11 11:38:52,977 [WARN] ModelIntegratedComponent:63 - No mode defined for component null
2026-05-11 11:38:52,977 [WARN] ModelIntegratedComponent:63 - No mode defined for component null
2026-05-11 11:38:52,977 [WARN] ModelIntegratedComponent:63 - No mode defined for component null
2026-05-11 11:38:52,978 [WARN] ModelIntegratedComponent:63 - No mode defined for component null
2026-05-11 11:38:52,978 [WARN] ModelIntegratedComponent:63 - No mode defined for component null
2026-05-11 11:38:52,978 [WARN] ModelIntegratedComponent:63 - No mode defined for component null
2026-05-11 11:38:52,978 [WARN] ModelIntegratedComponent:63 - No mode defined for component null
2026-05-11 11:38:52,978 [WARN] ModelIntegratedComponent:63 - No mode defined for component null
2026-05-11 11:38:52,978 [WARN] ModelIntegratedComponent:63 - No mode defined for component null
2026-05-11 11:38:52,978 [WARN] ModelIntegratedComponent:63 - No mode defined for component null
2026-05-11 11:38:52,978 [WARN] ModelIntegratedComponent:63 - No mode defined for component null
2026-05-11 11:38:52,979 [WARN] ModelPack:524 - Component already loaded: STMicroelectronics:HAL Drivers:0.0.0:STMicroelectronics:Device:STMicro_Driver:XSPI:HAL::0.0.1:HAL_XSPI
2026-05-11 11:38:52,986 [INFO] RtosManager:558 - Registered RTOS mode: class=RTOS, group=ThreadX, mode=Core, owner=THREADX
2026-05-11 11:38:53,166 [INFO] ThirdPartyModel:298 - Start build external matchings
2026-05-11 11:38:54,184 [INFO] ThirdPartyModel:316 - End build external matchings
2026-05-11 11:38:54,806 [INFO] ApiDb:581 - Connected to CubeFinder SQLite database (C:\Users\Asmita Milind Bagad\.stmcufinder\plugins\mcufinder\mcu\cube-finder-db.db)
2026-05-11 11:38:55,008 [INFO] ApiDb:668 - CubeFinder database Data Model version=2.1
2026-05-11 11:38:55,009 [INFO] ApiDb:669 - CubeFinder database Configuration version=3.0.42
2026-05-11 11:38:55,012 [INFO] ApiDb:670 - CubeFinder database generation date=2026-03-11 (1773229989)
2026-05-11 11:38:55,012 [INFO] ApiDb:671 - CubeFinder database FW Pack versions=[FP-ATR-ASTRA1_V2.0.0, FP-SNS-FLIGHT1_V5.1.0, FP-SNS-MOTENV1_V5.1.0, FP-SNS-MOTENVWB1_V1.5.0, FP-SNS-SMARTAG2_V1.2.0, FP-SNS-STBOX1_V2.1.0, STM32Cube_FW_C0_V1.4.0, STM32Cube_FW_F4_V1.28.3, STM32Cube_FW_F7_V1.17.4, STM32Cube_FW_G0_V1.6.3, STM32Cube_FW_G4_V1.6.2, STM32Cube_FW_H5_V1.6.0, STM32Cube_FW_H7RS_V1.3.0, STM32Cube_FW_H7_V1.13.0, STM32Cube_FW_L0_V1.12.2, STM32Cube_FW_L4_V1.18.2, STM32Cube_FW_L5_V1.6.0, STM32Cube_FW_N6_V1.3.0, STM32Cube_FW_U0_V1.3.0, STM32Cube_FW_U3_V1.3.0, STM32Cube_FW_U5_V1.8.0, STM32Cube_FW_WB0_V1.4.0, STM32Cube_FW_WBA_V1.9.0, STM32Cube_FW_WB_V1.24.0, STM32Cube_FW_WL3_V1.4.0, STM32Cube_FW_WL_V1.5.0, X-CUBE-ALGOBUILD_V1.4.0, X-CUBE-ALS_V1.0.2, X-CUBE-AZRTOS-F4_V1.1.0, X-CUBE-AZRTOS-F7_V1.1.0, X-CUBE-AZRTOS-G0_V1.1.0, X-CUBE-AZRTOS-G4_V2.0.0, X-CUBE-AZRTOS-H7RS_V1.1.0, X-CUBE-AZRTOS-H7_V3.4.0, X-CUBE-AZRTOS-L4_V2.0.0, X-CUBE-AZRTOS-L5_V2.0.0, X-CUBE-AZRTOS-WB_V2.0.0, X-CUBE-AZRTOS-WL_V2.0.0, X-CUBE-BLE1_V7.1.0, X-CUBE-BLE2_V3.3.0, X-CUBE-BLEMGR_V4.1.0, X-CUBE-EEPRMA1_V5.2.0, X-CUBE-FREERTOS_V1.5.0, X-CUBE-GNSS1_V6.0.0, X-CUBE-MEMS1_V12.0.0, X-CUBE-NFC4_V3.0.0, X-CUBE-NFC7_V2.0.0, X-CUBE-SFXS2LP1_V4.0.0, X-CUBE-ST67W61_V1.2.0, X-CUBE-SUBG2_V5.0.0, X-CUBE-TOF1_V3.4.3]
2026-05-11 11:38:55,241 [INFO] DbBoardsSqlite:226 - include board P-NUCLEO-WB55-NUCLEO as a kit item of type 'Nucleo-64'
2026-05-11 11:38:55,241 [INFO] DbBoardsSqlite:226 - include board P-NUCLEO-WB55-USBDONGLE as a kit item of type 'Nucleo USB Dongle'
2026-05-11 11:38:55,244 [INFO] DbBoardsSqlite:226 - include board STEVAL-IDP005V1 as a kit item of type 'Evaluation Board'
2026-05-11 11:38:55,244 [INFO] DbBoardsSqlite:226 - include board STEVAL-IDP005V2 as a kit item of type 'Evaluation Board'
2026-05-11 11:38:56,135 [INFO] ApiDb:240 - Found 880 in-development CPN: [B-G473E-ZEST1S, B-WB1M-WPAN1, B-WBA5M-WPAN, B-WL5M-SUBG1, NUCLEO-C031C6, NUCLEO-C051C8, NUCLEO-C071RB, NUCLEO-C092RC, NUCLEO-H503RB, NUCLEO-H533RE, NUCLEO-H563ZI, NUCLEO-H7S3L8, NUCLEO-N657X0-Q, NUCLEO-U031R8, NUCLEO-U083RC, NUCLEO-U385RG-Q, NUCLEO-U545RE-Q, NUCLEO-U5A5ZJ-Q, NUCLEO-WB05KZ, NUCLEO-WB07CC, NUCLEO-WB09KE, NUCLEO-WBA52CG, NUCLEO-WBA55CG, NUCLEO-WL33CC1, NUCLEO-WL33CC2, STEVAL-PROTEUS1, STEVAL-SMARTAG2, STEVAL-STWINBX1, STM320518-EVAL, STM32C0116-DK, STM32C011D6Y3TR, STM32C011D6Y6TR, STM32C011F4P3, STM32C011F4P6, STM32C011F4U3, STM32C011F4U6TR, STM32C011F6P3, STM32C011F6P6, STM32C011F6U3, STM32C011F6U6TR, STM32C011J4M3, STM32C011J4M6, STM32C011J6M3, STM32C011J6M6, STM32C0316-DK, STM32C031C4T3, STM32C031C4T6, STM32C031C4U3, STM32C031C4U6, STM32C031C6T3, STM32C031C6T6, STM32C031C6U3, STM32C031C6U6, STM32C031F4P3, STM32C031F4P6, STM32C031F6P3, STM32C031F6P6, STM32C031G4U3, STM32C031G4U6, STM32C031G6U3, STM32C031G6U6, STM32C031K4T3, STM32C031K4T6, STM32C031K4U3, STM32C031K4U6, STM32C031K6T3, STM32C031K6T6, STM32C031K6U3, STM32C031K6U6, STM32C051C6T6, STM32C051C6U6, STM32C051C8T6, STM32C051C8U6, STM32C051D8Y6TR, STM32C051F6P6, STM32C051F8P6, STM32C051G6U6, STM32C051G8U6, STM32C051K6T6, STM32C051K6U6, STM32C051K8T6, STM32C071C8T6, STM32C071C8T6N, STM32C071C8U6, STM32C071C8U6N, STM32C071CBT6, STM32C071CBT6N, STM32C071CBU6, STM32C071CBU6N, STM32C071F8P6, STM32C071F8P6N, STM32C071FBP6, STM32C071FBP6N, STM32C071FBY6TR, STM32C071G8U6, STM32C071G8U6N, STM32C071GBU6, STM32C071GBU6N, STM32C071K8T6, STM32C071K8T6N, STM32C071K8U6, STM32C071K8U6N, STM32C071KBT6, STM32C071KBT6N, STM32C071KBU6, STM32C071KBU6N, STM32C071R8T6, STM32C071R8T6N, STM32C071RBI6N, STM32C071RBT6, STM32C071RBT6N, STM32C091CBT6, STM32C091CBU6, STM32C091CCT6, STM32C091CCU6, STM32C091ECY6TR, STM32C091FBP6, STM32C091FCP6, STM32C091GBU6, STM32C091GCU6, STM32C091KBT6, STM32C091KBU6, STM32C091KCT6, STM32C091KCU6, STM32C091RBT6, STM32C091RCI6, STM32C091RCT6, STM32C092CBT6, STM32C092CBU6, STM32C092CCT6, STM32C092CCU6, STM32C092ECY6TR, STM32C092FBP6, STM32C092FCP6, STM32C092GBU6, STM32C092GCU6, STM32C092KBT6, STM32C092KBU6, STM32C092KCT6, STM32C092KCU6, STM32C092RBT6, STM32C092RCI6, STM32C092RCT6, STM32G071K8TXN, STM32G071K8UXN, STM32G081GBU6N, STM32G081KBT6N, STM32G081KBUXN, STM32G0B1CCT6N, STM32G0B1KCT6, STM32G0B1NEY6TR, STM32G0B1RCT6N, STM32G0C1CCT6, STM32G0C1CCT6N, STM32G0C1CCU6N, STM32G0C1CET6N, STM32G0C1CEU6N, STM32G0C1KCT6, STM32G0C1NEY6TR, STM32G0C1RCI6N, STM32G0C1RCT6N, STM32G0C1REI6N, STM32G0C1RET6N, STM32G0C1VCI6, STM32G0C1VEI6, STM32G411C6T3, STM32G411C6T6, STM32G411C6U3, STM32G411C6U6, STM32G411C8T3, STM32G411C8T6, STM32G411C8U3, STM32G411C8U6, STM32G411CBT3, STM32G411CBT6, STM32G411CBU3, STM32G411CBU6, STM32G411K6T3, STM32G411K6T6, STM32G411K6U3, STM32G411K6U6, STM32G411K8T3, STM32G411K8T6, STM32G411K8U3, STM32G411K8U6, STM32G411KBT3, STM32G411KBT6, STM32G411KBU3, STM32G411KBU6, STM32G411M6T3, STM32G411M6T6, STM32G411M8T3, STM32G411M8T6, STM32G411MBT3, STM32G411MBT6, STM32G411R6T3, STM32G411R6T6, STM32G411R8T3, STM32G411R8T6, STM32G411RBT3, STM32G411RBT6, STM32G414CBT3, STM32G414CBT6, STM32G414CBU3, STM32G414CBU6, STM32G414CCT3, STM32G414CCT6, STM32G414CCU3, STM32G414CCU6, STM32G414MBT3, STM32G414MBT6, STM32G414MCT3, STM32G414MCT6, STM32G414RBT3, STM32G414RBT6, STM32G414RCT3, STM32G414RCT6, STM32G414VBT3, STM32G414VBT6, STM32G414VCT3, STM32G414VCT6, STM32G431CBT3Z, STM32G431RBT3Z, STM32G471CCT6, STM32G471CCU6, STM32G471CET3, STM32G471CET6, STM32G471CEU3, STM32G471CEU6, STM32G471MCT6, STM32G471MET3, STM32G471MET6, STM32G471MEY6TR, STM32G471QCT6, STM32G471QET3, STM32G471RCT6, STM32G471RET3, STM32G471RET6, STM32G471VCH6, STM32G471VCI6, STM32G471VCT6, STM32G471VEH3, STM32G471VEH6, STM32G471VEI3, STM32G471VEI6, STM32G471VET3, STM32G471VET6, STM32G473QET3Z, STM32G473RET3Z, STM32G474CCT6, STM32G491RET3Z, STM32H503CBT6, STM32H503CBU6, STM32H503EBY6TR, STM32H503KBU6, STM32H503RBT6, STM32H523CCT6, STM32H523CCU6, STM32H523CET6, STM32H523CEU6, STM32H523HEY6TR, STM32H523RCT6, STM32H523RET6, STM32H523VCI6, STM32H523VCT6, STM32H523VEI6, STM32H523VET6, STM32H523ZCJ6, STM32H523ZCT6, STM32H523ZEJ6, STM32H523ZET6, STM32H533CET6, STM32H533CEU6, STM32H533HEY6TR, STM32H533RET6, STM32H533VEI6, STM32H533VET6, STM32H533ZEJ6, STM32H533ZET6, STM32H562AGI6, STM32H562AII6, STM32H562IGK6, STM32H562IGT6, STM32H562IIK6, STM32H562IIT6, STM32H562RGT6, STM32H562RGV6, STM32H562RIT6, STM32H562RIV6, STM32H562VGT6, STM32H562VIT6, STM32H562ZGT6, STM32H562ZIT6, STM32H563AGI6, STM32H563AII3Q, STM32H563AII6, STM32H563IGK6, STM32H563IGT6, STM32H563IIK3Q, STM32H563IIK6, STM32H563IIT3Q, STM32H563IIT6, STM32H563MIY3QTR, STM32H563RGT6, STM32H563RGV6, STM32H563RIT6, STM32H563RIV6, STM32H563VGT6, STM32H563VIT3Q, STM32H563VIT6, STM32H563ZGT6, STM32H563ZIT3Q, STM32H563ZIT6, STM32H573AII3Q, STM32H573AII6, STM32H573I-DK, STM32H573IIK3Q, STM32H573IIK6, STM32H573IIT3Q, STM32H573IIT6, STM32H573MIY3QTR, STM32H573RIT6, STM32H573RIV6, STM32H573VIT3Q, STM32H573VIT6, STM32H573ZIT3Q, STM32H573ZIT6, STM32H7R3A8I6, STM32H7R3I8K6, STM32H7R3I8T6, STM32H7R3L8H6, STM32H7R3L8H6H, STM32H7R3R8V6, STM32H7R3V8H6, STM32H7R3V8T6, STM32H7R3V8Y6TR, STM32H7R3Z8J6, STM32H7R3Z8T6, STM32H7R7A8I6, STM32H7R7I8K6, STM32H7R7I8T6, STM32H7R7L8H6, STM32H7R7L8H6H, STM32H7R7Z8J6, STM32H7S3A8I6, STM32H7S3I8K6, STM32H7S3I8T6, STM32H7S3L8H6, STM32H7S3L8H6H, STM32H7S3R8V6, STM32H7S3V8H6, STM32H7S3V8T6, STM32H7S3V8Y6TR, STM32H7S3Z8J6, STM32H7S3Z8T6, STM32H7S78-DK, STM32H7S7A8I6, STM32H7S7I8K6, STM32H7S7I8T6, STM32H7S7L8H6, STM32H7S7L8H6H, STM32H7S7Z8J6, STM32L4R5QGI6STR, STM32MP131AAE3, STM32MP131AAF3, STM32MP131AAG3, STM32MP131CAE3, STM32MP131CAF3, STM32MP131CAG3, STM32MP131DAE7, STM32MP131DAF7, STM32MP131DAG7, STM32MP131FAE7, STM32MP131FAF7, STM32MP131FAG7, STM32MP133AAE3, STM32MP133AAF3, STM32MP133AAG3, STM32MP133CAE3, STM32MP133CAF3, STM32MP133CAG3, STM32MP133DAE7, STM32MP133DAF7, STM32MP133DAG7, STM32MP133FAE7, STM32MP133FAF7, STM32MP133FAG7, STM32MP135AAE3, STM32MP135AAF3, STM32MP135AAG3, STM32MP135CAE3, STM32MP135CAF3, STM32MP135CAG3, STM32MP135DAE7, STM32MP135DAF7, STM32MP135DAG7, STM32MP135F-DK, STM32MP135FAE7, STM32MP135FAF7, STM32MP135FAF7T, STM32MP135FAF7U, STM32MP135FAG7, STM32MP211AAL3, STM32MP211AAM3, STM32MP211AAN3, STM32MP211AAO3, STM32MP211CAL3, STM32MP211CAM3, STM32MP211CAN3, STM32MP211CAO3, STM32MP211DAL3, STM32MP211DAM3, STM32MP211DAN3, STM32MP211DAO3, STM32MP211FAL3, STM32MP211FAM3, STM32MP211FAN3, STM32MP211FAO3, STM32MP213AAL3, STM32MP213AAM3, STM32MP213AAN3, STM32MP213AAO3, STM32MP213CAL3, STM32MP213CAM3, STM32MP213CAN3, STM32MP213CAO3, STM32MP213DAL3, STM32MP213DAM3, STM32MP213DAN3, STM32MP213DAO3, STM32MP213FAL3, STM32MP213FAM3, STM32MP213FAN3, STM32MP213FAO3, STM32MP215AAL3, STM32MP215AAM3, STM32MP215AAN3, STM32MP215AAO3, STM32MP215CAL3, STM32MP215CAM3, STM32MP215CAN3, STM32MP215CAO3, STM32MP215DAL3, STM32MP215DAM3, STM32MP215DAN3, STM32MP215DAO3, STM32MP215F-DK, STM32MP215FAL3, STM32MP215FAM3, STM32MP215FAN3, STM32MP215FAO3, STM32MP231AAJ3, STM32MP231AAK3, STM32MP231AAL3, STM32MP231CAJ3, STM32MP231CAK3, STM32MP231CAL3, STM32MP231DAJ3, STM32MP231DAK3, STM32MP231DAL3, STM32MP231FAJ3, STM32MP231FAK3, STM32MP231FAL3, STM32MP233AAJ3, STM32MP233AAK3, STM32MP233AAL3, STM32MP233CAJ3, STM32MP233CAK3, STM32MP233CAL3, STM32MP233DAJ3, STM32MP233DAK3, STM32MP233DAL3, STM32MP233FAJ3, STM32MP233FAK3, STM32MP233FAL3, STM32MP235AAJ3, STM32MP235AAK3, STM32MP235AAL3, STM32MP235CAJ3, STM32MP235CAK3, STM32MP235CAL3, STM32MP235DAJ3, STM32MP235DAK3, STM32MP235DAL3, STM32MP235FAJ3, STM32MP235FAK3, STM32MP235FAL3, STM32MP251AAI3, STM32MP251AAK3, STM32MP251AAL3, STM32MP251CAI3, STM32MP251CAK3, STM32MP251CAL3, STM32MP251DAI3, STM32MP251DAK3, STM32MP251DAL3, STM32MP251FAI3, STM32MP251FAK3, STM32MP251FAL3, STM32MP253AAI3, STM32MP253AAK3, STM32MP253AAL3, STM32MP253CAI3, STM32MP253CAK3, STM32MP253CAL3, STM32MP253DAI3, STM32MP253DAK3, STM32MP253DAL3, STM32MP253FAI3, STM32MP253FAK3, STM32MP253FAL3, STM32MP255AAI3, STM32MP255AAK3, STM32MP255AAL3, STM32MP255CAI3, STM32MP255CAK3, STM32MP255CAL3, STM32MP255DAI3, STM32MP255DAK3, STM32MP255DAL3, STM32MP255FAI3, STM32MP255FAK3, STM32MP255FAL3, STM32MP257AAI3, STM32MP257AAK3, STM32MP257AAL3, STM32MP257CAI3, STM32MP257CAK3, STM32MP257CAL3, STM32MP257DAI3, STM32MP257DAK3, STM32MP257DAL3, STM32MP257F-DK, STM32MP257F-EV1, STM32MP257FAI3, STM32MP257FAK3, STM32MP257FAL3, STM32N645A0H3Q, STM32N645B0H3Q, STM32N645I0H3Q, STM32N645L0H3Q, STM32N645X0H3Q, STM32N645Z0H3Q, STM32N647A0H3Q, STM32N647B0H3Q, STM32N647I0H3Q, STM32N647L0H3Q, STM32N647X0H3Q, STM32N647Z0H3Q, STM32N655A0H3Q, STM32N655B0H3Q, STM32N655I0H3Q, STM32N655L0H3Q, STM32N655X0H3Q, STM32N655Z0H3Q, STM32N6570-DK, STM32N657A0H3Q, STM32N657B0H3Q, STM32N657I0H3Q, STM32N657L0H3Q, STM32N657X0H3Q, STM32N657Z0H3Q, STM32U031C6T6, STM32U031C6U6, STM32U031C8T6, STM32U031C8U6, STM32U031F4P6, STM32U031F6P6, STM32U031F8P6, STM32U031G6Y6TR, STM32U031G8Y6TR, STM32U031K4U6, STM32U031K6U6, STM32U031K8U6, STM32U031R6I6, STM32U031R6T6, STM32U031R8I6, STM32U031R8T6, STM32U073C8T6, STM32U073C8U6, STM32U073CBT6, STM32U073CBU6, STM32U073CCT6, STM32U073CCU6, STM32U073H8Y6TR, STM32U073HBY6TR, STM32U073HCY6TR, STM32U073K8U6, STM32U073KBU6, STM32U073KCU6, STM32U073M8I6, STM32U073M8T6, STM32U073MBI6, STM32U073MBT6, STM32U073MCI6, STM32U073MCT6, STM32U073R8I6, STM32U073R8T6, STM32U073RBI6, STM32U073RBT6, STM32U073RCI6, STM32U073RCT6, STM32U083C-DK, STM32U083CCT6, STM32U083CCU6, STM32U083HCY6TR, STM32U083KCU6, STM32U083MCI6, STM32U083MCT6, STM32U083RCI6, STM32U083RCT6, STM32U375CET6, STM32U375CET6Q, STM32U375CEU6, STM32U375CEU6Q, STM32U375CEY6QTR, STM32U375CGT6, STM32U375CGT6Q, STM32U375CGU6, STM32U375CGU6Q, STM32U375CGY6QTR, STM32U375KEU6, STM32U375KGU6, STM32U375REI6, STM32U375REI6Q, STM32U375RET6, STM32U375RET6Q, STM32U375REY6GTR, STM32U375REY6QTR, STM32U375RGI6, STM32U375RGI6Q, STM32U375RGT6, STM32U375RGT6Q, STM32U375RGY6GTR, STM32U375RGY6QTR, STM32U375VEI6, STM32U375VEI6Q, STM32U375VET6, STM32U375VET6Q, STM32U375VGI6, STM32U375VGI6Q, STM32U375VGT6, STM32U375VGT6Q, STM32U385CGT6, STM32U385CGT6Q, STM32U385CGU6, STM32U385CGU6Q, STM32U385CGY6QTR, STM32U385KGU6, STM32U385RGI6, STM32U385RGI6Q, STM32U385RGT6, STM32U385RGT6Q, STM32U385RGY6GTR, STM32U385RGY6QTR, STM32U385VGI6, STM32U385VGI6Q, STM32U385VGT6, STM32U385VGT6Q, STM32U535CBT6, STM32U535CBT6Q, STM32U535CBU6, STM32U535CBU6Q, STM32U535CCT6, STM32U535CCT6Q, STM32U535CCU6, STM32U535CCU6Q, STM32U535CET6, STM32U535CET6Q, STM32U535CEU6, STM32U535CEU6Q, STM32U535JEY6QTR, STM32U535NCY6QTR, STM32U535NEY6QTR, STM32U535RBI6, STM32U535RBI6Q, STM32U535RBT6, STM32U535RBT6Q, STM32U535RCI6, STM32U535RCI6Q, STM32U535RCT6, STM32U535RCT6Q, STM32U535REI6, STM32U535REI6Q, STM32U535RET6, STM32U535RET6Q, STM32U535VCI6, STM32U535VCI6Q, STM32U535VCT6, STM32U535VCT6Q, STM32U535VEI6, STM32U535VEI6Q, STM32U535VET6, STM32U535VET6Q, STM32U545CET6, STM32U545CET6Q, STM32U545CEU6, STM32U545CEU6Q, STM32U545JEY6QTR, STM32U545NEY6QTR, STM32U545REI6, STM32U545REI6Q, STM32U545RET6, STM32U545RET6Q, STM32U545VEI6, STM32U545VEI6Q, STM32U545VET6, STM32U545VET6Q, STM32U595AIH6, STM32U595AIH6Q, STM32U595AJH6, STM32U595AJH6Q, STM32U595QII6, STM32U595QII6Q, STM32U595QJI6, STM32U595QJI6Q, STM32U595RIT6, STM32U595RIT6Q, STM32U595RJT6, STM32U595RJT6Q, STM32U595VIT6, STM32U595VIT6Q, STM32U595VJT6, STM32U595VJT6Q, STM32U595ZIT6, STM32U595ZIT6Q, STM32U595ZIY6QTR, STM32U595ZJT6, STM32U595ZJT6Q, STM32U595ZJY6QTR, STM32U599BJY6QTR, STM32U599NIH6Q, STM32U599NJH6Q, STM32U599VIT6Q, STM32U599VJT6, STM32U599VJT6Q, STM32U599ZIT6Q, STM32U599ZIY6QTR, STM32U599ZJT6Q, STM32U599ZJY6QTR, STM32U5A5AJH6, STM32U5A5AJH6Q, STM32U5A5QII3Q , STM32U5A5QJI6, STM32U5A5QJI6Q, STM32U5A5RJT6, STM32U5A5RJT6Q, STM32U5A5VJT6, STM32U5A5VJT6Q, STM32U5A5ZJT6, STM32U5A5ZJT6Q, STM32U5A5ZJY6QTR, STM32U5A9BJY6QTR, STM32U5A9J-DK, STM32U5A9NJH6Q, STM32U5A9VJT6Q, STM32U5A9ZJT6Q, STM32U5A9ZJY6QTR, STM32U5F7VIT6, STM32U5F7VIT6Q, STM32U5F7VJT6, STM32U5F7VJT6Q, STM32U5F9BJY6QTR, STM32U5F9NJH6Q, STM32U5F9VIT6Q, STM32U5F9VJT6Q, STM32U5F9ZIJ6QTR, STM32U5F9ZIT6Q, STM32U5F9ZJJ6QTR, STM32U5F9ZJT6Q, STM32U5G7VJT6, STM32U5G7VJT6Q, STM32U5G9BJY6QTR, STM32U5G9J-DK1, STM32U5G9J-DK2, STM32U5G9NJH6Q, STM32U5G9VJT6Q, STM32U5G9ZJJ6QTR, STM32U5G9ZJT6Q, STM32WB05KZV6TR, STM32WB05KZV7TR, STM32WB05TZF6TR, STM32WB05TZF7TR, STM32WB06CCF6TR, STM32WB06CCF7TR, STM32WB06CCV6TR, STM32WB06CCV7TR, STM32WB06KCV6TR, STM32WB06KCV7TR, STM32WB07CCF6TR, STM32WB07CCF7TR, STM32WB07CCV6TR, STM32WB07CCV7TR, STM32WB07KCV6TR, STM32WB07KCV7TR, STM32WB09KEV6TR, STM32WB09KEV7TR, STM32WB09TEF6TR, STM32WB09TEF7TR, STM32WB1MMCH6, STM32WBA50KGU6, STM32WBA50KGU6TR, STM32WBA52CEU6, STM32WBA52CEU6TR, STM32WBA52CEU7, STM32WBA52CEU7TR, STM32WBA52CGU6, STM32WBA52CGU6TR, STM32WBA52CGU6U, STM32WBA52CGU7, STM32WBA52CGU7TR, STM32WBA52KEU6, STM32WBA52KEU6TR, STM32WBA52KGU6, STM32WBA52KGU6TR, STM32WBA54CEU6, STM32WBA54CEU6TR, STM32WBA54CEU7, STM32WBA54CEU7TR, STM32WBA54CGU6, STM32WBA54CGU6TR, STM32WBA54CGU7, STM32WBA54CGU7TR, STM32WBA54KEU6, STM32WBA54KEU6TR, STM32WBA54KEU7, STM32WBA54KEU7TR, STM32WBA54KGU6, STM32WBA54KGU6TR, STM32WBA54KGU7, STM32WBA54KGU7TR, STM32WBA55CEU6, STM32WBA55CEU6TR, STM32WBA55CEU7, STM32WBA55CEU7TR, STM32WBA55CGU6, STM32WBA55CGU6TR, STM32WBA55CGU6U, STM32WBA55CGU7, STM32WBA55CGU7TR, STM32WBA55G-DK1, STM32WBA55HEF6, STM32WBA55HEF7, STM32WBA55HGF6, STM32WBA55HGF7, STM32WBA55UEI6, STM32WBA55UEI6TR, STM32WBA55UEI7, STM32WBA55UEI7TR, STM32WBA55UGI6, STM32WBA55UGI6TR, STM32WBA55UGI7, STM32WBA55UGI7TR, STM32WBA5MMGH6TR, STM32WBA62MGF6, STM32WBA62MIF6, STM32WBA65MGF7, STM32WBA65MIF6, STM32WBA65MIF7, STM32WL30K8V6, STM32WL30KBV6, STM32WL31C8V6, STM32WL31CBV6, STM32WL31K8V6, STM32WL31KBV6, STM32WL33C8V6, STM32WL33C8V6X, STM32WL33CBV6, STM32WL33CBV6X, STM32WL33CCV6, STM32WL33CCV6A, STM32WL33CCV6X, STM32WL33K8V7, STM32WL33K8V7X, STM32WL33KBV7 , STM32WL33KBV7X, STM32WL33KCV7, STM32WL33KCV7X, STM32WL5MOCH6, STM32WL5MOCH6TR]
2026-05-11 11:38:56,141 [INFO] ApiDb:668 - CubeFinder database Data Model version=2.1
2026-05-11 11:38:56,141 [INFO] ApiDb:669 - CubeFinder database Configuration version=3.0.42
2026-05-11 11:38:56,141 [INFO] ApiDb:670 - CubeFinder database generation date=2026-03-11 (1773229989)
2026-05-11 11:38:56,141 [INFO] ApiDb:671 - CubeFinder database FW Pack versions=[FP-ATR-ASTRA1_V2.0.0, FP-SNS-FLIGHT1_V5.1.0, FP-SNS-MOTENV1_V5.1.0, FP-SNS-MOTENVWB1_V1.5.0, FP-SNS-SMARTAG2_V1.2.0, FP-SNS-STBOX1_V2.1.0, STM32Cube_FW_C0_V1.4.0, STM32Cube_FW_F4_V1.28.3, STM32Cube_FW_F7_V1.17.4, STM32Cube_FW_G0_V1.6.3, STM32Cube_FW_G4_V1.6.2, STM32Cube_FW_H5_V1.6.0, STM32Cube_FW_H7RS_V1.3.0, STM32Cube_FW_H7_V1.13.0, STM32Cube_FW_L0_V1.12.2, STM32Cube_FW_L4_V1.18.2, STM32Cube_FW_L5_V1.6.0, STM32Cube_FW_N6_V1.3.0, STM32Cube_FW_U0_V1.3.0, STM32Cube_FW_U3_V1.3.0, STM32Cube_FW_U5_V1.8.0, STM32Cube_FW_WB0_V1.4.0, STM32Cube_FW_WBA_V1.9.0, STM32Cube_FW_WB_V1.24.0, STM32Cube_FW_WL3_V1.4.0, STM32Cube_FW_WL_V1.5.0, X-CUBE-ALGOBUILD_V1.4.0, X-CUBE-ALS_V1.0.2, X-CUBE-AZRTOS-F4_V1.1.0, X-CUBE-AZRTOS-F7_V1.1.0, X-CUBE-AZRTOS-G0_V1.1.0, X-CUBE-AZRTOS-G4_V2.0.0, X-CUBE-AZRTOS-H7RS_V1.1.0, X-CUBE-AZRTOS-H7_V3.4.0, X-CUBE-AZRTOS-L4_V2.0.0, X-CUBE-AZRTOS-L5_V2.0.0, X-CUBE-AZRTOS-WB_V2.0.0, X-CUBE-AZRTOS-WL_V2.0.0, X-CUBE-BLE1_V7.1.0, X-CUBE-BLE2_V3.3.0, X-CUBE-BLEMGR_V4.1.0, X-CUBE-EEPRMA1_V5.2.0, X-CUBE-FREERTOS_V1.5.0, X-CUBE-GNSS1_V6.0.0, X-CUBE-MEMS1_V12.0.0, X-CUBE-NFC4_V3.0.0, X-CUBE-NFC7_V2.0.0, X-CUBE-SFXS2LP1_V4.0.0, X-CUBE-ST67W61_V1.2.0, X-CUBE-SUBG2_V5.0.0, X-CUBE-TOF1_V3.4.3]
2026-05-11 11:39:00,547 [INFO] ApiDb:240 - Found 880 in-development CPN: [B-G473E-ZEST1S, B-WB1M-WPAN1, B-WBA5M-WPAN, B-WL5M-SUBG1, NUCLEO-C031C6, NUCLEO-C051C8, NUCLEO-C071RB, NUCLEO-C092RC, NUCLEO-H503RB, NUCLEO-H533RE, NUCLEO-H563ZI, NUCLEO-H7S3L8, NUCLEO-N657X0-Q, NUCLEO-U031R8, NUCLEO-U083RC, NUCLEO-U385RG-Q, NUCLEO-U545RE-Q, NUCLEO-U5A5ZJ-Q, NUCLEO-WB05KZ, NUCLEO-WB07CC, NUCLEO-WB09KE, NUCLEO-WBA52CG, NUCLEO-WBA55CG, NUCLEO-WL33CC1, NUCLEO-WL33CC2, STEVAL-PROTEUS1, STEVAL-SMARTAG2, STEVAL-STWINBX1, STM320518-EVAL, STM32C0116-DK, STM32C011D6Y3TR, STM32C011D6Y6TR, STM32C011F4P3, STM32C011F4P6, STM32C011F4U3, STM32C011F4U6TR, STM32C011F6P3, STM32C011F6P6, STM32C011F6U3, STM32C011F6U6TR, STM32C011J4M3, STM32C011J4M6, STM32C011J6M3, STM32C011J6M6, STM32C0316-DK, STM32C031C4T3, STM32C031C4T6, STM32C031C4U3, STM32C031C4U6, STM32C031C6T3, STM32C031C6T6, STM32C031C6U3, STM32C031C6U6, STM32C031F4P3, STM32C031F4P6, STM32C031F6P3, STM32C031F6P6, STM32C031G4U3, STM32C031G4U6, STM32C031G6U3, STM32C031G6U6, STM32C031K4T3, STM32C031K4T6, STM32C031K4U3, STM32C031K4U6, STM32C031K6T3, STM32C031K6T6, STM32C031K6U3, STM32C031K6U6, STM32C051C6T6, STM32C051C6U6, STM32C051C8T6, STM32C051C8U6, STM32C051D8Y6TR, STM32C051F6P6, STM32C051F8P6, STM32C051G6U6, STM32C051G8U6, STM32C051K6T6, STM32C051K6U6, STM32C051K8T6, STM32C071C8T6, STM32C071C8T6N, STM32C071C8U6, STM32C071C8U6N, STM32C071CBT6, STM32C071CBT6N, STM32C071CBU6, STM32C071CBU6N, STM32C071F8P6, STM32C071F8P6N, STM32C071FBP6, STM32C071FBP6N, STM32C071FBY6TR, STM32C071G8U6, STM32C071G8U6N, STM32C071GBU6, STM32C071GBU6N, STM32C071K8T6, STM32C071K8T6N, STM32C071K8U6, STM32C071K8U6N, STM32C071KBT6, STM32C071KBT6N, STM32C071KBU6, STM32C071KBU6N, STM32C071R8T6, STM32C071R8T6N, STM32C071RBI6N, STM32C071RBT6, STM32C071RBT6N, STM32C091CBT6, STM32C091CBU6, STM32C091CCT6, STM32C091CCU6, STM32C091ECY6TR, STM32C091FBP6, STM32C091FCP6, STM32C091GBU6, STM32C091GCU6, STM32C091KBT6, STM32C091KBU6, STM32C091KCT6, STM32C091KCU6, STM32C091RBT6, STM32C091RCI6, STM32C091RCT6, STM32C092CBT6, STM32C092CBU6, STM32C092CCT6, STM32C092CCU6, STM32C092ECY6TR, STM32C092FBP6, STM32C092FCP6, STM32C092GBU6, STM32C092GCU6, STM32C092KBT6, STM32C092KBU6, STM32C092KCT6, STM32C092KCU6, STM32C092RBT6, STM32C092RCI6, STM32C092RCT6, STM32G071K8TXN, STM32G071K8UXN, STM32G081GBU6N, STM32G081KBT6N, STM32G081KBUXN, STM32G0B1CCT6N, STM32G0B1KCT6, STM32G0B1NEY6TR, STM32G0B1RCT6N, STM32G0C1CCT6, STM32G0C1CCT6N, STM32G0C1CCU6N, STM32G0C1CET6N, STM32G0C1CEU6N, STM32G0C1KCT6, STM32G0C1NEY6TR, STM32G0C1RCI6N, STM32G0C1RCT6N, STM32G0C1REI6N, STM32G0C1RET6N, STM32G0C1VCI6, STM32G0C1VEI6, STM32G411C6T3, STM32G411C6T6, STM32G411C6U3, STM32G411C6U6, STM32G411C8T3, STM32G411C8T6, STM32G411C8U3, STM32G411C8U6, STM32G411CBT3, STM32G411CBT6, STM32G411CBU3, STM32G411CBU6, STM32G411K6T3, STM32G411K6T6, STM32G411K6U3, STM32G411K6U6, STM32G411K8T3, STM32G411K8T6, STM32G411K8U3, STM32G411K8U6, STM32G411KBT3, STM32G411KBT6, STM32G411KBU3, STM32G411KBU6, STM32G411M6T3, STM32G411M6T6, STM32G411M8T3, STM32G411M8T6, STM32G411MBT3, STM32G411MBT6, STM32G411R6T3, STM32G411R6T6, STM32G411R8T3, STM32G411R8T6, STM32G411RBT3, STM32G411RBT6, STM32G414CBT3, STM32G414CBT6, STM32G414CBU3, STM32G414CBU6, STM32G414CCT3, STM32G414CCT6, STM32G414CCU3, STM32G414CCU6, STM32G414MBT3, STM32G414MBT6, STM32G414MCT3, STM32G414MCT6, STM32G414RBT3, STM32G414RBT6, STM32G414RCT3, STM32G414RCT6, STM32G414VBT3, STM32G414VBT6, STM32G414VCT3, STM32G414VCT6, STM32G431CBT3Z, STM32G431RBT3Z, STM32G471CCT6, STM32G471CCU6, STM32G471CET3, STM32G471CET6, STM32G471CEU3, STM32G471CEU6, STM32G471MCT6, STM32G471MET3, STM32G471MET6, STM32G471MEY6TR, STM32G471QCT6, STM32G471QET3, STM32G471RCT6, STM32G471RET3, STM32G471RET6, STM32G471VCH6, STM32G471VCI6, STM32G471VCT6, STM32G471VEH3, STM32G471VEH6, STM32G471VEI3, STM32G471VEI6, STM32G471VET3, STM32G471VET6, STM32G473QET3Z, STM32G473RET3Z, STM32G474CCT6, STM32G491RET3Z, STM32H503CBT6, STM32H503CBU6, STM32H503EBY6TR, STM32H503KBU6, STM32H503RBT6, STM32H523CCT6, STM32H523CCU6, STM32H523CET6, STM32H523CEU6, STM32H523HEY6TR, STM32H523RCT6, STM32H523RET6, STM32H523VCI6, STM32H523VCT6, STM32H523VEI6, STM32H523VET6, STM32H523ZCJ6, STM32H523ZCT6, STM32H523ZEJ6, STM32H523ZET6, STM32H533CET6, STM32H533CEU6, STM32H533HEY6TR, STM32H533RET6, STM32H533VEI6, STM32H533VET6, STM32H533ZEJ6, STM32H533ZET6, STM32H562AGI6, STM32H562AII6, STM32H562IGK6, STM32H562IGT6, STM32H562IIK6, STM32H562IIT6, STM32H562RGT6, STM32H562RGV6, STM32H562RIT6, STM32H562RIV6, STM32H562VGT6, STM32H562VIT6, STM32H562ZGT6, STM32H562ZIT6, STM32H563AGI6, STM32H563AII3Q, STM32H563AII6, STM32H563IGK6, STM32H563IGT6, STM32H563IIK3Q, STM32H563IIK6, STM32H563IIT3Q, STM32H563IIT6, STM32H563MIY3QTR, STM32H563RGT6, STM32H563RGV6, STM32H563RIT6, STM32H563RIV6, STM32H563VGT6, STM32H563VIT3Q, STM32H563VIT6, STM32H563ZGT6, STM32H563ZIT3Q, STM32H563ZIT6, STM32H573AII3Q, STM32H573AII6, STM32H573I-DK, STM32H573IIK3Q, STM32H573IIK6, STM32H573IIT3Q, STM32H573IIT6, STM32H573MIY3QTR, STM32H573RIT6, STM32H573RIV6, STM32H573VIT3Q, STM32H573VIT6, STM32H573ZIT3Q, STM32H573ZIT6, STM32H7R3A8I6, STM32H7R3I8K6, STM32H7R3I8T6, STM32H7R3L8H6, STM32H7R3L8H6H, STM32H7R3R8V6, STM32H7R3V8H6, STM32H7R3V8T6, STM32H7R3V8Y6TR, STM32H7R3Z8J6, STM32H7R3Z8T6, STM32H7R7A8I6, STM32H7R7I8K6, STM32H7R7I8T6, STM32H7R7L8H6, STM32H7R7L8H6H, STM32H7R7Z8J6, STM32H7S3A8I6, STM32H7S3I8K6, STM32H7S3I8T6, STM32H7S3L8H6, STM32H7S3L8H6H, STM32H7S3R8V6, STM32H7S3V8H6, STM32H7S3V8T6, STM32H7S3V8Y6TR, STM32H7S3Z8J6, STM32H7S3Z8T6, STM32H7S78-DK, STM32H7S7A8I6, STM32H7S7I8K6, STM32H7S7I8T6, STM32H7S7L8H6, STM32H7S7L8H6H, STM32H7S7Z8J6, STM32L4R5QGI6STR, STM32MP131AAE3, STM32MP131AAF3, STM32MP131AAG3, STM32MP131CAE3, STM32MP131CAF3, STM32MP131CAG3, STM32MP131DAE7, STM32MP131DAF7, STM32MP131DAG7, STM32MP131FAE7, STM32MP131FAF7, STM32MP131FAG7, STM32MP133AAE3, STM32MP133AAF3, STM32MP133AAG3, STM32MP133CAE3, STM32MP133CAF3, STM32MP133CAG3, STM32MP133DAE7, STM32MP133DAF7, STM32MP133DAG7, STM32MP133FAE7, STM32MP133FAF7, STM32MP133FAG7, STM32MP135AAE3, STM32MP135AAF3, STM32MP135AAG3, STM32MP135CAE3, STM32MP135CAF3, STM32MP135CAG3, STM32MP135DAE7, STM32MP135DAF7, STM32MP135DAG7, STM32MP135F-DK, STM32MP135FAE7, STM32MP135FAF7, STM32MP135FAF7T, STM32MP135FAF7U, STM32MP135FAG7, STM32MP211AAL3, STM32MP211AAM3, STM32MP211AAN3, STM32MP211AAO3, STM32MP211CAL3, STM32MP211CAM3, STM32MP211CAN3, STM32MP211CAO3, STM32MP211DAL3, STM32MP211DAM3, STM32MP211DAN3, STM32MP211DAO3, STM32MP211FAL3, STM32MP211FAM3, STM32MP211FAN3, STM32MP211FAO3, STM32MP213AAL3, STM32MP213AAM3, STM32MP213AAN3, STM32MP213AAO3, STM32MP213CAL3, STM32MP213CAM3, STM32MP213CAN3, STM32MP213CAO3, STM32MP213DAL3, STM32MP213DAM3, STM32MP213DAN3, STM32MP213DAO3, STM32MP213FAL3, STM32MP213FAM3, STM32MP213FAN3, STM32MP213FAO3, STM32MP215AAL3, STM32MP215AAM3, STM32MP215AAN3, STM32MP215AAO3, STM32MP215CAL3, STM32MP215CAM3, STM32MP215CAN3, STM32MP215CAO3, STM32MP215DAL3, STM32MP215DAM3, STM32MP215DAN3, STM32MP215DAO3, STM32MP215F-DK, STM32MP215FAL3, STM32MP215FAM3, STM32MP215FAN3, STM32MP215FAO3, STM32MP231AAJ3, STM32MP231AAK3, STM32MP231AAL3, STM32MP231CAJ3, STM32MP231CAK3, STM32MP231CAL3, STM32MP231DAJ3, STM32MP231DAK3, STM32MP231DAL3, STM32MP231FAJ3, STM32MP231FAK3, STM32MP231FAL3, STM32MP233AAJ3, STM32MP233AAK3, STM32MP233AAL3, STM32MP233CAJ3, STM32MP233CAK3, STM32MP233CAL3, STM32MP233DAJ3, STM32MP233DAK3, STM32MP233DAL3, STM32MP233FAJ3, STM32MP233FAK3, STM32MP233FAL3, STM32MP235AAJ3, STM32MP235AAK3, STM32MP235AAL3, STM32MP235CAJ3, STM32MP235CAK3, STM32MP235CAL3, STM32MP235DAJ3, STM32MP235DAK3, STM32MP235DAL3, STM32MP235FAJ3, STM32MP235FAK3, STM32MP235FAL3, STM32MP251AAI3, STM32MP251AAK3, STM32MP251AAL3, STM32MP251CAI3, STM32MP251CAK3, STM32MP251CAL3, STM32MP251DAI3, STM32MP251DAK3, STM32MP251DAL3, STM32MP251FAI3, STM32MP251FAK3, STM32MP251FAL3, STM32MP253AAI3, STM32MP253AAK3, STM32MP253AAL3, STM32MP253CAI3, STM32MP253CAK3, STM32MP253CAL3, STM32MP253DAI3, STM32MP253DAK3, STM32MP253DAL3, STM32MP253FAI3, STM32MP253FAK3, STM32MP253FAL3, STM32MP255AAI3, STM32MP255AAK3, STM32MP255AAL3, STM32MP255CAI3, STM32MP255CAK3, STM32MP255CAL3, STM32MP255DAI3, STM32MP255DAK3, STM32MP255DAL3, STM32MP255FAI3, STM32MP255FAK3, STM32MP255FAL3, STM32MP257AAI3, STM32MP257AAK3, STM32MP257AAL3, STM32MP257CAI3, STM32MP257CAK3, STM32MP257CAL3, STM32MP257DAI3, STM32MP257DAK3, STM32MP257DAL3, STM32MP257F-DK, STM32MP257F-EV1, STM32MP257FAI3, STM32MP257FAK3, STM32MP257FAL3, STM32N645A0H3Q, STM32N645B0H3Q, STM32N645I0H3Q, STM32N645L0H3Q, STM32N645X0H3Q, STM32N645Z0H3Q, STM32N647A0H3Q, STM32N647B0H3Q, STM32N647I0H3Q, STM32N647L0H3Q, STM32N647X0H3Q, STM32N647Z0H3Q, STM32N655A0H3Q, STM32N655B0H3Q, STM32N655I0H3Q, STM32N655L0H3Q, STM32N655X0H3Q, STM32N655Z0H3Q, STM32N6570-DK, STM32N657A0H3Q, STM32N657B0H3Q, STM32N657I0H3Q, STM32N657L0H3Q, STM32N657X0H3Q, STM32N657Z0H3Q, STM32U031C6T6, STM32U031C6U6, STM32U031C8T6, STM32U031C8U6, STM32U031F4P6, STM32U031F6P6, STM32U031F8P6, STM32U031G6Y6TR, STM32U031G8Y6TR, STM32U031K4U6, STM32U031K6U6, STM32U031K8U6, STM32U031R6I6, STM32U031R6T6, STM32U031R8I6, STM32U031R8T6, STM32U073C8T6, STM32U073C8U6, STM32U073CBT6, STM32U073CBU6, STM32U073CCT6, STM32U073CCU6, STM32U073H8Y6TR, STM32U073HBY6TR, STM32U073HCY6TR, STM32U073K8U6, STM32U073KBU6, STM32U073KCU6, STM32U073M8I6, STM32U073M8T6, STM32U073MBI6, STM32U073MBT6, STM32U073MCI6, STM32U073MCT6, STM32U073R8I6, STM32U073R8T6, STM32U073RBI6, STM32U073RBT6, STM32U073RCI6, STM32U073RCT6, STM32U083C-DK, STM32U083CCT6, STM32U083CCU6, STM32U083HCY6TR, STM32U083KCU6, STM32U083MCI6, STM32U083MCT6, STM32U083RCI6, STM32U083RCT6, STM32U375CET6, STM32U375CET6Q, STM32U375CEU6, STM32U375CEU6Q, STM32U375CEY6QTR, STM32U375CGT6, STM32U375CGT6Q, STM32U375CGU6, STM32U375CGU6Q, STM32U375CGY6QTR, STM32U375KEU6, STM32U375KGU6, STM32U375REI6, STM32U375REI6Q, STM32U375RET6, STM32U375RET6Q, STM32U375REY6GTR, STM32U375REY6QTR, STM32U375RGI6, STM32U375RGI6Q, STM32U375RGT6, STM32U375RGT6Q, STM32U375RGY6GTR, STM32U375RGY6QTR, STM32U375VEI6, STM32U375VEI6Q, STM32U375VET6, STM32U375VET6Q, STM32U375VGI6, STM32U375VGI6Q, STM32U375VGT6, STM32U375VGT6Q, STM32U385CGT6, STM32U385CGT6Q, STM32U385CGU6, STM32U385CGU6Q, STM32U385CGY6QTR, STM32U385KGU6, STM32U385RGI6, STM32U385RGI6Q, STM32U385RGT6, STM32U385RGT6Q, STM32U385RGY6GTR, STM32U385RGY6QTR, STM32U385VGI6, STM32U385VGI6Q, STM32U385VGT6, STM32U385VGT6Q, STM32U535CBT6, STM32U535CBT6Q, STM32U535CBU6, STM32U535CBU6Q, STM32U535CCT6, STM32U535CCT6Q, STM32U535CCU6, STM32U535CCU6Q, STM32U535CET6, STM32U535CET6Q, STM32U535CEU6, STM32U535CEU6Q, STM32U535JEY6QTR, STM32U535NCY6QTR, STM32U535NEY6QTR, STM32U535RBI6, STM32U535RBI6Q, STM32U535RBT6, STM32U535RBT6Q, STM32U535RCI6, STM32U535RCI6Q, STM32U535RCT6, STM32U535RCT6Q, STM32U535REI6, STM32U535REI6Q, STM32U535RET6, STM32U535RET6Q, STM32U535VCI6, STM32U535VCI6Q, STM32U535VCT6, STM32U535VCT6Q, STM32U535VEI6, STM32U535VEI6Q, STM32U535VET6, STM32U535VET6Q, STM32U545CET6, STM32U545CET6Q, STM32U545CEU6, STM32U545CEU6Q, STM32U545JEY6QTR, STM32U545NEY6QTR, STM32U545REI6, STM32U545REI6Q, STM32U545RET6, STM32U545RET6Q, STM32U545VEI6, STM32U545VEI6Q, STM32U545VET6, STM32U545VET6Q, STM32U595AIH6, STM32U595AIH6Q, STM32U595AJH6, STM32U595AJH6Q, STM32U595QII6, STM32U595QII6Q, STM32U595QJI6, STM32U595QJI6Q, STM32U595RIT6, STM32U595RIT6Q, STM32U595RJT6, STM32U595RJT6Q, STM32U595VIT6, STM32U595VIT6Q, STM32U595VJT6, STM32U595VJT6Q, STM32U595ZIT6, STM32U595ZIT6Q, STM32U595ZIY6QTR, STM32U595ZJT6, STM32U595ZJT6Q, STM32U595ZJY6QTR, STM32U599BJY6QTR, STM32U599NIH6Q, STM32U599NJH6Q, STM32U599VIT6Q, STM32U599VJT6, STM32U599VJT6Q, STM32U599ZIT6Q, STM32U599ZIY6QTR, STM32U599ZJT6Q, STM32U599ZJY6QTR, STM32U5A5AJH6, STM32U5A5AJH6Q, STM32U5A5QII3Q , STM32U5A5QJI6, STM32U5A5QJI6Q, STM32U5A5RJT6, STM32U5A5RJT6Q, STM32U5A5VJT6, STM32U5A5VJT6Q, STM32U5A5ZJT6, STM32U5A5ZJT6Q, STM32U5A5ZJY6QTR, STM32U5A9BJY6QTR, STM32U5A9J-DK, STM32U5A9NJH6Q, STM32U5A9VJT6Q, STM32U5A9ZJT6Q, STM32U5A9ZJY6QTR, STM32U5F7VIT6, STM32U5F7VIT6Q, STM32U5F7VJT6, STM32U5F7VJT6Q, STM32U5F9BJY6QTR, STM32U5F9NJH6Q, STM32U5F9VIT6Q, STM32U5F9VJT6Q, STM32U5F9ZIJ6QTR, STM32U5F9ZIT6Q, STM32U5F9ZJJ6QTR, STM32U5F9ZJT6Q, STM32U5G7VJT6, STM32U5G7VJT6Q, STM32U5G9BJY6QTR, STM32U5G9J-DK1, STM32U5G9J-DK2, STM32U5G9NJH6Q, STM32U5G9VJT6Q, STM32U5G9ZJJ6QTR, STM32U5G9ZJT6Q, STM32WB05KZV6TR, STM32WB05KZV7TR, STM32WB05TZF6TR, STM32WB05TZF7TR, STM32WB06CCF6TR, STM32WB06CCF7TR, STM32WB06CCV6TR, STM32WB06CCV7TR, STM32WB06KCV6TR, STM32WB06KCV7TR, STM32WB07CCF6TR, STM32WB07CCF7TR, STM32WB07CCV6TR, STM32WB07CCV7TR, STM32WB07KCV6TR, STM32WB07KCV7TR, STM32WB09KEV6TR, STM32WB09KEV7TR, STM32WB09TEF6TR, STM32WB09TEF7TR, STM32WB1MMCH6, STM32WBA50KGU6, STM32WBA50KGU6TR, STM32WBA52CEU6, STM32WBA52CEU6TR, STM32WBA52CEU7, STM32WBA52CEU7TR, STM32WBA52CGU6, STM32WBA52CGU6TR, STM32WBA52CGU6U, STM32WBA52CGU7, STM32WBA52CGU7TR, STM32WBA52KEU6, STM32WBA52KEU6TR, STM32WBA52KGU6, STM32WBA52KGU6TR, STM32WBA54CEU6, STM32WBA54CEU6TR, STM32WBA54CEU7, STM32WBA54CEU7TR, STM32WBA54CGU6, STM32WBA54CGU6TR, STM32WBA54CGU7, STM32WBA54CGU7TR, STM32WBA54KEU6, STM32WBA54KEU6TR, STM32WBA54KEU7, STM32WBA54KEU7TR, STM32WBA54KGU6, STM32WBA54KGU6TR, STM32WBA54KGU7, STM32WBA54KGU7TR, STM32WBA55CEU6, STM32WBA55CEU6TR, STM32WBA55CEU7, STM32WBA55CEU7TR, STM32WBA55CGU6, STM32WBA55CGU6TR, STM32WBA55CGU6U, STM32WBA55CGU7, STM32WBA55CGU7TR, STM32WBA55G-DK1, STM32WBA55HEF6, STM32WBA55HEF7, STM32WBA55HGF6, STM32WBA55HGF7, STM32WBA55UEI6, STM32WBA55UEI6TR, STM32WBA55UEI7, STM32WBA55UEI7TR, STM32WBA55UGI6, STM32WBA55UGI6TR, STM32WBA55UGI7, STM32WBA55UGI7TR, STM32WBA5MMGH6TR, STM32WBA62MGF6, STM32WBA62MIF6, STM32WBA65MGF7, STM32WBA65MIF6, STM32WBA65MIF7, STM32WL30K8V6, STM32WL30KBV6, STM32WL31C8V6, STM32WL31CBV6, STM32WL31K8V6, STM32WL31KBV6, STM32WL33C8V6, STM32WL33C8V6X, STM32WL33CBV6, STM32WL33CBV6X, STM32WL33CCV6, STM32WL33CCV6A, STM32WL33CCV6X, STM32WL33K8V7, STM32WL33K8V7X, STM32WL33KBV7 , STM32WL33KBV7X, STM32WL33KCV7, STM32WL33KCV7X, STM32WL5MOCH6, STM32WL5MOCH6TR]
2026-05-11 11:39:00,553 [INFO] DbMcus:218 - Found 5055 MCUs, 4968 are supported
2026-05-11 11:39:00,555 [INFO] ApiDb:423 - Load user favorites file C:\Users\Asmita Milind Bagad/.stm32cubeide/favorites.mcus.txt: 0 item(s)
2026-05-11 11:39:00,555 [INFO] ApiDb:427 - User favorites MCUs=[]
2026-05-11 11:39:00,556 [INFO] DbMcus:224 - Set 0 / 0 favorites MCUs
2026-05-11 11:39:01,309 [INFO] BoardInfo:889 - No configuration file found for board NUCLEO-H5E5ZJ
2026-05-11 11:39:01,309 [INFO] DbBoards:161 - Board is not supported: NUCLEO-H5E5ZJ
2026-05-11 11:39:01,369 [INFO] BoardInfo:889 - No configuration file found for board NUCLEO-U3C5ZI-Q
2026-05-11 11:39:01,369 [INFO] DbBoards:161 - Board is not supported: NUCLEO-U3C5ZI-Q
2026-05-11 11:39:01,392 [INFO] BoardInfo:889 - No configuration file found for board NUCLEO-WBA25CE1
2026-05-11 11:39:01,393 [INFO] DbBoards:161 - Board is not supported: NUCLEO-WBA25CE1
2026-05-11 11:39:01,404 [INFO] BoardInfo:889 - No configuration file found for board NUCLEO-WL3RKB1
2026-05-11 11:39:01,405 [INFO] DbBoards:161 - Board is not supported: NUCLEO-WL3RKB1
2026-05-11 11:39:01,406 [INFO] BoardInfo:889 - No configuration file found for board NUCLEO-WL3RKB2
2026-05-11 11:39:01,407 [INFO] DbBoards:161 - Board is not supported: NUCLEO-WL3RKB2
2026-05-11 11:39:01,416 [INFO] BoardInfo:889 - No configuration file found for board P-NUCLEO-WB55
2026-05-11 11:39:01,416 [INFO] DbBoards:161 - Kit is not supported: P-NUCLEO-WB55
2026-05-11 11:39:01,423 [INFO] BoardInfo:889 - No configuration file found for board STEVAL-BFA001V1B
2026-05-11 11:39:01,423 [INFO] DbBoards:161 - Kit is not supported: STEVAL-BFA001V1B
2026-05-11 11:39:01,425 [INFO] BoardInfo:889 - No configuration file found for board STEVAL-BFA001V2B
2026-05-11 11:39:01,425 [INFO] DbBoards:161 - Kit is not supported: STEVAL-BFA001V2B
2026-05-11 11:39:01,539 [INFO] BoardInfo:889 - No configuration file found for board STM32H5F5J-DK
2026-05-11 11:39:01,540 [INFO] DbBoards:161 - Board is not supported: STM32H5F5J-DK
2026-05-11 11:39:01,625 [INFO] DbBoards:168 - Found 218 boards, 209 are supported
2026-05-11 11:39:01,625 [INFO] DbBoards:169 - Found 218 boards, 43 of them is supported for  Bsp
2026-05-11 11:39:01,637 [INFO] ApiDb:423 - Load user favorites file C:\Users\Asmita Milind Bagad/.stm32cubeide/favorites.boards.txt: 0 item(s)
2026-05-11 11:39:01,637 [INFO] ApiDb:427 - User favorites Boards=[]
2026-05-11 11:39:01,637 [INFO] DbBoards:198 - Set 0 / 0 favorites Boards
2026-05-11 11:39:01,730 [INFO] UtilMem:75 - End LoadConfig() Used Memory: 926543984 Bytes (1073741824)
2026-05-11 11:39:02,025 [WARN] ThirdParty:833 - waiting for thirdparty lock release [change project]
2026-05-11 11:39:02,026 [INFO] ThirdParty:835 - entering critical section [change project]
2026-05-11 11:39:02,026 [INFO] ThirdParty:1030 - CMSIS Pack Vendor :STMicroelectronics X-CUBE-AZRTOS-H7 3.5.0
2026-05-11 11:39:02,026 [INFO] ThirdParty:1030 - CMSIS Pack Vendor :STMicroelectronics X-CUBE-PM33A1 1.0.0
2026-05-11 11:39:02,026 [INFO] ThirdParty:1030 - CMSIS Pack Vendor :STMicroelectronics USBPD 4.1
2026-05-11 11:39:02,026 [INFO] ThirdParty:1030 - CMSIS Pack Vendor :STMicroelectronics X-CUBE-NFC9 1.0.0
2026-05-11 11:39:02,026 [INFO] ThirdParty:1030 - CMSIS Pack Vendor :STMicroelectronics USB_HOST 2.0.0
2026-05-11 11:39:02,026 [INFO] ThirdParty:1030 - CMSIS Pack Vendor :STMicroelectronics FP-SNS-MOTENVWB1 1.4.0
2026-05-11 11:39:02,026 [INFO] ThirdParty:1030 - CMSIS Pack Vendor :STMicroelectronics X-CUBE-AZRTOS-F4 1.1.0
2026-05-11 11:39:02,026 [INFO] ThirdParty:1030 - CMSIS Pack Vendor :STMicroelectronics LIBJPEG 8.0.0
2026-05-11 11:39:02,026 [INFO] ThirdParty:1030 - CMSIS Pack Vendor :STMicroelectronics FP-ATR-ASTRA1 2.0.2
2026-05-11 11:39:02,026 [INFO] ThirdParty:1030 - CMSIS Pack Vendor :wolfSSL I-CUBE-wolfSSL 5.8.2
2026-05-11 11:39:02,027 [INFO] ThirdParty:1030 - CMSIS Pack Vendor :STMicroelectronics X-CUBE-BLE1 7.1.0
2026-05-11 11:39:02,027 [INFO] ThirdParty:1030 - CMSIS Pack Vendor :STMicroelectronics X-CUBE-SMBUS 2.1.0
2026-05-11 11:39:02,027 [INFO] ThirdParty:1030 - CMSIS Pack Vendor :wolfSSL I-CUBE-wolfMQTT 1.19.2
2026-05-11 11:39:02,027 [INFO] ThirdParty:1030 - CMSIS Pack Vendor :STMicroelectronics USB_DEVICE 3.0.0
2026-05-11 11:39:02,027 [INFO] ThirdParty:1030 - CMSIS Pack Vendor :STMicroelectronics X-CUBE-ISPU 2.1.0
2026-05-11 11:39:02,027 [INFO] ThirdParty:1030 - CMSIS Pack Vendor :STMicroelectronics X-CUBE-FREERTOS 1.4.0
2026-05-11 11:39:02,027 [INFO] ThirdParty:1030 - CMSIS Pack Vendor :STMicroelectronics eDS-WB_DPC_TT-BIDIR 2.1.1
2026-05-11 11:39:02,027 [INFO] ThirdParty:1030 - CMSIS Pack Vendor :STMicroelectronics X-CUBE-AZRTOS-WB 2.0.0
2026-05-11 11:39:02,028 [INFO] ThirdParty:1030 - CMSIS Pack Vendor :STMicroelectronics X-CUBE-AZRTOS-F7 1.1.0
2026-05-11 11:39:02,028 [INFO] ThirdParty:1030 - CMSIS Pack Vendor :STMicroelectronics X-CUBE-AZRTOS-L5 2.0.0
2026-05-11 11:39:02,028 [INFO] ThirdParty:1030 - CMSIS Pack Vendor :STMicroelectronics USB_DEVICE 2.0.0
2026-05-11 11:39:02,028 [INFO] ThirdParty:1030 - CMSIS Pack Vendor :STMicroelectronics X-CUBE-NFC6 3.1.0
2026-05-11 11:39:02,028 [INFO] ThirdParty:1030 - CMSIS Pack Vendor :Cesanta I-CUBE-Mongoose 7.19.0
2026-05-11 11:39:02,028 [INFO] ThirdParty:1030 - CMSIS Pack Vendor :STMicroelectronics FP-SNS-STAIOTCFT 1.1.0
2026-05-11 11:39:02,030 [INFO] ThirdParty:1030 - CMSIS Pack Vendor :quantropi X-CUBE-qispace-sdk-base 2.1.0
2026-05-11 11:39:02,030 [INFO] ThirdParty:1030 - CMSIS Pack Vendor :STMicroelectronics X-CUBE-MEMS1 12.0.0
2026-05-11 11:39:02,030 [INFO] ThirdParty:1030 - CMSIS Pack Vendor :STMicroelectronics X-CUBE-STSE01 2.0.0
2026-05-11 11:39:02,030 [INFO] ThirdParty:1030 - CMSIS Pack Vendor :STMicroelectronics FreeRTOS 0.0.1
2026-05-11 11:39:02,030 [INFO] ThirdParty:1030 - CMSIS Pack Vendor :STMicroelectronics X-CUBE-AZRTOS-G0 1.1.0
2026-05-11 11:39:02,030 [INFO] ThirdParty:1030 - CMSIS Pack Vendor :STMicroelectronics X-CUBE-SAFEA1 1.2.2
2026-05-11 11:39:02,030 [INFO] ThirdParty:1030 - CMSIS Pack Vendor :STMicroelectronics X-CUBE-NFC4 3.0.0
2026-05-11 11:39:02,030 [INFO] ThirdParty:1030 - CMSIS Pack Vendor :STMicroelectronics X-CUBE-SUBG2 5.0.0
2026-05-11 11:39:02,030 [INFO] ThirdParty:1030 - CMSIS Pack Vendor :STMicroelectronics X-CUBE-AZRTOS-H7RS 1.1.0
2026-05-11 11:39:02,030 [INFO] ThirdParty:1030 - CMSIS Pack Vendor :STMicroelectronics STM32_WPAN 1.0.0
2026-05-11 11:39:02,030 [INFO] ThirdParty:1030 - CMSIS Pack Vendor :STMicroelectronics eDS-WB_DPC_VIENNA 1.2.0
2026-05-11 11:39:02,030 [INFO] ThirdParty:1030 - CMSIS Pack Vendor :EmbeddedOffice I-CUBE-FS-RTOS 1.0.1
2026-05-11 11:39:02,031 [INFO] ThirdParty:1030 - CMSIS Pack Vendor :STMicroelectronics lwIP 2.0.3
2026-05-11 11:39:02,031 [INFO] ThirdParty:1030 - CMSIS Pack Vendor :WES I-CUBE-Cesium 1.4.0
2026-05-11 11:39:02,031 [INFO] ThirdParty:1030 - CMSIS Pack Vendor :STMicroelectronics eDS-WB_DPC_3PH2L-BIDIR 1.1.1
2026-05-11 11:39:02,031 [INFO] ThirdParty:1030 - CMSIS Pack Vendor :STMicroelectronics USB_HOST 1.0.0
2026-05-11 11:39:02,031 [INFO] ThirdParty:1030 - CMSIS Pack Vendor :Infineon AIROC-Wi-Fi-Bluetooth-STM32 1.7.1
2026-05-11 11:39:02,031 [INFO] ThirdParty:1030 - CMSIS Pack Vendor :STMicroelectronics X-CUBE-AZRTOS-G4 2.0.0
2026-05-11 11:39:02,031 [INFO] ThirdParty:1030 - CMSIS Pack Vendor :STMicroelectronics X-CUBE-WB05N 2.0.0
2026-05-11 11:39:02,031 [INFO] ThirdParty:1030 - CMSIS Pack Vendor :STMicroelectronics PDM2PCM 3.1.0
2026-05-11 11:39:02,031 [INFO] ThirdParty:1030 - CMSIS Pack Vendor :STMicroelectronics PDM2PCM 3.3.0
2026-05-11 11:39:02,031 [INFO] ThirdParty:1030 - CMSIS Pack Vendor :wolfSSL I-CUBE-wolfTPM 3.8.0
2026-05-11 11:39:02,031 [INFO] ThirdParty:1030 - CMSIS Pack Vendor :STMicroelectronics X-CUBE-AZRTOS-H7 3.4.0
2026-05-11 11:39:02,031 [INFO] ThirdParty:1030 - CMSIS Pack Vendor :STMicroelectronics X-CUBE-DISPLAY 3.0.0
2026-05-11 11:39:02,031 [INFO] ThirdParty:1030 - CMSIS Pack Vendor :wolfSSL I-CUBE-wolfSSH 1.4.20
2026-05-11 11:39:02,031 [INFO] ThirdParty:1030 - CMSIS Pack Vendor :STMicroelectronics X-CUBE-NFC7 2.0.0
2026-05-11 11:39:02,032 [INFO] ThirdParty:1030 - CMSIS Pack Vendor :STMicroelectronics X-CUBE-GNSS1 7.1.1
2026-05-11 11:39:02,032 [INFO] ThirdParty:1030 - CMSIS Pack Vendor :STMicroelectronics FP-SNS-MOTENVWB1 1.5.0
2026-05-11 11:39:02,032 [INFO] ThirdParty:1030 - CMSIS Pack Vendor :STMicroelectronics X-CUBE-TCPP 4.2.0
2026-05-11 11:39:02,032 [INFO] ThirdParty:1030 - CMSIS Pack Vendor :RealThread X-CUBE-RT-Thread_Nano 4.1.1
2026-05-11 11:39:02,032 [INFO] ThirdParty:1030 - CMSIS Pack Vendor :STMicroelectronics FP-ATR-SIGFOX1 3.2.0
2026-05-11 11:39:02,032 [INFO] ThirdParty:1030 - CMSIS Pack Vendor :STMicroelectronics X-CUBE-NFC10 1.0.0
2026-05-11 11:39:02,032 [INFO] ThirdParty:1030 - CMSIS Pack Vendor :STMicroelectronics X-CUBE-FREERTOS 1.3.1
2026-05-11 11:39:02,032 [INFO] ThirdParty:1030 - CMSIS Pack Vendor :STMicroelectronics HAL Drivers 0.0.0
2026-05-11 11:39:02,032 [INFO] ThirdParty:1030 - CMSIS Pack Vendor :STMicroelectronics X-CUBE-FREERTOS 1.5.0
2026-05-11 11:39:02,032 [INFO] ThirdParty:1030 - CMSIS Pack Vendor :STMicroelectronics MBEDTLS 2.16.2
2026-05-11 11:39:02,032 [INFO] ThirdParty:1030 - CMSIS Pack Vendor :STMicroelectronics X-CUBE-ALS 1.0.2
2026-05-11 11:39:02,032 [INFO] ThirdParty:1030 - CMSIS Pack Vendor :emotas I-CUBE-CANOPEN 1.3.0
2026-05-11 11:39:02,032 [INFO] ThirdParty:1030 - CMSIS Pack Vendor :STMicroelectronics MBEDTLS 2.14.1
2026-05-11 11:39:02,033 [INFO] ThirdParty:1030 - CMSIS Pack Vendor :STMicroelectronics X-CUBE-GNSS1 7.1.0
2026-05-11 11:39:02,033 [INFO] ThirdParty:1030 - CMSIS Pack Vendor :ITTIA_DB I-CUBE-ITTIADB 8.9.0
2026-05-11 11:39:02,033 [INFO] ThirdParty:1030 - CMSIS Pack Vendor :STMicroelectronics X-CUBE-TOUCHGFX 4.26.0
2026-05-11 11:39:02,033 [INFO] ThirdParty:1030 - CMSIS Pack Vendor :STMicroelectronics X-CUBE-STSE01 1.0.0
2026-05-11 11:39:02,033 [INFO] ThirdParty:1030 - CMSIS Pack Vendor :STMicroelectronics X-CUBE-TOUCHGFX 4.26.1
2026-05-11 11:39:02,033 [INFO] ThirdParty:1030 - CMSIS Pack Vendor :STMicroelectronics X-CUBE-NFC6 3.2.0
2026-05-11 11:39:02,033 [INFO] ThirdParty:1030 - CMSIS Pack Vendor :STMicroelectronics FP-SNS-STAIOTCFT 1.0.0
2026-05-11 11:39:02,033 [INFO] ThirdParty:1030 - CMSIS Pack Vendor :STMicroelectronics ThreadX 1.0.0
2026-05-11 11:39:02,033 [INFO] ThirdParty:1030 - CMSIS Pack Vendor :STMicroelectronics FP-SNS-SMARTAG2 1.2.0
2026-05-11 11:39:02,033 [INFO] ThirdParty:1030 - CMSIS Pack Vendor :STMicroelectronics X-CUBE-MEMS1 12.1.0
2026-05-11 11:39:02,033 [INFO] ThirdParty:1030 - CMSIS Pack Vendor :STMicroelectronics FP-SNS-FLIGHT1 5.1.0
2026-05-11 11:39:02,033 [INFO] ThirdParty:1030 - CMSIS Pack Vendor :STMicroelectronics X-CUBE-AZRTOS-WL 2.0.0
2026-05-11 11:39:02,034 [INFO] ThirdParty:1030 - CMSIS Pack Vendor :SEGGER I-CUBE-embOS 1.3.1
2026-05-11 11:39:02,034 [INFO] ThirdParty:1030 - CMSIS Pack Vendor :STMicroelectronics X-CUBE-ALGOBUILD 1.4.0
2026-05-11 11:39:02,034 [INFO] ThirdParty:1030 - CMSIS Pack Vendor :STMicroelectronics X-CUBE-DPower 1.3.0
2026-05-11 11:39:02,034 [INFO] ThirdParty:1030 - CMSIS Pack Vendor :STMicroelectronics X-CUBE-MEMS1 11.3.0
2026-05-11 11:39:02,034 [INFO] ThirdParty:1030 - CMSIS Pack Vendor :STMicroelectronics USB_DEVICE 1.0.0
2026-05-11 11:39:02,034 [INFO] ThirdParty:1030 - CMSIS Pack Vendor :STMicroelectronics X-CUBE-AZRTOS-H7RS 1.2.0
2026-05-11 11:39:02,034 [INFO] ThirdParty:1030 - CMSIS Pack Vendor :STMicroelectronics X-CUBE-AZRTOS-L4 2.0.0
2026-05-11 11:39:02,034 [INFO] ThirdParty:1030 - CMSIS Pack Vendor :STMicroelectronics ThreadX 0.0.2
2026-05-11 11:39:02,034 [INFO] ThirdParty:1030 - CMSIS Pack Vendor :STMicroelectronics lwIP 2.1.2
2026-05-11 11:39:02,034 [INFO] ThirdParty:1030 - CMSIS Pack Vendor :STMicroelectronics X-CUBE-SFXS2LP1 4.0.0
2026-05-11 11:39:02,035 [INFO] ThirdParty:1030 - CMSIS Pack Vendor :STMicroelectronics X-CUBE-BLE2 3.3.0
2026-05-11 11:39:02,035 [INFO] ThirdParty:1030 - CMSIS Pack Vendor :Avnet-IOTCONNECT X-CUBE-iotc-st67-sdk 1.0.0
2026-05-11 11:39:02,035 [INFO] ThirdParty:1030 - CMSIS Pack Vendor :STMicroelectronics X-CUBE-TOF1 3.4.3
2026-05-11 11:39:02,035 [INFO] ThirdParty:1030 - CMSIS Pack Vendor :STMicroelectronics PDM2PCM 3.2.0
2026-05-11 11:39:02,036 [INFO] ThirdParty:1030 - CMSIS Pack Vendor :STMicroelectronics X-CUBE-WB05N 2.1.0
2026-05-11 11:39:02,036 [INFO] ThirdParty:1030 - CMSIS Pack Vendor :STMicroelectronics X-CUBE-ST67W61 1.2.0
2026-05-11 11:39:02,036 [INFO] ThirdParty:841 - exiting critical section [change project]
2026-05-11 11:39:02,736 [INFO] PinOutPanel:1589 - setPackage(No Configuration,No Configuration)
2026-05-11 11:39:02,740 [INFO] PinOutPanel:1589 - setPackage(STM32C071RBTx,LQFP64_GP)
2026-05-11 11:39:03,419 [INFO] UtilMem:75 - Before build in PCC Used Memory: 724599168 Bytes (1073741824)
2026-05-11 11:39:04,901 [INFO] UtilMem:75 - After build in PCC Used Memory: 900849544 Bytes (1073741824)
2026-05-11 11:39:04,949 [INFO] IPUIPlugin:80 - create IPUIPlugin
2026-05-11 11:39:04,950 [INFO] IPUIPlugin:80 - create IPUIPlugin
2026-05-11 11:39:04,950 [INFO] IPUIPlugin:80 - create IPUIPlugin
2026-05-11 11:39:04,951 [INFO] IPUIPlugin:80 - create IPUIPlugin
2026-05-11 11:39:04,951 [INFO] IPUIPlugin:80 - create IPUIPlugin
2026-05-11 11:39:04,951 [INFO] IPUIPlugin:80 - create IPUIPlugin
2026-05-11 11:39:04,951 [INFO] IPUIPlugin:80 - create IPUIPlugin
2026-05-11 11:39:04,951 [INFO] IPUIPlugin:80 - create IPUIPlugin
2026-05-11 11:39:04,952 [INFO] IPUIPlugin:80 - create IPUIPlugin
2026-05-11 11:39:04,952 [INFO] IPUIPlugin:80 - create IPUIPlugin
2026-05-11 11:39:04,952 [INFO] IPUIPlugin:80 - create IPUIPlugin
2026-05-11 11:39:04,952 [INFO] IPUIPlugin:80 - create IPUIPlugin
2026-05-11 11:39:04,953 [INFO] IPUIPlugin:80 - create IPUIPlugin
2026-05-11 11:39:04,953 [INFO] IPUIPlugin:80 - create IPUIPlugin
2026-05-11 11:39:04,953 [INFO] IPUIPlugin:80 - create IPUIPlugin
2026-05-11 11:39:04,953 [INFO] IPUIPlugin:80 - create IPUIPlugin
2026-05-11 11:39:04,954 [INFO] IPUIPlugin:80 - create IPUIPlugin
2026-05-11 11:39:04,954 [INFO] IPUIPlugin:80 - create IPUIPlugin
2026-05-11 11:39:04,954 [INFO] IPUIPlugin:80 - create IPUIPlugin
2026-05-11 11:39:04,956 [INFO] IPUIPlugin:80 - create IPUIPlugin
2026-05-11 11:39:04,956 [INFO] IPUIPlugin:80 - create IPUIPlugin
2026-05-11 11:39:04,956 [INFO] IPUIPlugin:80 - create IPUIPlugin
2026-05-11 11:39:04,956 [INFO] IPUIPlugin:80 - create IPUIPlugin
2026-05-11 11:39:04,957 [INFO] IPUIPlugin:80 - create IPUIPlugin
2026-05-11 11:39:04,957 [INFO] IPUIPlugin:80 - create IPUIPlugin
2026-05-11 11:39:04,957 [INFO] IPUIPlugin:80 - create IPUIPlugin
2026-05-11 11:39:04,958 [INFO] IPUIPlugin:80 - create IPUIPlugin
2026-05-11 11:39:04,958 [INFO] IPUIPlugin:80 - create IPUIPlugin
2026-05-11 11:39:04,958 [INFO] IPUIPlugin:80 - create IPUIPlugin
2026-05-11 11:39:04,958 [INFO] IPUIPlugin:80 - create IPUIPlugin
2026-05-11 11:39:04,958 [INFO] IPUIPlugin:80 - create IPUIPlugin
2026-05-11 11:39:04,959 [INFO] IPUIPlugin:80 - create IPUIPlugin
2026-05-11 11:39:04,959 [INFO] IPUIPlugin:80 - create IPUIPlugin
2026-05-11 11:39:04,959 [INFO] IPUIPlugin:80 - create IPUIPlugin
2026-05-11 11:39:04,960 [INFO] IPUIPlugin:80 - create IPUIPlugin
2026-05-11 11:39:04,960 [INFO] IPUIPlugin:80 - create IPUIPlugin
2026-05-11 11:39:05,336 [INFO] CADModel:165 - CPN selected for project levelSTM32C071RBT6
2026-05-11 11:39:05,336 [INFO] CADModel:114 - Register for checkConnection events
2026-05-11 11:39:05,425 [INFO] OpenFileManager:386 - Restore cursor
2026-05-11 11:39:18,197 [INFO] NvicIntPanel:101 - NVIC parent = com.st.microxplorer.plugins.ip.nvic.MultiNvicIntPanel[,0,0,0x0,invalid,layout=javax.swing.BoxLayout,alignmentX=0.0,alignmentY=0.0,border=,flags=9,maximumSize=,minimumSize=,preferredSize=]
2026-05-11 11:39:37,708 [INFO] NvicIntPanel:101 - NVIC parent = com.st.microxplorer.plugins.ip.nvic.MultiNvicIntPanel[,0,0,0x0,invalid,layout=javax.swing.BoxLayout,alignmentX=0.0,alignmentY=0.0,border=,flags=9,maximumSize=,minimumSize=,preferredSize=]
2026-05-11 11:42:16,549 [INFO] UtilMem:75 - End SaveConfig() Used Memory: 678295192 Bytes (1073741824)
2026-05-11 11:42:16,707 [INFO] UtilMem:75 - End SaveConfig() Used Memory: 694025880 Bytes (1073741824)
2026-05-11 11:42:17,149 [INFO] UtilMem:75 - End SaveConfig() Used Memory: 715521688 Bytes (1073741824)
2026-05-11 11:42:17,514 [ERROR] IocParser:95 - Exception caught: Cannot invoke "java.lang.CharSequence.length()" because "this.text" is null
2026-05-11 11:42:17,871 [INFO] BlockDiagram:2775 - set Specific Code input for plugin: NVIC
2026-05-11 11:42:17,873 [INFO] BlockDiagram:2775 - set Specific Code input for plugin: TIM1_8C0
2026-05-11 11:42:17,873 [INFO] BlockDiagram:2775 - set Specific Code input for plugin: NUCLEO-C071RB
2026-05-11 11:42:17,873 [INFO] BlockDiagram:2775 - set Specific Code input for plugin: SYS
2026-05-11 11:42:17,874 [INFO] BlockDiagram:2775 - set Specific Code input for plugin: GPIO
2026-05-11 11:42:17,874 [INFO] BlockDiagram:2775 - set Specific Code input for plugin: RCC
2026-05-11 11:42:17,876 [INFO] CodeGenerator:892 - code generatio: config db path: D:\STM32CubeIDE_1.19.0\STM32CubeIDE\plugins\com.st.stm32cube.common.mx_6.15.0.202507011659\\db\
2026-05-11 11:42:18,086 [INFO] CodeEngine:265 - oldGeneratedFile, D:\Strataroh_Git\25_SV09_Internship_Projects_FW\Asmita_04052026\PULSE COUNT\MXTmpFiles\license.tmp_save
2026-05-11 11:42:18,771 [INFO] CodeEngine:289 - Generated code: D:\Strataroh_Git\25_SV09_Internship_Projects_FW\Asmita_04052026\PULSE COUNT\MXTmpFiles\license.tmp
2026-05-11 11:42:19,017 [INFO] CodeEngine:265 - oldGeneratedFile, D:\Strataroh_Git\25_SV09_Internship_Projects_FW\Asmita_04052026\PULSE COUNT\MXTmpFiles\gpio.tmp_save
2026-05-11 11:42:19,337 [INFO] CodeEngine:289 - Generated code: D:\Strataroh_Git\25_SV09_Internship_Projects_FW\Asmita_04052026\PULSE COUNT\MXTmpFiles\gpio.tmp
2026-05-11 11:42:19,867 [INFO] CodeEngine:265 - oldGeneratedFile, D:\Strataroh_Git\25_SV09_Internship_Projects_FW\Asmita_04052026\PULSE COUNT\MXTmpFiles\cortex.tmp_save
2026-05-11 11:42:20,120 [INFO] CodeEngine:289 - Generated code: D:\Strataroh_Git\25_SV09_Internship_Projects_FW\Asmita_04052026\PULSE COUNT\MXTmpFiles\cortex.tmp
2026-05-11 11:42:20,177 [INFO] CodeEngine:265 - oldGeneratedFile, D:\Strataroh_Git\25_SV09_Internship_Projects_FW\Asmita_04052026\PULSE COUNT\Core\Inc\stm32c0xx_nucleo_conf.h_save
2026-05-11 11:42:20,426 [INFO] CodeEngine:289 - Generated code: D:\Strataroh_Git\25_SV09_Internship_Projects_FW\Asmita_04052026\PULSE COUNT\Core\Inc\stm32c0xx_nucleo_conf.h
2026-05-11 11:42:20,443 [INFO] CodeEngine:265 - oldGeneratedFile, D:\Strataroh_Git\25_SV09_Internship_Projects_FW\Asmita_04052026\PULSE COUNT\MXTmpFiles\bsp_inc.tmp_save
2026-05-11 11:42:20,576 [INFO] CodeEngine:289 - Generated code: D:\Strataroh_Git\25_SV09_Internship_Projects_FW\Asmita_04052026\PULSE COUNT\MXTmpFiles\bsp_inc.tmp
2026-05-11 11:42:20,593 [INFO] CodeEngine:265 - oldGeneratedFile, D:\Strataroh_Git\25_SV09_Internship_Projects_FW\Asmita_04052026\PULSE COUNT\MXTmpFiles\bsp_common_vars.tmp_save
2026-05-11 11:42:20,721 [INFO] CodeEngine:289 - Generated code: D:\Strataroh_Git\25_SV09_Internship_Projects_FW\Asmita_04052026\PULSE COUNT\MXTmpFiles\bsp_common_vars.tmp
2026-05-11 11:42:20,752 [INFO] CodeEngine:265 - oldGeneratedFile, D:\Strataroh_Git\25_SV09_Internship_Projects_FW\Asmita_04052026\PULSE COUNT\MXTmpFiles\bsp_common_init.tmp_save
2026-05-11 11:42:20,881 [INFO] CodeEngine:289 - Generated code: D:\Strataroh_Git\25_SV09_Internship_Projects_FW\Asmita_04052026\PULSE COUNT\MXTmpFiles\bsp_common_init.tmp
2026-05-11 11:42:20,900 [INFO] CodeEngine:265 - oldGeneratedFile, D:\Strataroh_Git\25_SV09_Internship_Projects_FW\Asmita_04052026\PULSE COUNT\MXTmpFiles\bsp_common_demo_before_while.tmp_save
2026-05-11 11:42:21,016 [INFO] CodeEngine:289 - Generated code: D:\Strataroh_Git\25_SV09_Internship_Projects_FW\Asmita_04052026\PULSE COUNT\MXTmpFiles\bsp_common_demo_before_while.tmp
2026-05-11 11:42:21,023 [INFO] CodeEngine:265 - oldGeneratedFile, D:\Strataroh_Git\25_SV09_Internship_Projects_FW\Asmita_04052026\PULSE COUNT\MXTmpFiles\bsp_common_demo_inside_while.tmp_save
2026-05-11 11:42:21,142 [INFO] CodeEngine:289 - Generated code: D:\Strataroh_Git\25_SV09_Internship_Projects_FW\Asmita_04052026\PULSE COUNT\MXTmpFiles\bsp_common_demo_inside_while.tmp
2026-05-11 11:42:21,158 [INFO] CodeEngine:265 - oldGeneratedFile, D:\Strataroh_Git\25_SV09_Internship_Projects_FW\Asmita_04052026\PULSE COUNT\MXTmpFiles\bsp_common_demo_fct.tmp_save
2026-05-11 11:42:21,272 [INFO] CodeEngine:289 - Generated code: D:\Strataroh_Git\25_SV09_Internship_Projects_FW\Asmita_04052026\PULSE COUNT\MXTmpFiles\bsp_common_demo_fct.tmp
2026-05-11 11:42:21,293 [INFO] CodeEngine:265 - oldGeneratedFile, D:\Strataroh_Git\25_SV09_Internship_Projects_FW\Asmita_04052026\PULSE COUNT\Core\Src\stm32c0xx_it.c_save
2026-05-11 11:42:21,614 [INFO] CodeEngine:289 - Generated code: D:\Strataroh_Git\25_SV09_Internship_Projects_FW\Asmita_04052026\PULSE COUNT\Core\Src\stm32c0xx_it.c
2026-05-11 11:42:21,622 [INFO] CodeEngine:265 - oldGeneratedFile, D:\Strataroh_Git\25_SV09_Internship_Projects_FW\Asmita_04052026\PULSE COUNT\Core\Inc\stm32c0xx_it.h_save
2026-05-11 11:42:21,775 [INFO] CodeEngine:289 - Generated code: D:\Strataroh_Git\25_SV09_Internship_Projects_FW\Asmita_04052026\PULSE COUNT\Core\Inc\stm32c0xx_it.h
2026-05-11 11:42:21,885 [INFO] CodeEngine:265 - oldGeneratedFile, D:\Strataroh_Git\25_SV09_Internship_Projects_FW\Asmita_04052026\PULSE COUNT\Core\Src\stm32c0xx_hal_msp.c_save
2026-05-11 11:42:22,227 [INFO] CodeEngine:289 - Generated code: D:\Strataroh_Git\25_SV09_Internship_Projects_FW\Asmita_04052026\PULSE COUNT\Core\Src\stm32c0xx_hal_msp.c
2026-05-11 11:42:22,244 [INFO] CodeEngine:265 - oldGeneratedFile, D:\Strataroh_Git\25_SV09_Internship_Projects_FW\Asmita_04052026\PULSE COUNT\MXTmpFiles\system.tmp_save
2026-05-11 11:42:22,369 [INFO] CodeEngine:289 - Generated code: D:\Strataroh_Git\25_SV09_Internship_Projects_FW\Asmita_04052026\PULSE COUNT\MXTmpFiles\system.tmp
2026-05-11 11:42:22,408 [INFO] CodeEngine:321 - oldGeneratedFile, D:\Strataroh_Git\25_SV09_Internship_Projects_FW\Asmita_04052026\PULSE COUNT\Core\Inc\stm32c0xx_hal_conf.h_save
2026-05-11 11:42:22,646 [INFO] CodeEngine:345 - Generated code: D:\Strataroh_Git\25_SV09_Internship_Projects_FW\Asmita_04052026\PULSE COUNT\Core\Inc\stm32c0xx_hal_conf.h
2026-05-11 11:42:22,682 [WARN] IPConfigManager:3238 - Warning: the RefConfig RCC_PClockConfig is not available in your config.xml file
2026-05-11 11:42:22,683 [WARN] IPConfigManager:3238 - Warning: the RefConfig RCC_interrupt_Time_SYSTICK_Config is not available in your config.xml file
2026-05-11 11:42:22,708 [INFO] ApiDbMcu:532 - Load IP Config File for TIM2
2026-05-11 11:42:22,713 [INFO] ApiDbMcu:532 - Load IP Config File for RCC
2026-05-11 11:42:22,715 [WARN] IPConfigManager:3811 - IP not found : TIM
2026-05-11 11:42:22,730 [WARN] CodeGenerator:4259 - IP not found : null
2026-05-11 11:42:22,740 [INFO] CodeEngine:265 - oldGeneratedFile, D:\Strataroh_Git\25_SV09_Internship_Projects_FW\Asmita_04052026\PULSE COUNT\Core\Inc\main.h_save
2026-05-11 11:42:23,024 [INFO] CodeEngine:289 - Generated code: D:\Strataroh_Git\25_SV09_Internship_Projects_FW\Asmita_04052026\PULSE COUNT\Core\Inc\main.h
2026-05-11 11:42:23,033 [INFO] CodeEngine:265 - oldGeneratedFile, D:\Strataroh_Git\25_SV09_Internship_Projects_FW\Asmita_04052026\PULSE COUNT\Core\Src\main.c_save
2026-05-11 11:42:23,329 [INFO] CodeEngine:289 - Generated code: D:\Strataroh_Git\25_SV09_Internship_Projects_FW\Asmita_04052026\PULSE COUNT\Core\Src\main.c
2026-05-11 11:42:23,900 [INFO] ProjectBuilder:3606 - Time for Copy HAL[1] : 313mS.
2026-05-11 11:42:23,909 [INFO] ProjectBuilder:5216 - Project Generator version: 4.7.0-B52
2026-05-11 11:42:24,146 [INFO] ConfigFileManager:1595 - The Die is : DIE493
2026-05-11 11:42:24,184 [INFO] ApiDbMcu:532 - Load IP Config File for FILEX
2026-05-11 11:42:24,209 [INFO] ApiDbMcu:532 - Load IP Config File for LEVELX
2026-05-11 11:42:24,232 [INFO] ApiDbMcu:532 - Load IP Config File for THREADX
2026-05-11 11:42:24,268 [INFO] ApiDbMcu:532 - Load IP Config File for USBX
2026-05-11 11:42:25,662 [INFO] LogOutputStream:77 - [STDOUT_REDIRECT] 
2026-05-11 11:42:29,106 [INFO] ProjectBuilder:5496 - Time for Generating toolchain IDE Files: 5197mS.
2026-05-11 11:42:29,108 [INFO] ProjectBuilder:3463 - Time for Copy CMSIS : 0mS.
2026-05-11 11:42:29,112 [INFO] ProjectBuilder:3463 - Time for Copy CMSIS : 0mS.
2026-05-11 11:42:37,408 [INFO] NvicIntPanel:101 - NVIC parent = com.st.microxplorer.plugins.ip.nvic.MultiNvicIntPanel[,0,0,0x0,invalid,layout=javax.swing.BoxLayout,alignmentX=0.0,alignmentY=0.0,border=,flags=9,maximumSize=,minimumSize=,preferredSize=]
2026-05-11 11:51:57,966 [INFO] WebApp:194 - Connection lost
2026-05-11 11:51:58,695 [INFO] WebApp:191 - Connection restablished
2026-05-11 11:52:05,795 [ERROR] LogOutputStream:75 - [STDERR_REDIRECT] 
2026-05-11 11:52:05,797 [ERROR] LogOutputStream:75 - [STDERR_REDIRECT] 
2026-05-11 13:17:51,942 [INFO] Activator:176 - 


2026-05-11 13:17:51,946 [INFO] Activator:177 - !SESSION log4j initialized
2026-05-11 13:18:02,360 [INFO] LogOutputStream:77 - [STDOUT_REDIRECT] 
2026-05-11 13:18:04,066 [INFO] ApplicationProperties:184 - Using Application install path: D:\STM32CubeIDE_1.19.0\STM32CubeIDE\plugins\com.st.stm32cube.common.mx_6.15.0.202507011659
2026-05-11 13:18:04,083 [INFO] DbMcusXml:78 - Set database path to: D:\STM32CubeIDE_1.19.0\STM32CubeIDE\plugins\com.st.stm32cube.common.mx_6.15.0.202507011659\\db\/mcu/
2026-05-11 13:18:04,083 [INFO] ApiDb:274 - Set plugin database path to: D:\STM32CubeIDE_1.19.0\STM32CubeIDE\plugins\com.st.stm32cube.common.mx_6.15.0.202507011659\\db\/plugins/boardmanager/
2026-05-11 13:18:04,083 [WARN] ApiDb:259 - Overriding images path with different value:  => D:\STM32CubeIDE_1.19.0\STM32CubeIDE\plugins\com.st.stm32cube.common.mx_6.15.0.202507011659\\db\/plugins/mcufinder/images/
2026-05-11 13:18:04,097 [INFO] ApiDb:250 - Set database path to: C:\Users\Asmita Milind Bagad\.stmcufinder\plugins\mcufinder//mcu/
2026-05-11 13:18:04,097 [INFO] DbMcusAds:125 - Set database path to: C:\Users\Asmita Milind Bagad\.stmcufinder\plugins\mcufinder//mcu/
2026-05-11 13:18:04,102 [INFO] CrossReferenceDbSqlite:203 - Set database path to: C:\Users\Asmita Milind Bagad\.stmcufinder\plugins\mcufinder//mcu/cs/
2026-05-11 13:18:04,288 [INFO] RulesReader:64 - Compatibility file has been processed (317 Rules)
2026-05-11 13:18:04,423 [INFO] DbMcusXml:78 - Set database path to: D:\STM32CubeIDE_1.19.0\STM32CubeIDE\plugins\com.st.stm32cube.common.mx_6.15.0.202507011659\\db\/mcu/
2026-05-11 13:18:04,423 [INFO] ApiDb:274 - Set plugin database path to: D:\STM32CubeIDE_1.19.0\STM32CubeIDE\plugins\com.st.stm32cube.common.mx_6.15.0.202507011659\\db\/plugins/boardmanager/
2026-05-11 13:18:04,423 [INFO] ApiDb:261 - Set plugin images path to: D:\STM32CubeIDE_1.19.0\STM32CubeIDE\plugins\com.st.stm32cube.common.mx_6.15.0.202507011659\\db\/plugins/mcufinder/images/
2026-05-11 13:18:04,423 [WARN] DbFile:41 - Overriding database path with different value: C:\Users\Asmita Milind Bagad\.stmcufinder\plugins\mcufinder/ => C:\Users\Asmita Milind Bagad\.stmcufinder\plugins\mcufinder
2026-05-11 13:18:04,423 [INFO] ApiDb:250 - Set database path to: C:\Users\Asmita Milind Bagad\.stmcufinder\plugins\mcufinder//mcu/
2026-05-11 13:18:04,423 [WARN] DbFile:41 - Overriding database path with different value: C:\Users\Asmita Milind Bagad\.stmcufinder\plugins\mcufinder/ => C:\Users\Asmita Milind Bagad\.stmcufinder\plugins\mcufinder
2026-05-11 13:18:04,423 [INFO] DbMcusAds:125 - Set database path to: C:\Users\Asmita Milind Bagad\.stmcufinder\plugins\mcufinder//mcu/
2026-05-11 13:18:04,427 [WARN] DbFile:41 - Overriding database path with different value: C:\Users\Asmita Milind Bagad\.stmcufinder\plugins\mcufinder/ => C:\Users\Asmita Milind Bagad\.stmcufinder\plugins\mcufinder
2026-05-11 13:18:04,427 [WARN] DbFile:41 - Overriding database path with different value: C:\Users\Asmita Milind Bagad\.stmcufinder\plugins\mcufinder/ => C:\Users\Asmita Milind Bagad\.stmcufinder\plugins\mcufinder
2026-05-11 13:18:04,427 [INFO] CrossReferenceDbSqlite:203 - Set database path to: C:\Users\Asmita Milind Bagad\.stmcufinder\plugins\mcufinder//mcu/cs/
2026-05-11 13:18:04,548 [INFO] MainPanel:274 - HeapMemory: 268435456
2026-05-11 13:18:04,670 [INFO] DbMcusXml:78 - Set database path to: D:\STM32CubeIDE_1.19.0\STM32CubeIDE\plugins\com.st.stm32cube.common.mx_6.15.0.202507011659\\db\/mcu/
2026-05-11 13:18:04,670 [INFO] ApiDb:274 - Set plugin database path to: D:\STM32CubeIDE_1.19.0\STM32CubeIDE\plugins\com.st.stm32cube.common.mx_6.15.0.202507011659\\db\/plugins/boardmanager/
2026-05-11 13:18:04,670 [INFO] ApiDb:261 - Set plugin images path to: D:\STM32CubeIDE_1.19.0\STM32CubeIDE\plugins\com.st.stm32cube.common.mx_6.15.0.202507011659\\db\/plugins/mcufinder/images/
2026-05-11 13:18:04,670 [WARN] DbFile:41 - Overriding database path with different value: C:\Users\Asmita Milind Bagad\.stmcufinder\plugins\mcufinder/ => C:\Users\Asmita Milind Bagad\.stmcufinder\plugins\mcufinder
2026-05-11 13:18:04,671 [INFO] ApiDb:250 - Set database path to: C:\Users\Asmita Milind Bagad\.stmcufinder\plugins\mcufinder//mcu/
2026-05-11 13:18:04,671 [WARN] DbFile:41 - Overriding database path with different value: C:\Users\Asmita Milind Bagad\.stmcufinder\plugins\mcufinder/ => C:\Users\Asmita Milind Bagad\.stmcufinder\plugins\mcufinder
2026-05-11 13:18:04,671 [INFO] DbMcusAds:125 - Set database path to: C:\Users\Asmita Milind Bagad\.stmcufinder\plugins\mcufinder//mcu/
2026-05-11 13:18:04,672 [WARN] DbFile:41 - Overriding database path with different value: C:\Users\Asmita Milind Bagad\.stmcufinder\plugins\mcufinder/ => C:\Users\Asmita Milind Bagad\.stmcufinder\plugins\mcufinder
2026-05-11 13:18:04,672 [WARN] DbFile:41 - Overriding database path with different value: C:\Users\Asmita Milind Bagad\.stmcufinder\plugins\mcufinder/ => C:\Users\Asmita Milind Bagad\.stmcufinder\plugins\mcufinder
2026-05-11 13:18:04,672 [INFO] CrossReferenceDbSqlite:203 - Set database path to: C:\Users\Asmita Milind Bagad\.stmcufinder\plugins\mcufinder//mcu/cs/
2026-05-11 13:18:04,711 [INFO] ApplicationProperties:184 - Using Application install path: D:\STM32CubeIDE_1.19.0\STM32CubeIDE\plugins\com.st.stm32cube.common.mx_6.15.0.202507011659
2026-05-11 13:18:04,711 [INFO] PluginManage:196 - Search for loadable plugins [exclusion list=, ]
2026-05-11 13:18:04,711 [INFO] PluginManage:310 - Check plugin analytics
2026-05-11 13:18:05,025 [INFO] AnalyticsPlugin:253 - Accepted Software Licenses: 
2026-05-11 13:18:05,025 [INFO] AnalyticsPlugin:255 - Accepted CMSIS Pack Licenses: STMicroelectronics.X-CUBE-FREERTOS.1.3.1,RealThread.X-CUBE-RT-Thread_Nano.4.1.1,STMicroelectronics.X-CUBE-FREERTOS.1.5.0,STMicroelectronics.X-CUBE-FREERTOS.1.4.0
2026-05-11 13:18:05,025 [INFO] AnalyticsPlugin:257 - Accepted Firmware Licenses: FW.F4.1.28.0,FW.G4.1.6.0,FW.C0.1.4.0
2026-05-11 13:18:05,028 [INFO] PluginManage:359 - Loaded plugin analytics (category:tool,tabindex:-1)
2026-05-11 13:18:05,028 [INFO] PluginManage:310 - Check plugin cadmodel
2026-05-11 13:18:05,054 [INFO] CADModel:105 - Init CAD model plugin
2026-05-11 13:18:05,054 [INFO] PluginManage:359 - Loaded plugin cadmodel (category:power,tabindex:5)
2026-05-11 13:18:05,054 [INFO] PluginManage:310 - Check plugin clock
2026-05-11 13:18:05,077 [INFO] PluginManage:359 - Loaded plugin clock (category:base,tabindex:2)
2026-05-11 13:18:05,077 [INFO] PluginManage:310 - Check plugin ddr
2026-05-11 13:18:05,086 [INFO] PluginManage:359 - Loaded plugin ddr (category:tool,tabindex:6)
2026-05-11 13:18:05,086 [INFO] PluginManage:310 - Check plugin filemanager
2026-05-11 13:18:05,297 [INFO] PluginManage:359 - Loaded plugin filemanager (category:base,tabindex:10)
2026-05-11 13:18:05,297 [INFO] PluginManage:310 - Check plugin ipmanager
2026-05-11 13:18:05,319 [INFO] PluginManage:359 - Loaded plugin ipmanager (category:base,tabindex:5)
2026-05-11 13:18:05,319 [INFO] PluginManage:310 - Check plugin lpbam
2026-05-11 13:18:05,344 [INFO] PluginManage:359 - Loaded plugin lpbam (category:base,tabindex:0)
2026-05-11 13:18:05,344 [INFO] PluginManage:310 - Check plugin memorymap
2026-05-11 13:18:05,382 [INFO] PluginManage:359 - Loaded plugin memorymap (category:base,tabindex:4)
2026-05-11 13:18:05,382 [INFO] PluginManage:310 - Check plugin pinoutandconfiguration
2026-05-11 13:18:05,412 [INFO] PluginManage:359 - Loaded plugin pinoutandconfiguration (category:base,tabindex:1)
2026-05-11 13:18:05,412 [INFO] PluginManage:310 - Check plugin pinoutconfig
2026-05-11 13:18:05,573 [WARN] SupportedApi:132 - Cannot load RTOS API schema: s4s-elt-must-match.1: The content of 'definitions' must match (annotation?, (simpleType | complexType)?, (unique | key | keyref)*)). A problem was found starting at: attribute.
2026-05-11 13:18:05,754 [INFO] PluginManage:359 - Loaded plugin pinoutconfig (category:base,tabindex:0)
2026-05-11 13:18:05,754 [INFO] PluginManage:310 - Check plugin power
2026-05-11 13:18:05,788 [INFO] PluginManage:359 - Loaded plugin power (category:power,tabindex:4)
2026-05-11 13:18:05,788 [INFO] PluginManage:310 - Check plugin projectmanager
2026-05-11 13:18:05,814 [INFO] PluginManage:359 - Loaded plugin projectmanager (category:projectmanager,tabindex:4)
2026-05-11 13:18:05,814 [INFO] PluginManage:310 - Check plugin rif
2026-05-11 13:18:05,853 [INFO] PluginManage:359 - Loaded plugin rif (category:base,tabindex:3)
2026-05-11 13:18:05,853 [INFO] PluginManage:310 - Check plugin thirdparty
2026-05-11 13:18:06,251 [INFO] PluginManage:359 - Loaded plugin thirdparty (category:base,tabindex:-1)
2026-05-11 13:18:06,251 [INFO] PluginManage:310 - Check plugin tools
2026-05-11 13:18:06,251 [WARN] IntegrityCheckThread:84 - waiting for thirdparty lock release [integrity check]
2026-05-11 13:18:06,251 [INFO] IntegrityCheckThread:86 - entering critical section [integrity check]
2026-05-11 13:18:06,251 [INFO] ThirdPartyUpdaterWithRetryManager:70 - Updater plugin not ready yet. [1/15]
2026-05-11 13:18:06,325 [INFO] PluginManage:359 - Loaded plugin tools (category:base,tabindex:7)
2026-05-11 13:18:06,325 [INFO] PluginManage:310 - Check plugin tutovideos
2026-05-11 13:18:06,649 [INFO] PluginManage:359 - Loaded plugin tutovideos (category:base,tabindex:-1)
2026-05-11 13:18:06,649 [INFO] PluginManage:310 - Check plugin updater
2026-05-11 13:18:06,688 [INFO] PluginManage:359 - Loaded plugin updater (category:base,tabindex:12)
2026-05-11 13:18:06,689 [INFO] PluginManage:310 - Check plugin userauth
2026-05-11 13:18:06,692 [INFO] UserAuth:118 - Init User Auth plugin
2026-05-11 13:18:06,695 [INFO] PluginManage:359 - Loaded plugin userauth (category:base,tabindex:14)
2026-05-11 13:18:06,697 [INFO] PluginManage:283 - PluginManage : Loaded plugins [18]
2026-05-11 13:18:07,033 [INFO] PinOutPanel:1589 - setPackage(No Configuration,No Configuration)
2026-05-11 13:18:07,170 [INFO] CADModel:165 - CPN selected for project level
2026-05-11 13:18:07,170 [INFO] CADModel:114 - Register for checkConnection events
2026-05-11 13:18:07,223 [INFO] IPUIPlugin:80 - create IPUIPlugin
2026-05-11 13:18:07,223 [INFO] PluginManager:220 - loadIPPluginJar : add adc
2026-05-11 13:18:07,298 [INFO] IPUIPlugin:80 - create IPUIPlugin
2026-05-11 13:18:07,298 [INFO] PluginManager:220 - loadIPPluginJar : add aes
2026-05-11 13:18:07,407 [INFO] IPUIPlugin:80 - create IPUIPlugin
2026-05-11 13:18:07,407 [INFO] PluginManager:220 - loadIPPluginJar : add can
2026-05-11 13:18:07,461 [INFO] IPUIPlugin:80 - create IPUIPlugin
2026-05-11 13:18:07,461 [INFO] PluginManager:220 - loadIPPluginJar : add comp
2026-05-11 13:18:07,557 [INFO] IPUIPlugin:80 - create IPUIPlugin
2026-05-11 13:18:07,557 [INFO] PluginManager:220 - loadIPPluginJar : add cryp
2026-05-11 13:18:07,580 [INFO] IPUIPlugin:80 - create IPUIPlugin
2026-05-11 13:18:07,580 [INFO] PluginManager:220 - loadIPPluginJar : add ddr_ctrl_phy
2026-05-11 13:18:07,659 [INFO] IPUIPlugin:80 - create IPUIPlugin
2026-05-11 13:18:07,659 [INFO] PluginManager:220 - loadIPPluginJar : add dfsdm
2026-05-11 13:18:07,685 [INFO] IPUIPlugin:80 - create IPUIPlugin
2026-05-11 13:18:07,685 [INFO] PluginManager:220 - loadIPPluginJar : add dma
2026-05-11 13:18:07,780 [INFO] IPUIPlugin:80 - create IPUIPlugin
2026-05-11 13:18:07,780 [INFO] PluginManager:220 - loadIPPluginJar : add dma3
2026-05-11 13:18:07,894 [INFO] IPUIPlugin:80 - create IPUIPlugin
2026-05-11 13:18:07,894 [INFO] PluginManager:220 - loadIPPluginJar : add extmemmanager
2026-05-11 13:18:07,896 [INFO] IPUIPlugin:80 - create IPUIPlugin
2026-05-11 13:18:07,900 [INFO] PluginManager:220 - loadIPPluginJar : add fatfs
2026-05-11 13:18:08,022 [INFO] IPUIPlugin:80 - create IPUIPlugin
2026-05-11 13:18:08,022 [INFO] PluginManager:220 - loadIPPluginJar : add fmc
2026-05-11 13:18:08,063 [INFO] IPUIPlugin:80 - create IPUIPlugin
2026-05-11 13:18:08,063 [INFO] PluginManager:220 - loadIPPluginJar : add freertos
2026-05-11 13:18:08,070 [INFO] IPUIPlugin:80 - create IPUIPlugin
2026-05-11 13:18:08,070 [INFO] PluginManager:220 - loadIPPluginJar : add genericplugin
2026-05-11 13:18:08,326 [INFO] IPUIPlugin:80 - create IPUIPlugin
2026-05-11 13:18:08,326 [INFO] PluginManager:220 - loadIPPluginJar : add gfxmmu
2026-05-11 13:18:08,749 [INFO] IPUIPlugin:80 - create IPUIPlugin
2026-05-11 13:18:08,751 [INFO] PluginManager:220 - loadIPPluginJar : add gic
2026-05-11 13:18:08,784 [INFO] IPUIPlugin:80 - create IPUIPlugin
2026-05-11 13:18:08,784 [INFO] PluginManager:220 - loadIPPluginJar : add gpio
2026-05-11 13:18:09,019 [INFO] IPUIPlugin:80 - create IPUIPlugin
2026-05-11 13:18:09,019 [INFO] PluginManager:220 - loadIPPluginJar : add gtzc
2026-05-11 13:18:09,023 [INFO] IPUIPlugin:80 - create IPUIPlugin
2026-05-11 13:18:09,023 [INFO] PluginManager:220 - loadIPPluginJar : add hash
2026-05-11 13:18:09,180 [INFO] IPUIPlugin:80 - create IPUIPlugin
2026-05-11 13:18:09,180 [INFO] PluginManager:220 - loadIPPluginJar : add i2c
2026-05-11 13:18:09,255 [INFO] ThirdPartyUpdaterWithRetryManager:70 - Updater plugin not ready yet. [2/15]
2026-05-11 13:18:09,302 [INFO] IPUIPlugin:80 - create IPUIPlugin
2026-05-11 13:18:09,302 [INFO] PluginManager:220 - loadIPPluginJar : add i2s
2026-05-11 13:18:09,447 [INFO] IPUIPlugin:80 - create IPUIPlugin
2026-05-11 13:18:09,447 [INFO] PluginManager:220 - loadIPPluginJar : add i3c
2026-05-11 13:18:39,718 [INFO] Activator:176 - 


2026-05-11 13:18:39,721 [INFO] Activator:177 - !SESSION log4j initialized
2026-05-11 13:18:48,327 [INFO] LogOutputStream:77 - [STDOUT_REDIRECT] 
2026-05-11 13:18:49,619 [INFO] ApplicationProperties:184 - Using Application install path: D:\STM32CubeIDE_1.19.0\STM32CubeIDE\plugins\com.st.stm32cube.common.mx_6.15.0.202507011659
2026-05-11 13:18:49,648 [INFO] DbMcusXml:78 - Set database path to: D:\STM32CubeIDE_1.19.0\STM32CubeIDE\plugins\com.st.stm32cube.common.mx_6.15.0.202507011659\\db\/mcu/
2026-05-11 13:18:49,648 [INFO] ApiDb:274 - Set plugin database path to: D:\STM32CubeIDE_1.19.0\STM32CubeIDE\plugins\com.st.stm32cube.common.mx_6.15.0.202507011659\\db\/plugins/boardmanager/
2026-05-11 13:18:49,649 [WARN] ApiDb:259 - Overriding images path with different value:  => D:\STM32CubeIDE_1.19.0\STM32CubeIDE\plugins\com.st.stm32cube.common.mx_6.15.0.202507011659\\db\/plugins/mcufinder/images/
2026-05-11 13:18:49,658 [INFO] ApiDb:250 - Set database path to: C:\Users\Asmita Milind Bagad\.stmcufinder\plugins\mcufinder//mcu/
2026-05-11 13:18:49,660 [INFO] DbMcusAds:125 - Set database path to: C:\Users\Asmita Milind Bagad\.stmcufinder\plugins\mcufinder//mcu/
2026-05-11 13:18:49,665 [INFO] CrossReferenceDbSqlite:203 - Set database path to: C:\Users\Asmita Milind Bagad\.stmcufinder\plugins\mcufinder//mcu/cs/
2026-05-11 13:18:49,852 [INFO] RulesReader:64 - Compatibility file has been processed (317 Rules)
2026-05-11 13:18:49,996 [INFO] DbMcusXml:78 - Set database path to: D:\STM32CubeIDE_1.19.0\STM32CubeIDE\plugins\com.st.stm32cube.common.mx_6.15.0.202507011659\\db\/mcu/
2026-05-11 13:18:49,996 [INFO] ApiDb:274 - Set plugin database path to: D:\STM32CubeIDE_1.19.0\STM32CubeIDE\plugins\com.st.stm32cube.common.mx_6.15.0.202507011659\\db\/plugins/boardmanager/
2026-05-11 13:18:49,996 [INFO] ApiDb:261 - Set plugin images path to: D:\STM32CubeIDE_1.19.0\STM32CubeIDE\plugins\com.st.stm32cube.common.mx_6.15.0.202507011659\\db\/plugins/mcufinder/images/
2026-05-11 13:18:49,997 [WARN] DbFile:41 - Overriding database path with different value: C:\Users\Asmita Milind Bagad\.stmcufinder\plugins\mcufinder/ => C:\Users\Asmita Milind Bagad\.stmcufinder\plugins\mcufinder
2026-05-11 13:18:49,997 [INFO] ApiDb:250 - Set database path to: C:\Users\Asmita Milind Bagad\.stmcufinder\plugins\mcufinder//mcu/
2026-05-11 13:18:49,997 [WARN] DbFile:41 - Overriding database path with different value: C:\Users\Asmita Milind Bagad\.stmcufinder\plugins\mcufinder/ => C:\Users\Asmita Milind Bagad\.stmcufinder\plugins\mcufinder
2026-05-11 13:18:49,997 [INFO] DbMcusAds:125 - Set database path to: C:\Users\Asmita Milind Bagad\.stmcufinder\plugins\mcufinder//mcu/
2026-05-11 13:18:49,997 [WARN] DbFile:41 - Overriding database path with different value: C:\Users\Asmita Milind Bagad\.stmcufinder\plugins\mcufinder/ => C:\Users\Asmita Milind Bagad\.stmcufinder\plugins\mcufinder
2026-05-11 13:18:49,997 [WARN] DbFile:41 - Overriding database path with different value: C:\Users\Asmita Milind Bagad\.stmcufinder\plugins\mcufinder/ => C:\Users\Asmita Milind Bagad\.stmcufinder\plugins\mcufinder
2026-05-11 13:18:49,998 [INFO] CrossReferenceDbSqlite:203 - Set database path to: C:\Users\Asmita Milind Bagad\.stmcufinder\plugins\mcufinder//mcu/cs/
2026-05-11 13:18:50,122 [INFO] MainPanel:274 - HeapMemory: 268435456
2026-05-11 13:18:50,251 [INFO] DbMcusXml:78 - Set database path to: D:\STM32CubeIDE_1.19.0\STM32CubeIDE\plugins\com.st.stm32cube.common.mx_6.15.0.202507011659\\db\/mcu/
2026-05-11 13:18:50,251 [INFO] ApiDb:274 - Set plugin database path to: D:\STM32CubeIDE_1.19.0\STM32CubeIDE\plugins\com.st.stm32cube.common.mx_6.15.0.202507011659\\db\/plugins/boardmanager/
2026-05-11 13:18:50,251 [INFO] ApiDb:261 - Set plugin images path to: D:\STM32CubeIDE_1.19.0\STM32CubeIDE\plugins\com.st.stm32cube.common.mx_6.15.0.202507011659\\db\/plugins/mcufinder/images/
2026-05-11 13:18:50,251 [WARN] DbFile:41 - Overriding database path with different value: C:\Users\Asmita Milind Bagad\.stmcufinder\plugins\mcufinder/ => C:\Users\Asmita Milind Bagad\.stmcufinder\plugins\mcufinder
2026-05-11 13:18:50,252 [INFO] ApiDb:250 - Set database path to: C:\Users\Asmita Milind Bagad\.stmcufinder\plugins\mcufinder//mcu/
2026-05-11 13:18:50,252 [WARN] DbFile:41 - Overriding database path with different value: C:\Users\Asmita Milind Bagad\.stmcufinder\plugins\mcufinder/ => C:\Users\Asmita Milind Bagad\.stmcufinder\plugins\mcufinder
2026-05-11 13:18:50,252 [INFO] DbMcusAds:125 - Set database path to: C:\Users\Asmita Milind Bagad\.stmcufinder\plugins\mcufinder//mcu/
2026-05-11 13:18:50,252 [WARN] DbFile:41 - Overriding database path with different value: C:\Users\Asmita Milind Bagad\.stmcufinder\plugins\mcufinder/ => C:\Users\Asmita Milind Bagad\.stmcufinder\plugins\mcufinder
2026-05-11 13:18:50,252 [WARN] DbFile:41 - Overriding database path with different value: C:\Users\Asmita Milind Bagad\.stmcufinder\plugins\mcufinder/ => C:\Users\Asmita Milind Bagad\.stmcufinder\plugins\mcufinder
2026-05-11 13:18:50,252 [INFO] CrossReferenceDbSqlite:203 - Set database path to: C:\Users\Asmita Milind Bagad\.stmcufinder\plugins\mcufinder//mcu/cs/
2026-05-11 13:18:50,293 [INFO] ApplicationProperties:184 - Using Application install path: D:\STM32CubeIDE_1.19.0\STM32CubeIDE\plugins\com.st.stm32cube.common.mx_6.15.0.202507011659
2026-05-11 13:18:50,295 [INFO] PluginManage:196 - Search for loadable plugins [exclusion list=, ]
2026-05-11 13:18:50,297 [INFO] PluginManage:310 - Check plugin analytics
2026-05-11 13:18:50,591 [INFO] AnalyticsPlugin:253 - Accepted Software Licenses: 
2026-05-11 13:18:50,591 [INFO] AnalyticsPlugin:255 - Accepted CMSIS Pack Licenses: STMicroelectronics.X-CUBE-FREERTOS.1.3.1,RealThread.X-CUBE-RT-Thread_Nano.4.1.1,STMicroelectronics.X-CUBE-FREERTOS.1.5.0,STMicroelectronics.X-CUBE-FREERTOS.1.4.0
2026-05-11 13:18:50,593 [INFO] AnalyticsPlugin:257 - Accepted Firmware Licenses: FW.F4.1.28.0,FW.G4.1.6.0,FW.C0.1.4.0
2026-05-11 13:18:50,597 [INFO] PluginManage:359 - Loaded plugin analytics (category:tool,tabindex:-1)
2026-05-11 13:18:50,598 [INFO] PluginManage:310 - Check plugin cadmodel
2026-05-11 13:18:50,603 [INFO] CADModel:105 - Init CAD model plugin
2026-05-11 13:18:50,603 [INFO] PluginManage:359 - Loaded plugin cadmodel (category:power,tabindex:5)
2026-05-11 13:18:50,603 [INFO] PluginManage:310 - Check plugin clock
2026-05-11 13:18:50,616 [INFO] PluginManage:359 - Loaded plugin clock (category:base,tabindex:2)
2026-05-11 13:18:50,616 [INFO] PluginManage:310 - Check plugin ddr
2026-05-11 13:18:50,619 [INFO] PluginManage:359 - Loaded plugin ddr (category:tool,tabindex:6)
2026-05-11 13:18:50,619 [INFO] PluginManage:310 - Check plugin filemanager
2026-05-11 13:18:50,841 [INFO] PluginManage:359 - Loaded plugin filemanager (category:base,tabindex:10)
2026-05-11 13:18:50,841 [INFO] PluginManage:310 - Check plugin ipmanager
2026-05-11 13:18:50,852 [INFO] PluginManage:359 - Loaded plugin ipmanager (category:base,tabindex:5)
2026-05-11 13:18:50,852 [INFO] PluginManage:310 - Check plugin lpbam
2026-05-11 13:18:50,865 [INFO] PluginManage:359 - Loaded plugin lpbam (category:base,tabindex:0)
2026-05-11 13:18:50,865 [INFO] PluginManage:310 - Check plugin memorymap
2026-05-11 13:18:50,882 [INFO] PluginManage:359 - Loaded plugin memorymap (category:base,tabindex:4)
2026-05-11 13:18:50,882 [INFO] PluginManage:310 - Check plugin pinoutandconfiguration
2026-05-11 13:18:50,895 [INFO] PluginManage:359 - Loaded plugin pinoutandconfiguration (category:base,tabindex:1)
2026-05-11 13:18:50,895 [INFO] PluginManage:310 - Check plugin pinoutconfig
2026-05-11 13:18:51,038 [WARN] SupportedApi:132 - Cannot load RTOS API schema: s4s-elt-must-match.1: The content of 'definitions' must match (annotation?, (simpleType | complexType)?, (unique | key | keyref)*)). A problem was found starting at: attribute.
2026-05-11 13:18:51,233 [INFO] PluginManage:359 - Loaded plugin pinoutconfig (category:base,tabindex:0)
2026-05-11 13:18:51,234 [INFO] PluginManage:310 - Check plugin power
2026-05-11 13:18:51,244 [INFO] PluginManage:359 - Loaded plugin power (category:power,tabindex:4)
2026-05-11 13:18:51,245 [INFO] PluginManage:310 - Check plugin projectmanager
2026-05-11 13:18:51,269 [INFO] PluginManage:359 - Loaded plugin projectmanager (category:projectmanager,tabindex:4)
2026-05-11 13:18:51,270 [INFO] PluginManage:310 - Check plugin rif
2026-05-11 13:18:51,280 [INFO] PluginManage:359 - Loaded plugin rif (category:base,tabindex:3)
2026-05-11 13:18:51,280 [INFO] PluginManage:310 - Check plugin thirdparty
2026-05-11 13:18:51,450 [INFO] PluginManage:359 - Loaded plugin thirdparty (category:base,tabindex:-1)
2026-05-11 13:18:51,452 [INFO] PluginManage:310 - Check plugin tools
2026-05-11 13:18:51,450 [WARN] IntegrityCheckThread:84 - waiting for thirdparty lock release [integrity check]
2026-05-11 13:18:51,452 [INFO] IntegrityCheckThread:86 - entering critical section [integrity check]
2026-05-11 13:18:51,452 [INFO] ThirdPartyUpdaterWithRetryManager:70 - Updater plugin not ready yet. [1/15]
2026-05-11 13:18:51,455 [INFO] PluginManage:359 - Loaded plugin tools (category:base,tabindex:7)
2026-05-11 13:18:51,455 [INFO] PluginManage:310 - Check plugin tutovideos
2026-05-11 13:18:51,740 [INFO] PluginManage:359 - Loaded plugin tutovideos (category:base,tabindex:-1)
2026-05-11 13:18:51,741 [INFO] PluginManage:310 - Check plugin updater
2026-05-11 13:18:51,782 [INFO] PluginManage:359 - Loaded plugin updater (category:base,tabindex:12)
2026-05-11 13:18:51,782 [INFO] PluginManage:310 - Check plugin userauth
2026-05-11 13:18:51,787 [INFO] UserAuth:118 - Init User Auth plugin
2026-05-11 13:18:51,789 [INFO] PluginManage:359 - Loaded plugin userauth (category:base,tabindex:14)
2026-05-11 13:18:51,789 [INFO] PluginManage:283 - PluginManage : Loaded plugins [18]
2026-05-11 13:18:52,117 [INFO] PinOutPanel:1589 - setPackage(No Configuration,No Configuration)
2026-05-11 13:18:52,278 [INFO] CADModel:165 - CPN selected for project level
2026-05-11 13:18:52,278 [INFO] CADModel:114 - Register for checkConnection events
2026-05-11 13:18:52,301 [INFO] IPUIPlugin:80 - create IPUIPlugin
2026-05-11 13:18:52,301 [INFO] PluginManager:220 - loadIPPluginJar : add adc
2026-05-11 13:18:52,305 [INFO] IPUIPlugin:80 - create IPUIPlugin
2026-05-11 13:18:52,305 [INFO] PluginManager:220 - loadIPPluginJar : add aes
2026-05-11 13:18:52,308 [INFO] IPUIPlugin:80 - create IPUIPlugin
2026-05-11 13:18:52,309 [INFO] PluginManager:220 - loadIPPluginJar : add can
2026-05-11 13:18:52,310 [INFO] IPUIPlugin:80 - create IPUIPlugin
2026-05-11 13:18:52,310 [INFO] PluginManager:220 - loadIPPluginJar : add comp
2026-05-11 13:18:52,313 [INFO] IPUIPlugin:80 - create IPUIPlugin
2026-05-11 13:18:52,313 [INFO] PluginManager:220 - loadIPPluginJar : add cryp
2026-05-11 13:18:52,316 [INFO] IPUIPlugin:80 - create IPUIPlugin
2026-05-11 13:18:52,316 [INFO] PluginManager:220 - loadIPPluginJar : add ddr_ctrl_phy
2026-05-11 13:18:52,319 [INFO] IPUIPlugin:80 - create IPUIPlugin
2026-05-11 13:18:52,319 [INFO] PluginManager:220 - loadIPPluginJar : add dfsdm
2026-05-11 13:18:52,327 [INFO] IPUIPlugin:80 - create IPUIPlugin
2026-05-11 13:18:52,327 [INFO] PluginManager:220 - loadIPPluginJar : add dma
2026-05-11 13:18:52,330 [INFO] IPUIPlugin:80 - create IPUIPlugin
2026-05-11 13:18:52,331 [INFO] PluginManager:220 - loadIPPluginJar : add dma3
2026-05-11 13:18:52,334 [INFO] IPUIPlugin:80 - create IPUIPlugin
2026-05-11 13:18:52,334 [INFO] PluginManager:220 - loadIPPluginJar : add extmemmanager
2026-05-11 13:18:52,335 [INFO] IPUIPlugin:80 - create IPUIPlugin
2026-05-11 13:18:52,335 [INFO] PluginManager:220 - loadIPPluginJar : add fatfs
2026-05-11 13:18:52,343 [INFO] IPUIPlugin:80 - create IPUIPlugin
2026-05-11 13:18:52,343 [INFO] PluginManager:220 - loadIPPluginJar : add fmc
2026-05-11 13:18:52,351 [INFO] IPUIPlugin:80 - create IPUIPlugin
2026-05-11 13:18:52,351 [INFO] PluginManager:220 - loadIPPluginJar : add freertos
2026-05-11 13:18:52,353 [INFO] IPUIPlugin:80 - create IPUIPlugin
2026-05-11 13:18:52,353 [INFO] PluginManager:220 - loadIPPluginJar : add genericplugin
2026-05-11 13:18:52,357 [INFO] IPUIPlugin:80 - create IPUIPlugin
2026-05-11 13:18:52,357 [INFO] PluginManager:220 - loadIPPluginJar : add gfxmmu
2026-05-11 13:18:52,363 [INFO] IPUIPlugin:80 - create IPUIPlugin
2026-05-11 13:18:52,363 [INFO] PluginManager:220 - loadIPPluginJar : add gic
2026-05-11 13:18:52,367 [INFO] IPUIPlugin:80 - create IPUIPlugin
2026-05-11 13:18:52,368 [INFO] PluginManager:220 - loadIPPluginJar : add gpio
2026-05-11 13:18:52,371 [INFO] IPUIPlugin:80 - create IPUIPlugin
2026-05-11 13:18:52,371 [INFO] PluginManager:220 - loadIPPluginJar : add gtzc
2026-05-11 13:18:52,374 [INFO] IPUIPlugin:80 - create IPUIPlugin
2026-05-11 13:18:52,374 [INFO] PluginManager:220 - loadIPPluginJar : add hash
2026-05-11 13:18:52,377 [INFO] IPUIPlugin:80 - create IPUIPlugin
2026-05-11 13:18:52,378 [INFO] PluginManager:220 - loadIPPluginJar : add i2c
2026-05-11 13:18:52,380 [INFO] IPUIPlugin:80 - create IPUIPlugin
2026-05-11 13:18:52,380 [INFO] PluginManager:220 - loadIPPluginJar : add i2s
2026-05-11 13:18:52,384 [INFO] IPUIPlugin:80 - create IPUIPlugin
2026-05-11 13:18:52,384 [INFO] PluginManager:220 - loadIPPluginJar : add i3c
2026-05-11 13:18:52,388 [INFO] IPUIPlugin:80 - create IPUIPlugin
2026-05-11 13:18:52,388 [INFO] PluginManager:220 - loadIPPluginJar : add ipddr
2026-05-11 13:18:52,592 [INFO] IPUIPlugin:80 - create IPUIPlugin
2026-05-11 13:18:52,592 [INFO] PluginManager:220 - loadIPPluginJar : add linkedlist
2026-05-11 13:18:52,598 [INFO] IPUIPlugin:80 - create IPUIPlugin
2026-05-11 13:18:52,598 [INFO] PluginManager:220 - loadIPPluginJar : add lorawan
2026-05-11 13:18:52,671 [INFO] IPUIPlugin:80 - create IPUIPlugin
2026-05-11 13:18:52,672 [INFO] PluginManager:220 - loadIPPluginJar : add ltdc
2026-05-11 13:18:52,695 [INFO] IPUIPlugin:80 - create IPUIPlugin
2026-05-11 13:18:52,695 [INFO] PluginManager:220 - loadIPPluginJar : add mdma
2026-05-11 13:18:52,716 [INFO] IPUIPlugin:80 - create IPUIPlugin
2026-05-11 13:18:52,717 [INFO] PluginManager:220 - loadIPPluginJar : add nvic
2026-05-11 13:18:52,785 [INFO] IPUIPlugin:80 - create IPUIPlugin
2026-05-11 13:18:52,785 [INFO] PluginManager:220 - loadIPPluginJar : add opamp
2026-05-11 13:18:52,904 [INFO] IPUIPlugin:80 - create IPUIPlugin
2026-05-11 13:18:52,904 [INFO] PluginManager:220 - loadIPPluginJar : add openamp
2026-05-11 13:18:52,988 [INFO] IPUIPlugin:80 - create IPUIPlugin
2026-05-11 13:18:52,988 [INFO] PluginManager:220 - loadIPPluginJar : add pdm2pcm
2026-05-11 13:18:53,023 [INFO] IPUIPlugin:80 - create IPUIPlugin
2026-05-11 13:18:53,027 [INFO] PluginManager:220 - loadIPPluginJar : add plateformsettings
2026-05-11 13:18:53,076 [INFO] IPUIPlugin:80 - create IPUIPlugin
2026-05-11 13:18:53,077 [INFO] PluginManager:220 - loadIPPluginJar : add quadspi
2026-05-11 13:18:53,160 [INFO] IPUIPlugin:80 - create IPUIPlugin
2026-05-11 13:18:53,161 [INFO] PluginManager:220 - loadIPPluginJar : add radio
2026-05-11 13:18:53,189 [INFO] IPUIPlugin:80 - create IPUIPlugin
2026-05-11 13:18:53,189 [INFO] PluginManager:220 - loadIPPluginJar : add resmgrutility
2026-05-11 13:18:53,317 [INFO] IPUIPlugin:80 - create IPUIPlugin
2026-05-11 13:18:53,318 [INFO] PluginManager:220 - loadIPPluginJar : add sai
2026-05-11 13:18:53,406 [INFO] IPUIPlugin:80 - create IPUIPlugin
2026-05-11 13:18:53,406 [INFO] PluginManager:220 - loadIPPluginJar : add spi
2026-05-11 13:18:53,583 [INFO] IPUIPlugin:80 - create IPUIPlugin
2026-05-11 13:18:53,583 [INFO] PluginManager:220 - loadIPPluginJar : add stm32_wpan
2026-05-11 13:18:53,631 [INFO] IPUIPlugin:80 - create IPUIPlugin
2026-05-11 13:18:53,631 [INFO] PluginManager:220 - loadIPPluginJar : add tim
2026-05-11 13:18:53,768 [INFO] IPUIPlugin:80 - create IPUIPlugin
2026-05-11 13:18:53,769 [INFO] PluginManager:220 - loadIPPluginJar : add touchsensing
2026-05-11 13:18:53,774 [INFO] IPUIPlugin:80 - create IPUIPlugin
2026-05-11 13:18:53,774 [INFO] PluginManager:220 - loadIPPluginJar : add tracer_emb
2026-05-11 13:18:53,821 [INFO] IPUIPlugin:80 - create IPUIPlugin
2026-05-11 13:18:53,821 [INFO] PluginManager:220 - loadIPPluginJar : add ts
2026-05-11 13:18:53,825 [INFO] IPUIPlugin:80 - create IPUIPlugin
2026-05-11 13:18:53,825 [INFO] PluginManager:220 - loadIPPluginJar : add tsc
2026-05-11 13:18:53,829 [INFO] IPUIPlugin:80 - create IPUIPlugin
2026-05-11 13:18:53,829 [INFO] PluginManager:220 - loadIPPluginJar : add ucpd
2026-05-11 13:18:53,935 [INFO] IPUIPlugin:80 - create IPUIPlugin
2026-05-11 13:18:53,935 [INFO] PluginManager:220 - loadIPPluginJar : add usart
2026-05-11 13:18:54,042 [INFO] IPUIPlugin:80 - create IPUIPlugin
2026-05-11 13:18:54,042 [INFO] PluginManager:220 - loadIPPluginJar : add usbx
2026-05-11 13:18:54,213 [FATAL] Updater:351 - Updater called before beeing initialized
2026-05-11 13:18:54,256 [INFO] RulesReader:64 - Compatibility file has been processed (317 Rules)
2026-05-11 13:18:54,279 [INFO] RulesReader:64 - Compatibility file has been processed (317 Rules)
2026-05-11 13:18:54,295 [INFO] CADModel:165 - CPN selected for project level
2026-05-11 13:18:54,295 [INFO] CADModel:114 - Register for checkConnection events
2026-05-11 13:18:54,295 [FATAL] Updater:351 - Updater called before beeing initialized
2026-05-11 13:18:54,296 [ERROR] CADModel:125 - Updater not yet initialized, retry later 
2026-05-11 13:18:54,453 [INFO] ThirdPartyUpdaterWithRetryManager:70 - Updater plugin not ready yet. [2/15]
2026-05-11 13:18:54,535 [FATAL] Updater:351 - Updater called before beeing initialized
2026-05-11 13:18:54,537 [INFO] CADModel:165 - CPN selected for project level
2026-05-11 13:18:54,537 [INFO] CADModel:114 - Register for checkConnection events
2026-05-11 13:18:54,537 [FATAL] Updater:351 - Updater called before beeing initialized
2026-05-11 13:18:54,537 [ERROR] CADModel:125 - Updater not yet initialized, retry later 
2026-05-11 13:18:54,542 [FATAL] Updater:351 - Updater called before beeing initialized
2026-05-11 13:18:54,747 [FATAL] Updater:351 - Updater called before beeing initialized
2026-05-11 13:18:54,767 [INFO] DbMcusAds:53 - JSON generation date=Mon Apr 27 13:44:29 IST 2026 (1777277669577)
2026-05-11 13:18:54,767 [FATAL] Updater:351 - Updater called before beeing initialized
2026-05-11 13:18:54,904 [WARN] DetailPanel:346 - Failed to get advertising image, set to default
2026-05-11 13:18:55,057 [FATAL] Updater:351 - Updater called before beeing initialized
2026-05-11 13:18:55,060 [FATAL] Updater:351 - Updater called before beeing initialized
2026-05-11 13:18:55,060 [FATAL] Updater:351 - Updater called before beeing initialized
2026-05-11 13:18:55,060 [WARN] DetailPanel:346 - Failed to get advertising image, set to default
2026-05-11 13:18:55,061 [FATAL] Updater:351 - Updater called before beeing initialized
2026-05-11 13:18:55,135 [ERROR] Updater:1198 - MainUpdater not yet initialized. External WinMGr cannot be set.
2026-05-11 13:18:55,155 [INFO] Updater:1134 - Updater Version found : 6.15.0
2026-05-11 13:18:55,177 [INFO] ApplicationProperties:184 - Using Application install path: D:\STM32CubeIDE_1.19.0\STM32CubeIDE\plugins\com.st.stm32cube.common.mx_6.15.0.202507011659
2026-05-11 13:18:56,776 [ERROR] LogOutputStream:75 - [STDERR_REDIRECT] May 11, 2026 1:18:56 PM java.util.prefs.WindowsPreferences <init>
2026-05-11 13:18:56,779 [ERROR] LogOutputStream:75 - [STDERR_REDIRECT] WARNING: Could not open/create prefs root node Software\JavaSoft\Prefs at root 0xffffffff80000002. Windows RegCreateKeyEx(...) returned error code 5.
2026-05-11 13:18:56,779 [ERROR] LogOutputStream:75 - [STDERR_REDIRECT] 
2026-05-11 13:18:57,288 [INFO] MainUpdater:2872 - connection check result : 10
2026-05-11 13:18:57,290 [INFO] MainUpdater:289 - Updater Check For Update Now.
2026-05-11 13:18:57,290 [INFO] MicroXplorer:498 - Change Database Version : DB.6.0.150
2026-05-11 13:18:57,327 [INFO] McuFinderGlobals:63 - Set McuFinder mode to 2 (CubeIDE integrated)
2026-05-11 13:18:57,331 [INFO] UserAuth:487 - Internet connection configuration mode: 1
2026-05-11 13:18:57,358 [INFO] JxBrowserEngine:152 - Initiate JxBrowser Engine with user profile folder
2026-05-11 13:18:57,455 [WARN] MainUpdater:1193 - Updater busy. Cannot search thirdparties
2026-05-11 13:18:57,455 [INFO] ThirdPartyUpdaterWithRetryManager:96 - Updater plugin is busy. [1/15]
2026-05-11 13:18:57,583 [INFO] CheckServerUpdateThread:120 - End of CheckServer Thread
2026-05-11 13:18:58,518 [INFO] WebApp:169 - Instantiating new browser for Auth
2026-05-11 13:18:59,593 [INFO] WebApp:463 - Apply proxy settings
2026-05-11 13:18:59,594 [INFO] WebApp:548 - Chromium requires no authentication
2026-05-11 13:18:59,604 [INFO] WebApp:491 - Direct internet connection detected
2026-05-11 13:18:59,637 [INFO] WebApp:900 - Register for checkConnection events
2026-05-11 13:18:59,637 [INFO] WebApp:463 - Apply proxy settings
2026-05-11 13:18:59,638 [INFO] WebApp:548 - Chromium requires no authentication
2026-05-11 13:18:59,638 [INFO] WebApp:491 - Direct internet connection detected
2026-05-11 13:18:59,882 [INFO] WebApp:225 - Starting web application
2026-05-11 13:18:59,883 [INFO] WebApp:593 - Web application path used D:\STM32CubeIDE_1.19.0\STM32CubeIDE\plugins\com.st.stm32cube.common.mx_6.15.0.202507011659\db\plugins\mcufinder\reactClient1\index.html
2026-05-11 13:19:00,172 [INFO] WebApp:191 - Connection restablished
2026-05-11 13:19:00,204 [INFO] UserAuth:487 - Internet connection configuration mode: 1
2026-05-11 13:19:01,072 [WARN] PackLoader:240 - Cannot read IP mode file for STMicroelectronics.X-CUBE-AZRTOS-H7.3.5.0
2026-05-11 13:19:01,093 [WARN] PackLoader:240 - Cannot read IP mode file for STMicroelectronics.FP-SNS-MOTENVWB1.1.4.0
2026-05-11 13:19:01,105 [WARN] PackLoader:240 - Cannot read IP mode file for STMicroelectronics.FP-ATR-ASTRA1.2.0.2
2026-05-11 13:19:01,134 [WARN] PackLoader:240 - Cannot read IP mode file for STMicroelectronics.X-CUBE-SMBUS.2.1.0
2026-05-11 13:19:01,197 [WARN] PackLoader:240 - Cannot read IP mode file for STMicroelectronics.X-CUBE-AZRTOS-F7.1.1.0
2026-05-11 13:19:01,233 [WARN] PackLoader:240 - Cannot read IP mode file for Cesanta.I-CUBE-Mongoose.7.19.0
2026-05-11 13:19:01,270 [WARN] PackLoader:240 - Cannot read IP mode file for WES.I-CUBE-Cesium.1.4.0
2026-05-11 13:19:01,321 [WARN] PackLoader:240 - Cannot read IP mode file for Infineon.AIROC-Wi-Fi-Bluetooth-STM32.1.7.1
2026-05-11 13:19:01,377 [WARN] PackLoader:240 - Cannot read IP mode file for STMicroelectronics.X-CUBE-AZRTOS-H7.3.4.0
2026-05-11 13:19:01,411 [WARN] PackLoader:240 - Cannot read IP mode file for STMicroelectronics.X-CUBE-DISPLAY.3.0.0
2026-05-11 13:19:01,457 [WARN] PackLoader:240 - Cannot read IP mode file for STMicroelectronics.X-CUBE-GNSS1.7.1.1
2026-05-11 13:19:01,486 [WARN] PackLoader:240 - Cannot read IP mode file for STMicroelectronics.FP-SNS-MOTENVWB1.1.5.0
2026-05-11 13:19:01,527 [WARN] PackLoader:240 - Cannot read IP mode file for STMicroelectronics.X-CUBE-NFC10.1.0.0
2026-05-11 13:19:01,560 [WARN] PackLoader:240 - Cannot read IP mode file for emotas.I-CUBE-CANOPEN.1.3.0
2026-05-11 13:19:01,586 [WARN] PackLoader:240 - Cannot read IP mode file for STMicroelectronics.X-CUBE-GNSS1.7.1.0
2026-05-11 13:19:01,614 [WARN] PackLoader:240 - Cannot read IP mode file for STMicroelectronics.FP-SNS-SMARTAG2.1.2.0
2026-05-11 13:19:01,637 [WARN] PackLoader:240 - Cannot read IP mode file for STMicroelectronics.FP-SNS-FLIGHT1.5.1.0
2026-05-11 13:19:01,671 [INFO] LogOutputStream:77 - [STDOUT_REDIRECT] 1 : Invalid condition id : UX_CORESTACK_Condition cause : null
2026-05-11 13:19:01,672 [INFO] LogOutputStream:77 - [STDOUT_REDIRECT] 1 : Invalid condition id : UX_CORESTACK_Condition cause : null
2026-05-11 13:19:01,673 [INFO] LogOutputStream:77 - [STDOUT_REDIRECT] 1 : Invalid condition id : UX_CORESTACK_Condition cause : null
2026-05-11 13:19:01,675 [INFO] LogOutputStream:77 - [STDOUT_REDIRECT] 1 : Invalid condition id : UX_CORESTACK_Condition cause : null
2026-05-11 13:19:01,677 [INFO] LogOutputStream:77 - [STDOUT_REDIRECT] 1 : Invalid condition id : UX_CORESTACK_Condition cause : null
2026-05-11 13:19:01,681 [WARN] PackLoader:240 - Cannot read IP mode file for STMicroelectronics.X-CUBE-AZRTOS-WL.2.0.0
2026-05-11 13:19:01,728 [WARN] PackLoader:240 - Cannot read IP mode file for STMicroelectronics.X-CUBE-AZRTOS-H7RS.1.2.0
2026-05-11 13:19:01,757 [WARN] PackLoader:240 - Cannot read IP mode file for STMicroelectronics.X-CUBE-BLE2.3.3.0
2026-05-11 13:19:01,851 [WARN] PackLoader:240 - Cannot read IP mode file for STMicroelectronics.X-CUBE-NFC9.1.0.0
2026-05-11 13:19:01,877 [WARN] PackLoader:240 - Cannot read IP mode file for wolfSSL.I-CUBE-wolfSSL.5.8.2
2026-05-11 13:19:01,902 [WARN] PackLoader:240 - Cannot read IP mode file for STMicroelectronics.X-CUBE-BLE1.7.1.0
2026-05-11 13:19:01,924 [WARN] PackLoader:240 - Cannot read IP mode file for wolfSSL.I-CUBE-wolfMQTT.1.19.2
2026-05-11 13:19:01,951 [WARN] PackLoader:240 - Cannot read IP mode file for STMicroelectronics.X-CUBE-FREERTOS.1.4.0
2026-05-11 13:19:01,977 [WARN] PackLoader:240 - Cannot read IP mode file for STMicroelectronics.FP-SNS-STAIOTCFT.1.1.0
2026-05-11 13:19:02,056 [WARN] PackLoader:240 - Cannot read IP mode file for STMicroelectronics.X-CUBE-MEMS1.12.0.0
2026-05-11 13:19:02,279 [WARN] PackLoader:240 - Cannot read IP mode file for STMicroelectronics.X-CUBE-AZRTOS-G0.1.1.0
2026-05-11 13:19:02,339 [WARN] PackLoader:240 - Cannot read IP mode file for STMicroelectronics.X-CUBE-SAFEA1.1.2.2
2026-05-11 13:19:02,378 [WARN] PackLoader:240 - Cannot read IP mode file for STMicroelectronics.X-CUBE-NFC4.3.0.0
2026-05-11 13:19:02,417 [WARN] PackLoader:240 - Cannot read IP mode file for EmbeddedOffice.I-CUBE-FS-RTOS.1.0.1
2026-05-11 13:19:02,446 [WARN] PackLoader:240 - Cannot read IP mode file for STMicroelectronics.X-CUBE-WB05N.2.0.0
2026-05-11 13:19:02,473 [WARN] PackLoader:240 - Cannot read IP mode file for wolfSSL.I-CUBE-wolfTPM.3.8.0
2026-05-11 13:19:02,502 [WARN] PackLoader:240 - Cannot read IP mode file for STMicroelectronics.X-CUBE-TCPP.4.2.0
2026-05-11 13:19:02,539 [WARN] PackLoader:240 - Cannot read IP mode file for RealThread.X-CUBE-RT-Thread_Nano.4.1.1
2026-05-11 13:19:02,705 [WARN] PackLoader:240 - Cannot read IP mode file for STMicroelectronics.FP-ATR-SIGFOX1.3.2.0
2026-05-11 13:19:02,733 [WARN] PackLoader:240 - Cannot read IP mode file for STMicroelectronics.X-CUBE-FREERTOS.1.5.0
2026-05-11 13:19:02,762 [WARN] PackLoader:240 - Cannot read IP mode file for ITTIA_DB.I-CUBE-ITTIADB.8.9.0
2026-05-11 13:19:02,792 [WARN] PackLoader:240 - Cannot read IP mode file for STMicroelectronics.X-CUBE-NFC6.3.2.0
2026-05-11 13:19:02,876 [WARN] PackLoader:240 - Cannot read IP mode file for STMicroelectronics.X-CUBE-MEMS1.12.1.0
2026-05-11 13:19:03,018 [WARN] PackLoader:240 - Cannot read IP mode file for SEGGER.I-CUBE-embOS.1.3.1
2026-05-11 13:19:03,075 [WARN] PackLoader:240 - Cannot read IP mode file for STMicroelectronics.X-CUBE-ALGOBUILD.1.4.0
2026-05-11 13:19:03,146 [WARN] PackLoader:240 - Cannot read IP mode file for STMicroelectronics.X-CUBE-MEMS1.11.3.0
2026-05-11 13:19:03,309 [WARN] PackLoader:240 - Cannot read IP mode file for STMicroelectronics.X-CUBE-PM33A1.1.0.0
2026-05-11 13:19:03,352 [WARN] PackLoader:240 - Cannot read IP mode file for STMicroelectronics.X-CUBE-AZRTOS-F4.1.1.0
2026-05-11 13:19:03,383 [WARN] PackLoader:240 - Cannot read IP mode file for STMicroelectronics.X-CUBE-ISPU.2.1.0
2026-05-11 13:19:03,390 [WARN] PackLoader:240 - Cannot read IP mode file for STMicroelectronics.eDS-WB_DPC_TT-BIDIR.2.1.1
2026-05-11 13:19:03,432 [WARN] PackLoader:240 - Cannot read IP mode file for STMicroelectronics.X-CUBE-AZRTOS-L5.2.0.0
2026-05-11 13:19:03,456 [WARN] PackLoader:240 - Cannot read IP mode file for STMicroelectronics.X-CUBE-NFC6.3.1.0
2026-05-11 13:19:03,466 [WARN] PackLoader:240 - Cannot read IP mode file for STMicroelectronics.eDS-WB_DPC_VIENNA.1.2.0
2026-05-11 13:19:03,491 [WARN] PackLoader:240 - Cannot read IP mode file for STMicroelectronics.eDS-WB_DPC_3PH2L-BIDIR.1.1.1
2026-05-11 13:19:03,515 [ERROR] Engine:466 - C:\Users\Asmita Milind Bagad\.stm32cubemx\thirdparties\pdsc\STMicroelectronics.X-CUBE-ST67W61.1.3.0.pdsc: PDSC version is not supported
2026-05-11 13:19:03,542 [WARN] PackLoader:240 - Cannot read IP mode file for STMicroelectronics.X-CUBE-FREERTOS.1.3.1
2026-05-11 13:19:03,669 [WARN] PackLoader:240 - Cannot read IP mode file for STMicroelectronics.X-CUBE-TOUCHGFX.4.26.0
2026-05-11 13:19:03,692 [WARN] PackLoader:240 - Cannot read IP mode file for STMicroelectronics.X-CUBE-TOUCHGFX.4.26.1
2026-05-11 13:19:03,718 [WARN] PackLoader:240 - Cannot read IP mode file for STMicroelectronics.FP-SNS-STAIOTCFT.1.0.0
2026-05-11 13:19:03,744 [WARN] PackLoader:240 - Cannot read IP mode file for STMicroelectronics.X-CUBE-DPower.1.3.0
2026-05-11 13:19:03,785 [WARN] ConditionMgr:438 - getConditionDescription Invalid condition id : LAN8742 Phy interface Condition cause : null
2026-05-11 13:19:03,786 [WARN] PackLoader:240 - Cannot read IP mode file for STMicroelectronics.X-CUBE-AZRTOS-L4.2.0.0
2026-05-11 13:19:03,788 [WARN] ConditionMgr:1044 - genDependencies : Invalid condition id : LAN8742 Phy interface Condition cause : null
2026-05-11 13:19:03,788 [WARN] ConditionMgr:1044 - genDependencies : Invalid condition id : LAN8742 Phy interface Condition cause : null
2026-05-11 13:19:03,789 [WARN] ConditionMgr:1044 - genDependencies : Invalid condition id : LAN8742 Phy interface Condition cause : null
2026-05-11 13:19:03,816 [WARN] PackLoader:240 - Cannot read IP mode file for STMicroelectronics.X-CUBE-SFXS2LP1.4.0.0
2026-05-11 13:19:03,844 [WARN] PackLoader:240 - Cannot read IP mode file for STMicroelectronics.X-CUBE-WB05N.2.1.0
2026-05-11 13:19:03,872 [WARN] PackLoader:240 - Cannot read IP mode file for STMicroelectronics.X-CUBE-ST67W61.1.2.0
2026-05-11 13:19:03,914 [WARN] ConditionMgr:438 - getConditionDescription Invalid condition id : UX DEVICE CLASS RTOS Condition cause : null
2026-05-11 13:19:03,915 [WARN] ConditionMgr:438 - getConditionDescription Invalid condition id : UX DEVICE CLASS RTOS Condition cause : null
2026-05-11 13:19:03,917 [WARN] PackLoader:240 - Cannot read IP mode file for STMicroelectronics.X-CUBE-AZRTOS-WB.2.0.0
2026-05-11 13:19:03,917 [WARN] ConditionMgr:1044 - genDependencies : Invalid condition id : UX DEVICE CLASS RTOS Condition cause : null
2026-05-11 13:19:03,917 [WARN] ConditionMgr:1044 - genDependencies : Invalid condition id : UX DEVICE CLASS RTOS Condition cause : null
2026-05-11 13:19:03,918 [WARN] ConditionMgr:1044 - genDependencies : Invalid condition id : UX DEVICE CLASS RTOS Condition cause : null
2026-05-11 13:19:03,918 [WARN] ConditionMgr:1044 - genDependencies : Invalid condition id : UX DEVICE CLASS RTOS Condition cause : null
2026-05-11 13:19:03,918 [WARN] ConditionMgr:1044 - genDependencies : Invalid condition id : UX DEVICE CLASS RTOS Condition cause : null
2026-05-11 13:19:03,946 [WARN] ConditionMgr:438 - getConditionDescription Invalid condition id : Cortex-A Device cause : null
2026-05-11 13:19:03,965 [WARN] ConditionMgr:1044 - genDependencies : Invalid condition id : Cortex-A Device cause : null
2026-05-11 13:19:03,967 [WARN] ConditionMgr:1044 - genDependencies : Invalid condition id : Cortex-A Device cause : null
2026-05-11 13:19:03,968 [WARN] ConditionMgr:1044 - genDependencies : Invalid condition id : Cortex-A Device cause : null
2026-05-11 13:19:04,009 [WARN] PackLoader:240 - Cannot read IP mode file for STMicroelectronics.X-CUBE-STSE01.2.0.0
2026-05-11 13:19:04,043 [WARN] PackLoader:240 - Cannot read IP mode file for STMicroelectronics.X-CUBE-SUBG2.5.0.0
2026-05-11 13:19:04,103 [WARN] PackLoader:240 - Cannot read IP mode file for STMicroelectronics.X-CUBE-AZRTOS-H7RS.1.1.0
2026-05-11 13:19:04,152 [WARN] PackLoader:240 - Cannot read IP mode file for STMicroelectronics.X-CUBE-AZRTOS-G4.2.0.0
2026-05-11 13:19:04,175 [WARN] PackLoader:240 - Cannot read IP mode file for wolfSSL.I-CUBE-wolfSSH.1.4.20
2026-05-11 13:19:04,200 [WARN] PackLoader:240 - Cannot read IP mode file for STMicroelectronics.X-CUBE-NFC7.2.0.0
2026-05-11 13:19:04,223 [WARN] PackLoader:240 - Cannot read IP mode file for STMicroelectronics.X-CUBE-ALS.1.0.2
2026-05-11 13:19:04,250 [WARN] PackLoader:240 - Cannot read IP mode file for STMicroelectronics.X-CUBE-STSE01.1.0.0
2026-05-11 13:19:04,281 [WARN] PackLoader:240 - Cannot read IP mode file for STMicroelectronics.X-CUBE-TOF1.3.4.3
2026-05-11 13:19:04,293 [INFO] ThirdParty:978 - Integrity check success = true
2026-05-11 13:19:04,294 [INFO] IntegrityCheckThread:100 - exiting critical section [integrity check]
2026-05-11 13:19:04,294 [INFO] IntegrityCheckThread:103 - End integrity checks thread
2026-05-11 13:19:12,862 [ERROR] LogOutputStream:75 - [STDERR_REDIRECT] 
