2026-05-05 10:03:27,631 [INFO] Activator:176 - 


2026-05-05 10:03:27,631 [INFO] Activator:177 - !SESSION log4j initialized
2026-05-05 10:03:39,325 [INFO] LogOutputStream:77 - [STDOUT_REDIRECT] 
2026-05-05 10:03:42,870 [INFO] ApplicationProperties:184 - Using Application install path: D:\STM32CubeIDE_1.19.0\STM32CubeIDE\plugins\com.st.stm32cube.common.mx_6.15.0.202507011659
2026-05-05 10:03:42,904 [INFO] DbMcusXml:78 - Set database path to: D:\STM32CubeIDE_1.19.0\STM32CubeIDE\plugins\com.st.stm32cube.common.mx_6.15.0.202507011659\\db\/mcu/
2026-05-05 10:03:42,904 [INFO] ApiDb:274 - Set plugin database path to: D:\STM32CubeIDE_1.19.0\STM32CubeIDE\plugins\com.st.stm32cube.common.mx_6.15.0.202507011659\\db\/plugins/boardmanager/
2026-05-05 10:03:42,905 [WARN] ApiDb:259 - Overriding images path with different value:  => D:\STM32CubeIDE_1.19.0\STM32CubeIDE\plugins\com.st.stm32cube.common.mx_6.15.0.202507011659\\db\/plugins/mcufinder/images/
2026-05-05 10:03:42,920 [INFO] ApiDb:250 - Set database path to: C:\Users\Asmita Milind Bagad\.stmcufinder\plugins\mcufinder//mcu/
2026-05-05 10:03:42,923 [INFO] DbMcusAds:125 - Set database path to: C:\Users\Asmita Milind Bagad\.stmcufinder\plugins\mcufinder//mcu/
2026-05-05 10:03:42,927 [INFO] CrossReferenceDbSqlite:203 - Set database path to: C:\Users\Asmita Milind Bagad\.stmcufinder\plugins\mcufinder//mcu/cs/
2026-05-05 10:03:43,156 [INFO] RulesReader:64 - Compatibility file has been processed (317 Rules)
2026-05-05 10:03:43,324 [INFO] DbMcusXml:78 - Set database path to: D:\STM32CubeIDE_1.19.0\STM32CubeIDE\plugins\com.st.stm32cube.common.mx_6.15.0.202507011659\\db\/mcu/
2026-05-05 10:03:43,324 [INFO] ApiDb:274 - Set plugin database path to: D:\STM32CubeIDE_1.19.0\STM32CubeIDE\plugins\com.st.stm32cube.common.mx_6.15.0.202507011659\\db\/plugins/boardmanager/
2026-05-05 10:03:43,326 [INFO] ApiDb:261 - Set plugin images path to: D:\STM32CubeIDE_1.19.0\STM32CubeIDE\plugins\com.st.stm32cube.common.mx_6.15.0.202507011659\\db\/plugins/mcufinder/images/
2026-05-05 10:03:43,326 [WARN] DbFile:41 - Overriding database path with different value: C:\Users\Asmita Milind Bagad\.stmcufinder\plugins\mcufinder/ => C:\Users\Asmita Milind Bagad\.stmcufinder\plugins\mcufinder
2026-05-05 10:03:43,326 [INFO] ApiDb:250 - Set database path to: C:\Users\Asmita Milind Bagad\.stmcufinder\plugins\mcufinder//mcu/
2026-05-05 10:03:43,326 [WARN] DbFile:41 - Overriding database path with different value: C:\Users\Asmita Milind Bagad\.stmcufinder\plugins\mcufinder/ => C:\Users\Asmita Milind Bagad\.stmcufinder\plugins\mcufinder
2026-05-05 10:03:43,327 [INFO] DbMcusAds:125 - Set database path to: C:\Users\Asmita Milind Bagad\.stmcufinder\plugins\mcufinder//mcu/
2026-05-05 10:03:43,327 [WARN] DbFile:41 - Overriding database path with different value: C:\Users\Asmita Milind Bagad\.stmcufinder\plugins\mcufinder/ => C:\Users\Asmita Milind Bagad\.stmcufinder\plugins\mcufinder
2026-05-05 10:03:43,327 [WARN] DbFile:41 - Overriding database path with different value: C:\Users\Asmita Milind Bagad\.stmcufinder\plugins\mcufinder/ => C:\Users\Asmita Milind Bagad\.stmcufinder\plugins\mcufinder
2026-05-05 10:03:43,327 [INFO] CrossReferenceDbSqlite:203 - Set database path to: C:\Users\Asmita Milind Bagad\.stmcufinder\plugins\mcufinder//mcu/cs/
2026-05-05 10:03:43,473 [INFO] MainPanel:274 - HeapMemory: 268435456
2026-05-05 10:03:43,676 [INFO] DbMcusXml:78 - Set database path to: D:\STM32CubeIDE_1.19.0\STM32CubeIDE\plugins\com.st.stm32cube.common.mx_6.15.0.202507011659\\db\/mcu/
2026-05-05 10:03:43,677 [INFO] ApiDb:274 - Set plugin database path to: D:\STM32CubeIDE_1.19.0\STM32CubeIDE\plugins\com.st.stm32cube.common.mx_6.15.0.202507011659\\db\/plugins/boardmanager/
2026-05-05 10:03:43,677 [INFO] ApiDb:261 - Set plugin images path to: D:\STM32CubeIDE_1.19.0\STM32CubeIDE\plugins\com.st.stm32cube.common.mx_6.15.0.202507011659\\db\/plugins/mcufinder/images/
2026-05-05 10:03:43,678 [WARN] DbFile:41 - Overriding database path with different value: C:\Users\Asmita Milind Bagad\.stmcufinder\plugins\mcufinder/ => C:\Users\Asmita Milind Bagad\.stmcufinder\plugins\mcufinder
2026-05-05 10:03:43,678 [INFO] ApiDb:250 - Set database path to: C:\Users\Asmita Milind Bagad\.stmcufinder\plugins\mcufinder//mcu/
2026-05-05 10:03:43,678 [WARN] DbFile:41 - Overriding database path with different value: C:\Users\Asmita Milind Bagad\.stmcufinder\plugins\mcufinder/ => C:\Users\Asmita Milind Bagad\.stmcufinder\plugins\mcufinder
2026-05-05 10:03:43,678 [INFO] DbMcusAds:125 - Set database path to: C:\Users\Asmita Milind Bagad\.stmcufinder\plugins\mcufinder//mcu/
2026-05-05 10:03:43,678 [WARN] DbFile:41 - Overriding database path with different value: C:\Users\Asmita Milind Bagad\.stmcufinder\plugins\mcufinder/ => C:\Users\Asmita Milind Bagad\.stmcufinder\plugins\mcufinder
2026-05-05 10:03:43,679 [WARN] DbFile:41 - Overriding database path with different value: C:\Users\Asmita Milind Bagad\.stmcufinder\plugins\mcufinder/ => C:\Users\Asmita Milind Bagad\.stmcufinder\plugins\mcufinder
2026-05-05 10:03:43,679 [INFO] CrossReferenceDbSqlite:203 - Set database path to: C:\Users\Asmita Milind Bagad\.stmcufinder\plugins\mcufinder//mcu/cs/
2026-05-05 10:03:43,716 [INFO] ApplicationProperties:184 - Using Application install path: D:\STM32CubeIDE_1.19.0\STM32CubeIDE\plugins\com.st.stm32cube.common.mx_6.15.0.202507011659
2026-05-05 10:03:43,718 [INFO] PluginManage:196 - Search for loadable plugins [exclusion list=, ]
2026-05-05 10:03:43,720 [INFO] PluginManage:310 - Check plugin analytics
2026-05-05 10:03:44,059 [INFO] AnalyticsPlugin:253 - Accepted Software Licenses: 
2026-05-05 10:03:44,059 [INFO] AnalyticsPlugin:255 - Accepted CMSIS Pack Licenses: 
2026-05-05 10:03:44,060 [INFO] AnalyticsPlugin:257 - Accepted Firmware Licenses: FW.F4.1.28.0,FW.G4.1.6.0,FW.C0.1.4.0
2026-05-05 10:03:44,063 [INFO] PluginManage:359 - Loaded plugin analytics (category:tool,tabindex:-1)
2026-05-05 10:03:44,064 [INFO] PluginManage:310 - Check plugin cadmodel
2026-05-05 10:03:44,089 [INFO] CADModel:105 - Init CAD model plugin
2026-05-05 10:03:44,089 [INFO] PluginManage:359 - Loaded plugin cadmodel (category:power,tabindex:5)
2026-05-05 10:03:44,089 [INFO] PluginManage:310 - Check plugin clock
2026-05-05 10:03:44,121 [INFO] PluginManage:359 - Loaded plugin clock (category:base,tabindex:2)
2026-05-05 10:03:44,123 [INFO] PluginManage:310 - Check plugin ddr
2026-05-05 10:03:44,127 [INFO] PluginManage:359 - Loaded plugin ddr (category:tool,tabindex:6)
2026-05-05 10:03:44,127 [INFO] PluginManage:310 - Check plugin filemanager
2026-05-05 10:03:44,379 [INFO] PluginManage:359 - Loaded plugin filemanager (category:base,tabindex:10)
2026-05-05 10:03:44,380 [INFO] PluginManage:310 - Check plugin ipmanager
2026-05-05 10:03:44,393 [INFO] PluginManage:359 - Loaded plugin ipmanager (category:base,tabindex:5)
2026-05-05 10:03:44,393 [INFO] PluginManage:310 - Check plugin lpbam
2026-05-05 10:03:44,423 [INFO] PluginManage:359 - Loaded plugin lpbam (category:base,tabindex:0)
2026-05-05 10:03:44,423 [INFO] PluginManage:310 - Check plugin memorymap
2026-05-05 10:03:44,463 [INFO] PluginManage:359 - Loaded plugin memorymap (category:base,tabindex:4)
2026-05-05 10:03:44,463 [INFO] PluginManage:310 - Check plugin pinoutandconfiguration
2026-05-05 10:03:44,496 [INFO] PluginManage:359 - Loaded plugin pinoutandconfiguration (category:base,tabindex:1)
2026-05-05 10:03:44,496 [INFO] PluginManage:310 - Check plugin pinoutconfig
2026-05-05 10:03:44,656 [WARN] SupportedApi:132 - Cannot load RTOS API schema: s4s-elt-must-match.1: The content of 'definitions' must match (annotation?, (simpleType | complexType)?, (unique | key | keyref)*)). A problem was found starting at: attribute.
2026-05-05 10:03:44,881 [INFO] PluginManage:359 - Loaded plugin pinoutconfig (category:base,tabindex:0)
2026-05-05 10:03:44,881 [INFO] PluginManage:310 - Check plugin power
2026-05-05 10:03:44,914 [INFO] PluginManage:359 - Loaded plugin power (category:power,tabindex:4)
2026-05-05 10:03:44,915 [INFO] PluginManage:310 - Check plugin projectmanager
2026-05-05 10:03:44,937 [INFO] PluginManage:359 - Loaded plugin projectmanager (category:projectmanager,tabindex:4)
2026-05-05 10:03:44,939 [INFO] PluginManage:310 - Check plugin rif
2026-05-05 10:03:44,970 [INFO] PluginManage:359 - Loaded plugin rif (category:base,tabindex:3)
2026-05-05 10:03:44,970 [INFO] PluginManage:310 - Check plugin thirdparty
2026-05-05 10:03:45,525 [INFO] PluginManage:359 - Loaded plugin thirdparty (category:base,tabindex:-1)
2026-05-05 10:03:45,525 [INFO] PluginManage:310 - Check plugin tools
2026-05-05 10:03:45,525 [WARN] IntegrityCheckThread:84 - waiting for thirdparty lock release [integrity check]
2026-05-05 10:03:45,526 [INFO] IntegrityCheckThread:86 - entering critical section [integrity check]
2026-05-05 10:03:45,526 [INFO] ThirdPartyUpdaterWithRetryManager:70 - Updater plugin not ready yet. [1/15]
2026-05-05 10:03:45,597 [INFO] PluginManage:359 - Loaded plugin tools (category:base,tabindex:7)
2026-05-05 10:03:45,597 [INFO] PluginManage:310 - Check plugin tutovideos
2026-05-05 10:03:45,980 [INFO] PluginManage:359 - Loaded plugin tutovideos (category:base,tabindex:-1)
2026-05-05 10:03:45,980 [INFO] PluginManage:310 - Check plugin updater
2026-05-05 10:03:46,018 [INFO] PluginManage:359 - Loaded plugin updater (category:base,tabindex:12)
2026-05-05 10:03:46,019 [INFO] PluginManage:310 - Check plugin userauth
2026-05-05 10:03:46,025 [INFO] UserAuth:118 - Init User Auth plugin
2026-05-05 10:03:46,026 [INFO] PluginManage:359 - Loaded plugin userauth (category:base,tabindex:14)
2026-05-05 10:03:46,027 [INFO] PluginManage:283 - PluginManage : Loaded plugins [18]
2026-05-05 10:03:46,407 [INFO] PinOutPanel:1589 - setPackage(No Configuration,No Configuration)
2026-05-05 10:03:46,556 [INFO] CADModel:165 - CPN selected for project level
2026-05-05 10:03:46,557 [INFO] CADModel:114 - Register for checkConnection events
2026-05-05 10:03:46,600 [INFO] IPUIPlugin:80 - create IPUIPlugin
2026-05-05 10:03:46,600 [INFO] PluginManager:220 - loadIPPluginJar : add adc
2026-05-05 10:03:46,677 [INFO] IPUIPlugin:80 - create IPUIPlugin
2026-05-05 10:03:46,678 [INFO] PluginManager:220 - loadIPPluginJar : add aes
2026-05-05 10:03:46,761 [INFO] IPUIPlugin:80 - create IPUIPlugin
2026-05-05 10:03:46,761 [INFO] PluginManager:220 - loadIPPluginJar : add can
2026-05-05 10:03:46,806 [INFO] IPUIPlugin:80 - create IPUIPlugin
2026-05-05 10:03:46,807 [INFO] PluginManager:220 - loadIPPluginJar : add comp
2026-05-05 10:03:46,878 [INFO] IPUIPlugin:80 - create IPUIPlugin
2026-05-05 10:03:46,878 [INFO] PluginManager:220 - loadIPPluginJar : add cryp
2026-05-05 10:03:46,900 [INFO] IPUIPlugin:80 - create IPUIPlugin
2026-05-05 10:03:46,901 [INFO] PluginManager:220 - loadIPPluginJar : add ddr_ctrl_phy
2026-05-05 10:03:46,964 [INFO] IPUIPlugin:80 - create IPUIPlugin
2026-05-05 10:03:46,964 [INFO] PluginManager:220 - loadIPPluginJar : add dfsdm
2026-05-05 10:03:46,988 [INFO] IPUIPlugin:80 - create IPUIPlugin
2026-05-05 10:03:46,989 [INFO] PluginManager:220 - loadIPPluginJar : add dma
2026-05-05 10:03:47,070 [INFO] IPUIPlugin:80 - create IPUIPlugin
2026-05-05 10:03:47,071 [INFO] PluginManager:220 - loadIPPluginJar : add dma3
2026-05-05 10:03:47,180 [INFO] IPUIPlugin:80 - create IPUIPlugin
2026-05-05 10:03:47,180 [INFO] PluginManager:220 - loadIPPluginJar : add extmemmanager
2026-05-05 10:03:47,237 [INFO] IPUIPlugin:80 - create IPUIPlugin
2026-05-05 10:03:47,237 [INFO] PluginManager:220 - loadIPPluginJar : add fatfs
2026-05-05 10:03:47,338 [INFO] IPUIPlugin:80 - create IPUIPlugin
2026-05-05 10:03:47,338 [INFO] PluginManager:220 - loadIPPluginJar : add fmc
2026-05-05 10:03:47,362 [INFO] IPUIPlugin:80 - create IPUIPlugin
2026-05-05 10:03:47,363 [INFO] PluginManager:220 - loadIPPluginJar : add freertos
2026-05-05 10:03:47,407 [INFO] IPUIPlugin:80 - create IPUIPlugin
2026-05-05 10:03:47,407 [INFO] PluginManager:220 - loadIPPluginJar : add genericplugin
2026-05-05 10:03:47,607 [INFO] IPUIPlugin:80 - create IPUIPlugin
2026-05-05 10:03:47,607 [INFO] PluginManager:220 - loadIPPluginJar : add gfxmmu
2026-05-05 10:03:47,901 [INFO] IPUIPlugin:80 - create IPUIPlugin
2026-05-05 10:03:47,901 [INFO] PluginManager:220 - loadIPPluginJar : add gic
2026-05-05 10:03:47,934 [INFO] IPUIPlugin:80 - create IPUIPlugin
2026-05-05 10:03:47,934 [INFO] PluginManager:220 - loadIPPluginJar : add gpio
2026-05-05 10:03:48,131 [INFO] IPUIPlugin:80 - create IPUIPlugin
2026-05-05 10:03:48,131 [INFO] PluginManager:220 - loadIPPluginJar : add gtzc
2026-05-05 10:03:48,209 [INFO] IPUIPlugin:80 - create IPUIPlugin
2026-05-05 10:03:48,209 [INFO] PluginManager:220 - loadIPPluginJar : add hash
2026-05-05 10:03:48,321 [INFO] IPUIPlugin:80 - create IPUIPlugin
2026-05-05 10:03:48,321 [INFO] PluginManager:220 - loadIPPluginJar : add i2c
2026-05-05 10:03:48,408 [INFO] IPUIPlugin:80 - create IPUIPlugin
2026-05-05 10:03:48,408 [INFO] PluginManager:220 - loadIPPluginJar : add i2s
2026-05-05 10:03:48,481 [INFO] IPUIPlugin:80 - create IPUIPlugin
2026-05-05 10:03:48,481 [INFO] PluginManager:220 - loadIPPluginJar : add i3c
2026-05-05 10:03:48,527 [INFO] ThirdPartyUpdaterWithRetryManager:70 - Updater plugin not ready yet. [2/15]
2026-05-05 10:03:48,685 [INFO] IPUIPlugin:80 - create IPUIPlugin
2026-05-05 10:03:48,685 [INFO] PluginManager:220 - loadIPPluginJar : add ipddr
2026-05-05 10:03:48,876 [INFO] IPUIPlugin:80 - create IPUIPlugin
2026-05-05 10:03:48,876 [INFO] PluginManager:220 - loadIPPluginJar : add linkedlist
2026-05-05 10:03:48,944 [INFO] IPUIPlugin:80 - create IPUIPlugin
2026-05-05 10:03:48,944 [INFO] PluginManager:220 - loadIPPluginJar : add lorawan
2026-05-05 10:03:49,002 [INFO] IPUIPlugin:80 - create IPUIPlugin
2026-05-05 10:03:49,002 [INFO] PluginManager:220 - loadIPPluginJar : add ltdc
2026-05-05 10:03:49,038 [INFO] IPUIPlugin:80 - create IPUIPlugin
2026-05-05 10:03:49,038 [INFO] PluginManager:220 - loadIPPluginJar : add mdma
2026-05-05 10:03:49,064 [INFO] IPUIPlugin:80 - create IPUIPlugin
2026-05-05 10:03:49,064 [INFO] PluginManager:220 - loadIPPluginJar : add nvic
2026-05-05 10:03:49,144 [INFO] IPUIPlugin:80 - create IPUIPlugin
2026-05-05 10:03:49,144 [INFO] PluginManager:220 - loadIPPluginJar : add opamp
2026-05-05 10:03:49,255 [INFO] IPUIPlugin:80 - create IPUIPlugin
2026-05-05 10:03:49,255 [INFO] PluginManager:220 - loadIPPluginJar : add openamp
2026-05-05 10:03:49,378 [INFO] IPUIPlugin:80 - create IPUIPlugin
2026-05-05 10:03:49,378 [INFO] PluginManager:220 - loadIPPluginJar : add pdm2pcm
2026-05-05 10:03:49,406 [INFO] IPUIPlugin:80 - create IPUIPlugin
2026-05-05 10:03:49,409 [INFO] PluginManager:220 - loadIPPluginJar : add plateformsettings
2026-05-05 10:03:49,475 [INFO] IPUIPlugin:80 - create IPUIPlugin
2026-05-05 10:03:49,475 [INFO] PluginManager:220 - loadIPPluginJar : add quadspi
2026-05-05 10:03:49,541 [INFO] IPUIPlugin:80 - create IPUIPlugin
2026-05-05 10:03:49,541 [INFO] PluginManager:220 - loadIPPluginJar : add radio
2026-05-05 10:03:49,567 [INFO] IPUIPlugin:80 - create IPUIPlugin
2026-05-05 10:03:49,567 [INFO] PluginManager:220 - loadIPPluginJar : add resmgrutility
2026-05-05 10:03:49,715 [INFO] IPUIPlugin:80 - create IPUIPlugin
2026-05-05 10:03:49,715 [INFO] PluginManager:220 - loadIPPluginJar : add sai
2026-05-05 10:03:49,797 [INFO] IPUIPlugin:80 - create IPUIPlugin
2026-05-05 10:03:49,800 [INFO] PluginManager:220 - loadIPPluginJar : add spi
2026-05-05 10:03:49,968 [INFO] IPUIPlugin:80 - create IPUIPlugin
2026-05-05 10:03:49,968 [INFO] PluginManager:220 - loadIPPluginJar : add stm32_wpan
2026-05-05 10:03:50,022 [INFO] IPUIPlugin:80 - create IPUIPlugin
2026-05-05 10:03:50,022 [INFO] PluginManager:220 - loadIPPluginJar : add tim
2026-05-05 10:03:50,161 [INFO] IPUIPlugin:80 - create IPUIPlugin
2026-05-05 10:03:50,161 [INFO] PluginManager:220 - loadIPPluginJar : add touchsensing
2026-05-05 10:03:50,215 [INFO] IPUIPlugin:80 - create IPUIPlugin
2026-05-05 10:03:50,215 [INFO] PluginManager:220 - loadIPPluginJar : add tracer_emb
2026-05-05 10:03:50,271 [INFO] IPUIPlugin:80 - create IPUIPlugin
2026-05-05 10:03:50,271 [INFO] PluginManager:220 - loadIPPluginJar : add ts
2026-05-05 10:03:50,320 [INFO] IPUIPlugin:80 - create IPUIPlugin
2026-05-05 10:03:50,320 [INFO] PluginManager:220 - loadIPPluginJar : add tsc
2026-05-05 10:03:50,352 [INFO] IPUIPlugin:80 - create IPUIPlugin
2026-05-05 10:03:50,352 [INFO] PluginManager:220 - loadIPPluginJar : add ucpd
2026-05-05 10:03:50,452 [INFO] IPUIPlugin:80 - create IPUIPlugin
2026-05-05 10:03:50,452 [INFO] PluginManager:220 - loadIPPluginJar : add usart
2026-05-05 10:03:50,527 [INFO] IPUIPlugin:80 - create IPUIPlugin
2026-05-05 10:03:50,527 [INFO] PluginManager:220 - loadIPPluginJar : add usbx
2026-05-05 10:03:50,706 [FATAL] Updater:351 - Updater called before beeing initialized
2026-05-05 10:03:50,775 [INFO] RulesReader:64 - Compatibility file has been processed (317 Rules)
2026-05-05 10:03:50,793 [INFO] RulesReader:64 - Compatibility file has been processed (317 Rules)
2026-05-05 10:03:50,807 [INFO] CADModel:165 - CPN selected for project level
2026-05-05 10:03:50,807 [INFO] CADModel:114 - Register for checkConnection events
2026-05-05 10:03:50,807 [FATAL] Updater:351 - Updater called before beeing initialized
2026-05-05 10:03:50,807 [ERROR] CADModel:125 - Updater not yet initialized, retry later 
2026-05-05 10:03:51,079 [FATAL] Updater:351 - Updater called before beeing initialized
2026-05-05 10:03:51,083 [INFO] CADModel:165 - CPN selected for project level
2026-05-05 10:03:51,083 [INFO] CADModel:114 - Register for checkConnection events
2026-05-05 10:03:51,083 [FATAL] Updater:351 - Updater called before beeing initialized
2026-05-05 10:03:51,083 [ERROR] CADModel:125 - Updater not yet initialized, retry later 
2026-05-05 10:03:51,088 [FATAL] Updater:351 - Updater called before beeing initialized
2026-05-05 10:03:51,290 [FATAL] Updater:351 - Updater called before beeing initialized
2026-05-05 10:03:51,306 [INFO] DbMcusAds:53 - JSON generation date=Mon Apr 27 13:44:29 IST 2026 (1777277669577)
2026-05-05 10:03:51,306 [FATAL] Updater:351 - Updater called before beeing initialized
2026-05-05 10:03:51,447 [WARN] DetailPanel:346 - Failed to get advertising image, set to default
2026-05-05 10:03:51,530 [INFO] ThirdPartyUpdaterWithRetryManager:70 - Updater plugin not ready yet. [3/15]
2026-05-05 10:03:51,603 [FATAL] Updater:351 - Updater called before beeing initialized
2026-05-05 10:03:51,607 [FATAL] Updater:351 - Updater called before beeing initialized
2026-05-05 10:03:51,607 [FATAL] Updater:351 - Updater called before beeing initialized
2026-05-05 10:03:51,607 [WARN] DetailPanel:346 - Failed to get advertising image, set to default
2026-05-05 10:03:51,607 [FATAL] Updater:351 - Updater called before beeing initialized
2026-05-05 10:03:51,714 [ERROR] Updater:1198 - MainUpdater not yet initialized. External WinMGr cannot be set.
2026-05-05 10:03:51,737 [INFO] Updater:1134 - Updater Version found : 6.15.0
2026-05-05 10:03:51,765 [INFO] ApplicationProperties:184 - Using Application install path: D:\STM32CubeIDE_1.19.0\STM32CubeIDE\plugins\com.st.stm32cube.common.mx_6.15.0.202507011659
2026-05-05 10:03:53,398 [ERROR] LogOutputStream:75 - [STDERR_REDIRECT] May 05, 2026 10:03:53 AM java.util.prefs.WindowsPreferences <init>
2026-05-05 10:03:53,398 [ERROR] LogOutputStream:75 - [STDERR_REDIRECT] WARNING: Could not open/create prefs root node Software\JavaSoft\Prefs at root 0xffffffff80000002. Windows RegCreateKeyEx(...) returned error code 5.
2026-05-05 10:03:53,398 [ERROR] LogOutputStream:75 - [STDERR_REDIRECT] 
2026-05-05 10:03:54,071 [INFO] MainUpdater:2872 - connection check result : 10
2026-05-05 10:03:54,080 [INFO] MainUpdater:289 - Updater Check For Update Now.
2026-05-05 10:03:54,080 [INFO] MicroXplorer:498 - Change Database Version : DB.6.0.150
2026-05-05 10:03:54,112 [INFO] McuFinderGlobals:63 - Set McuFinder mode to 2 (CubeIDE integrated)
2026-05-05 10:03:54,121 [INFO] UserAuth:487 - Internet connection configuration mode: 1
2026-05-05 10:03:54,180 [INFO] JxBrowserEngine:152 - Initiate JxBrowser Engine with user profile folder
2026-05-05 10:03:54,430 [INFO] CheckServerUpdateThread:120 - End of CheckServer Thread
2026-05-05 10:03:55,163 [WARN] PackLoader:240 - Cannot read IP mode file for STMicroelectronics.X-CUBE-AZRTOS-H7.3.5.0
2026-05-05 10:03:55,204 [WARN] PackLoader:240 - Cannot read IP mode file for STMicroelectronics.FP-SNS-MOTENVWB1.1.4.0
2026-05-05 10:03:55,241 [WARN] PackLoader:240 - Cannot read IP mode file for STMicroelectronics.FP-ATR-ASTRA1.2.0.2
2026-05-05 10:03:55,273 [WARN] PackLoader:240 - Cannot read IP mode file for STMicroelectronics.X-CUBE-SMBUS.2.1.0
2026-05-05 10:03:55,399 [WARN] PackLoader:240 - Cannot read IP mode file for STMicroelectronics.X-CUBE-AZRTOS-F7.1.1.0
2026-05-05 10:03:55,430 [WARN] PackLoader:240 - Cannot read IP mode file for Cesanta.I-CUBE-Mongoose.7.19.0
2026-05-05 10:03:55,468 [WARN] PackLoader:240 - Cannot read IP mode file for WES.I-CUBE-Cesium.1.4.0
2026-05-05 10:03:55,542 [WARN] PackLoader:240 - Cannot read IP mode file for Infineon.AIROC-Wi-Fi-Bluetooth-STM32.1.7.1
2026-05-05 10:03:55,602 [WARN] PackLoader:240 - Cannot read IP mode file for STMicroelectronics.X-CUBE-AZRTOS-H7.3.4.0
2026-05-05 10:03:55,648 [WARN] PackLoader:240 - Cannot read IP mode file for STMicroelectronics.X-CUBE-DISPLAY.3.0.0
2026-05-05 10:03:55,690 [WARN] PackLoader:240 - Cannot read IP mode file for STMicroelectronics.X-CUBE-GNSS1.7.1.1
2026-05-05 10:03:55,719 [WARN] PackLoader:240 - Cannot read IP mode file for STMicroelectronics.FP-SNS-MOTENVWB1.1.5.0
2026-05-05 10:03:55,747 [WARN] PackLoader:240 - Cannot read IP mode file for STMicroelectronics.X-CUBE-NFC10.1.0.0
2026-05-05 10:03:55,776 [WARN] PackLoader:240 - Cannot read IP mode file for emotas.I-CUBE-CANOPEN.1.3.0
2026-05-05 10:03:55,786 [WARN] PackLoader:240 - Cannot read IP mode file for STMicroelectronics.X-CUBE-GNSS1.7.1.0
2026-05-05 10:03:55,818 [WARN] PackLoader:240 - Cannot read IP mode file for STMicroelectronics.FP-SNS-SMARTAG2.1.2.0
2026-05-05 10:03:55,853 [WARN] PackLoader:240 - Cannot read IP mode file for STMicroelectronics.FP-SNS-FLIGHT1.5.1.0
2026-05-05 10:03:55,900 [INFO] LogOutputStream:77 - [STDOUT_REDIRECT] 1 : Invalid condition id : UX_CORESTACK_Condition cause : null
2026-05-05 10:03:55,900 [INFO] LogOutputStream:77 - [STDOUT_REDIRECT] 1 : Invalid condition id : UX_CORESTACK_Condition cause : null
2026-05-05 10:03:55,903 [INFO] LogOutputStream:77 - [STDOUT_REDIRECT] 1 : Invalid condition id : UX_CORESTACK_Condition cause : null
2026-05-05 10:03:55,905 [INFO] LogOutputStream:77 - [STDOUT_REDIRECT] 1 : Invalid condition id : UX_CORESTACK_Condition cause : null
2026-05-05 10:03:55,907 [INFO] LogOutputStream:77 - [STDOUT_REDIRECT] 1 : Invalid condition id : UX_CORESTACK_Condition cause : null
2026-05-05 10:03:55,912 [WARN] PackLoader:240 - Cannot read IP mode file for STMicroelectronics.X-CUBE-AZRTOS-WL.2.0.0
2026-05-05 10:03:55,980 [WARN] PackLoader:240 - Cannot read IP mode file for STMicroelectronics.X-CUBE-AZRTOS-H7RS.1.2.0
2026-05-05 10:03:56,015 [WARN] PackLoader:240 - Cannot read IP mode file for STMicroelectronics.X-CUBE-BLE2.3.3.0
2026-05-05 10:03:56,304 [WARN] PackLoader:240 - Cannot read IP mode file for STMicroelectronics.X-CUBE-NFC9.1.0.0
2026-05-05 10:03:56,331 [WARN] PackLoader:240 - Cannot read IP mode file for wolfSSL.I-CUBE-wolfSSL.5.8.2
2026-05-05 10:03:56,360 [WARN] PackLoader:240 - Cannot read IP mode file for STMicroelectronics.X-CUBE-BLE1.7.1.0
2026-05-05 10:03:56,388 [WARN] PackLoader:240 - Cannot read IP mode file for wolfSSL.I-CUBE-wolfMQTT.1.19.2
2026-05-05 10:03:56,412 [WARN] PackLoader:240 - Cannot read IP mode file for STMicroelectronics.X-CUBE-FREERTOS.1.4.0
2026-05-05 10:03:56,443 [WARN] PackLoader:240 - Cannot read IP mode file for STMicroelectronics.FP-SNS-STAIOTCFT.1.1.0
2026-05-05 10:03:56,546 [WARN] PackLoader:240 - Cannot read IP mode file for STMicroelectronics.X-CUBE-MEMS1.12.0.0
2026-05-05 10:03:56,767 [WARN] PackLoader:240 - Cannot read IP mode file for STMicroelectronics.X-CUBE-AZRTOS-G0.1.1.0
2026-05-05 10:03:56,808 [WARN] PackLoader:240 - Cannot read IP mode file for STMicroelectronics.X-CUBE-SAFEA1.1.2.2
2026-05-05 10:03:56,844 [WARN] PackLoader:240 - Cannot read IP mode file for STMicroelectronics.X-CUBE-NFC4.3.0.0
2026-05-05 10:03:56,888 [WARN] PackLoader:240 - Cannot read IP mode file for EmbeddedOffice.I-CUBE-FS-RTOS.1.0.1
2026-05-05 10:03:56,925 [WARN] PackLoader:240 - Cannot read IP mode file for STMicroelectronics.X-CUBE-WB05N.2.0.0
2026-05-05 10:03:56,953 [WARN] PackLoader:240 - Cannot read IP mode file for wolfSSL.I-CUBE-wolfTPM.3.8.0
2026-05-05 10:03:56,978 [WARN] PackLoader:240 - Cannot read IP mode file for STMicroelectronics.X-CUBE-TCPP.4.2.0
2026-05-05 10:03:57,010 [WARN] PackLoader:240 - Cannot read IP mode file for RealThread.X-CUBE-RT-Thread_Nano.4.1.1
2026-05-05 10:03:57,037 [WARN] PackLoader:240 - Cannot read IP mode file for STMicroelectronics.FP-ATR-SIGFOX1.3.2.0
2026-05-05 10:03:57,068 [WARN] PackLoader:240 - Cannot read IP mode file for STMicroelectronics.X-CUBE-FREERTOS.1.5.0
2026-05-05 10:03:57,090 [INFO] WebApp:169 - Instantiating new browser for Auth
2026-05-05 10:03:57,104 [WARN] PackLoader:240 - Cannot read IP mode file for ITTIA_DB.I-CUBE-ITTIADB.8.9.0
2026-05-05 10:03:57,177 [WARN] PackLoader:240 - Cannot read IP mode file for STMicroelectronics.X-CUBE-NFC6.3.2.0
2026-05-05 10:03:57,363 [WARN] PackLoader:240 - Cannot read IP mode file for STMicroelectronics.X-CUBE-MEMS1.12.1.0
2026-05-05 10:03:57,564 [WARN] PackLoader:240 - Cannot read IP mode file for SEGGER.I-CUBE-embOS.1.3.1
2026-05-05 10:03:57,627 [WARN] PackLoader:240 - Cannot read IP mode file for STMicroelectronics.X-CUBE-ALGOBUILD.1.4.0
2026-05-05 10:03:57,710 [WARN] PackLoader:240 - Cannot read IP mode file for STMicroelectronics.X-CUBE-MEMS1.11.3.0
2026-05-05 10:03:57,914 [WARN] PackLoader:240 - Cannot read IP mode file for STMicroelectronics.X-CUBE-PM33A1.1.0.0
2026-05-05 10:03:57,972 [WARN] PackLoader:240 - Cannot read IP mode file for STMicroelectronics.X-CUBE-AZRTOS-F4.1.1.0
2026-05-05 10:03:58,010 [WARN] PackLoader:240 - Cannot read IP mode file for STMicroelectronics.X-CUBE-ISPU.2.1.0
2026-05-05 10:03:58,042 [WARN] PackLoader:240 - Cannot read IP mode file for STMicroelectronics.eDS-WB_DPC_TT-BIDIR.2.1.1
2026-05-05 10:03:58,100 [WARN] PackLoader:240 - Cannot read IP mode file for STMicroelectronics.X-CUBE-AZRTOS-L5.2.0.0
2026-05-05 10:03:58,134 [WARN] PackLoader:240 - Cannot read IP mode file for STMicroelectronics.X-CUBE-NFC6.3.1.0
2026-05-05 10:03:58,157 [WARN] PackLoader:240 - Cannot read IP mode file for STMicroelectronics.eDS-WB_DPC_VIENNA.1.2.0
2026-05-05 10:03:58,186 [WARN] PackLoader:240 - Cannot read IP mode file for STMicroelectronics.eDS-WB_DPC_3PH2L-BIDIR.1.1.1
2026-05-05 10:03:58,218 [ERROR] Engine:466 - C:\Users\Asmita Milind Bagad\.stm32cubemx\thirdparties\pdsc\STMicroelectronics.X-CUBE-ST67W61.1.3.0.pdsc: PDSC version is not supported
2026-05-05 10:03:58,249 [WARN] PackLoader:240 - Cannot read IP mode file for STMicroelectronics.X-CUBE-FREERTOS.1.3.1
2026-05-05 10:03:58,282 [WARN] PackLoader:240 - Cannot read IP mode file for STMicroelectronics.X-CUBE-TOUCHGFX.4.26.0
2026-05-05 10:03:58,309 [WARN] PackLoader:240 - Cannot read IP mode file for STMicroelectronics.X-CUBE-TOUCHGFX.4.26.1
2026-05-05 10:03:58,335 [WARN] PackLoader:240 - Cannot read IP mode file for STMicroelectronics.FP-SNS-STAIOTCFT.1.0.0
2026-05-05 10:03:58,379 [WARN] PackLoader:240 - Cannot read IP mode file for STMicroelectronics.X-CUBE-DPower.1.3.0
2026-05-05 10:03:58,447 [WARN] ConditionMgr:438 - getConditionDescription Invalid condition id : LAN8742 Phy interface Condition cause : null
2026-05-05 10:03:58,447 [WARN] PackLoader:240 - Cannot read IP mode file for STMicroelectronics.X-CUBE-AZRTOS-L4.2.0.0
2026-05-05 10:03:58,449 [WARN] ConditionMgr:1044 - genDependencies : Invalid condition id : LAN8742 Phy interface Condition cause : null
2026-05-05 10:03:58,449 [WARN] ConditionMgr:1044 - genDependencies : Invalid condition id : LAN8742 Phy interface Condition cause : null
2026-05-05 10:03:58,451 [WARN] ConditionMgr:1044 - genDependencies : Invalid condition id : LAN8742 Phy interface Condition cause : null
2026-05-05 10:03:58,498 [WARN] PackLoader:240 - Cannot read IP mode file for STMicroelectronics.X-CUBE-SFXS2LP1.4.0.0
2026-05-05 10:03:58,532 [WARN] PackLoader:240 - Cannot read IP mode file for STMicroelectronics.X-CUBE-WB05N.2.1.0
2026-05-05 10:03:58,568 [WARN] PackLoader:240 - Cannot read IP mode file for STMicroelectronics.X-CUBE-ST67W61.1.2.0
2026-05-05 10:03:58,638 [WARN] ConditionMgr:438 - getConditionDescription Invalid condition id : UX DEVICE CLASS RTOS Condition cause : null
2026-05-05 10:03:58,638 [WARN] ConditionMgr:438 - getConditionDescription Invalid condition id : UX DEVICE CLASS RTOS Condition cause : null
2026-05-05 10:03:58,642 [WARN] PackLoader:240 - Cannot read IP mode file for STMicroelectronics.X-CUBE-AZRTOS-WB.2.0.0
2026-05-05 10:03:58,644 [WARN] ConditionMgr:1044 - genDependencies : Invalid condition id : UX DEVICE CLASS RTOS Condition cause : null
2026-05-05 10:03:58,644 [WARN] ConditionMgr:1044 - genDependencies : Invalid condition id : UX DEVICE CLASS RTOS Condition cause : null
2026-05-05 10:03:58,644 [WARN] ConditionMgr:1044 - genDependencies : Invalid condition id : UX DEVICE CLASS RTOS Condition cause : null
2026-05-05 10:03:58,645 [WARN] ConditionMgr:1044 - genDependencies : Invalid condition id : UX DEVICE CLASS RTOS Condition cause : null
2026-05-05 10:03:58,645 [WARN] ConditionMgr:1044 - genDependencies : Invalid condition id : UX DEVICE CLASS RTOS Condition cause : null
2026-05-05 10:03:58,677 [WARN] ConditionMgr:438 - getConditionDescription Invalid condition id : Cortex-A Device cause : null
2026-05-05 10:03:58,705 [INFO] WebApp:463 - Apply proxy settings
2026-05-05 10:03:58,705 [INFO] WebApp:548 - Chromium requires no authentication
2026-05-05 10:03:58,711 [WARN] ConditionMgr:1044 - genDependencies : Invalid condition id : Cortex-A Device cause : null
2026-05-05 10:03:58,714 [WARN] ConditionMgr:1044 - genDependencies : Invalid condition id : Cortex-A Device cause : null
2026-05-05 10:03:58,714 [WARN] ConditionMgr:1044 - genDependencies : Invalid condition id : Cortex-A Device cause : null
2026-05-05 10:03:58,724 [INFO] WebApp:491 - Direct internet connection detected
2026-05-05 10:03:58,747 [WARN] PackLoader:240 - Cannot read IP mode file for STMicroelectronics.X-CUBE-STSE01.2.0.0
2026-05-05 10:03:58,773 [INFO] WebApp:900 - Register for checkConnection events
2026-05-05 10:03:58,773 [INFO] WebApp:463 - Apply proxy settings
2026-05-05 10:03:58,773 [INFO] WebApp:548 - Chromium requires no authentication
2026-05-05 10:03:58,776 [INFO] WebApp:491 - Direct internet connection detected
2026-05-05 10:03:58,788 [WARN] PackLoader:240 - Cannot read IP mode file for STMicroelectronics.X-CUBE-SUBG2.5.0.0
2026-05-05 10:03:58,839 [WARN] PackLoader:240 - Cannot read IP mode file for STMicroelectronics.X-CUBE-AZRTOS-H7RS.1.1.0
2026-05-05 10:03:58,883 [WARN] PackLoader:240 - Cannot read IP mode file for STMicroelectronics.X-CUBE-AZRTOS-G4.2.0.0
2026-05-05 10:03:58,909 [WARN] PackLoader:240 - Cannot read IP mode file for wolfSSL.I-CUBE-wolfSSH.1.4.20
2026-05-05 10:03:58,932 [WARN] PackLoader:240 - Cannot read IP mode file for STMicroelectronics.X-CUBE-NFC7.2.0.0
2026-05-05 10:03:58,956 [WARN] PackLoader:240 - Cannot read IP mode file for STMicroelectronics.X-CUBE-ALS.1.0.2
2026-05-05 10:03:58,984 [WARN] PackLoader:240 - Cannot read IP mode file for STMicroelectronics.X-CUBE-STSE01.1.0.0
2026-05-05 10:03:59,016 [WARN] PackLoader:240 - Cannot read IP mode file for STMicroelectronics.X-CUBE-TOF1.3.4.3
2026-05-05 10:03:59,028 [INFO] ThirdParty:978 - Integrity check success = true
2026-05-05 10:03:59,028 [INFO] IntegrityCheckThread:100 - exiting critical section [integrity check]
2026-05-05 10:03:59,028 [INFO] IntegrityCheckThread:103 - End integrity checks thread
2026-05-05 10:03:59,115 [INFO] WebApp:225 - Starting web application
2026-05-05 10:03:59,118 [INFO] WebApp:593 - Web application path used D:\STM32CubeIDE_1.19.0\STM32CubeIDE\plugins\com.st.stm32cube.common.mx_6.15.0.202507011659\db\plugins\mcufinder\reactClient1\index.html
2026-05-05 10:03:59,424 [INFO] WebApp:191 - Connection restablished
2026-05-05 10:03:59,463 [INFO] UserAuth:487 - Internet connection configuration mode: 1
2026-05-05 10:15:59,350 [INFO] McuFinderGlobals:63 - Set McuFinder mode to 2 (CubeIDE integrated)
2026-05-05 10:15:59,416 [INFO] MainUpdater:2872 - connection check result : 10
2026-05-05 10:15:59,433 [INFO] MainUpdater:2872 - connection check result : 10
2026-05-05 10:15:59,944 [INFO] MicroXplorer:468 - Change Database Path : 
2026-05-05 10:15:59,944 [INFO] MicroXplorer:498 - Change Database Version : DB.6.0.150
2026-05-05 10:15:59,960 [WARN] ThirdParty:871 - waiting for thirdparty lock release [close project]
2026-05-05 10:15:59,960 [INFO] ThirdParty:873 - entering critical section [close project]
2026-05-05 10:15:59,961 [INFO] ThirdParty:883 - exiting critical section [close project]
2026-05-05 10:15:59,965 [INFO] PinOutPanel:1589 - setPackage(No Configuration,No Configuration)
2026-05-05 10:15:59,967 [INFO] UtilMem:75 - Begin LoadConfig() Used Memory: 814505872 Bytes (1073741824)
2026-05-05 10:15:59,969 [INFO] MicroXplorer:468 - Change Database Path : 
2026-05-05 10:15:59,969 [INFO] MicroXplorer:498 - Change Database Version : DB.6.0.150
2026-05-05 10:15:59,970 [INFO] OpenFileManager:355 - Change cursor
2026-05-05 10:16:00,034 [INFO] Mcu:2029 - Initializing MCU STM32C071RBTx STM32C071RBTx STM32C071RBT6
2026-05-05 10:16:02,674 [INFO] Context:786 - Trying to add GPIOservice into a context  which must be forbidden
2026-05-05 10:16:03,392 [INFO] ApiDbMcu:532 - Load IP Config File for NUCLEO-C071RB
2026-05-05 10:16:03,506 [INFO] ImportTextPane:234 - (OptionalMessage_ERROR) Pin11 (VP_RIF_VS_RIF1) cannot be retrieved for this MCU
2026-05-05 10:16:03,511 [INFO] ImportTextPane:234 - (OptionalMessage_ERROR) Unable to find key (Mcu.IP6) in loaded IOC file
2026-05-05 10:16:03,511 [INFO] ImportTextPane:234 - (OptionalMessage_ERROR) Unknown IP (dummy)
2026-05-05 10:16:03,742 [WARN] ModelIntegratedComponent:63 - No mode defined for component null
2026-05-05 10:16:03,742 [WARN] ModelIntegratedComponent:63 - No mode defined for component null
2026-05-05 10:16:03,742 [WARN] ModelIntegratedComponent:63 - No mode defined for component null
2026-05-05 10:16:03,742 [WARN] ModelIntegratedComponent:63 - No mode defined for component null
2026-05-05 10:16:03,742 [WARN] ModelIntegratedComponent:63 - No mode defined for component null
2026-05-05 10:16:03,742 [WARN] ModelIntegratedComponent:63 - No mode defined for component null
2026-05-05 10:16:03,742 [WARN] ModelIntegratedComponent:63 - No mode defined for component null
2026-05-05 10:16:03,743 [WARN] ModelIntegratedComponent:63 - No mode defined for component null
2026-05-05 10:16:03,743 [WARN] ModelIntegratedComponent:63 - No mode defined for component null
2026-05-05 10:16:03,743 [WARN] ModelIntegratedComponent:63 - No mode defined for component null
2026-05-05 10:16:03,743 [WARN] ModelIntegratedComponent:63 - No mode defined for component null
2026-05-05 10:16:03,743 [WARN] ModelIntegratedComponent:63 - No mode defined for component null
2026-05-05 10:16:03,743 [WARN] ModelIntegratedComponent:63 - No mode defined for component null
2026-05-05 10:16:03,743 [WARN] ModelIntegratedComponent:63 - No mode defined for component null
2026-05-05 10:16:03,743 [WARN] ModelIntegratedComponent:63 - No mode defined for component null
2026-05-05 10:16:03,743 [WARN] ModelIntegratedComponent:63 - No mode defined for component null
2026-05-05 10:16:03,744 [WARN] ModelIntegratedComponent:63 - No mode defined for component null
2026-05-05 10:16:03,744 [WARN] ModelIntegratedComponent:63 - No mode defined for component null
2026-05-05 10:16:03,744 [WARN] ModelIntegratedComponent:63 - No mode defined for component null
2026-05-05 10:16:03,744 [WARN] ModelIntegratedComponent:63 - No mode defined for component null
2026-05-05 10:16:03,744 [WARN] ModelIntegratedComponent:63 - No mode defined for component null
2026-05-05 10:16:03,744 [WARN] ModelIntegratedComponent:63 - No mode defined for component null
2026-05-05 10:16:03,744 [WARN] ModelIntegratedComponent:63 - No mode defined for component null
2026-05-05 10:16:03,744 [WARN] ModelIntegratedComponent:63 - No mode defined for component null
2026-05-05 10:16:03,744 [WARN] ModelIntegratedComponent:63 - No mode defined for component null
2026-05-05 10:16:03,744 [WARN] ModelIntegratedComponent:63 - No mode defined for component null
2026-05-05 10:16:03,744 [WARN] ModelIntegratedComponent:63 - No mode defined for component null
2026-05-05 10:16:03,744 [WARN] ModelIntegratedComponent:63 - No mode defined for component null
2026-05-05 10:16:03,744 [WARN] ModelIntegratedComponent:63 - No mode defined for component null
2026-05-05 10:16:03,744 [WARN] ModelIntegratedComponent:63 - No mode defined for component null
2026-05-05 10:16:03,744 [WARN] ModelIntegratedComponent:63 - No mode defined for component null
2026-05-05 10:16:03,745 [WARN] ModelIntegratedComponent:63 - No mode defined for component null
2026-05-05 10:16:03,745 [WARN] ModelIntegratedComponent:63 - No mode defined for component null
2026-05-05 10:16:03,745 [WARN] ModelIntegratedComponent:63 - No mode defined for component null
2026-05-05 10:16:03,745 [WARN] ModelIntegratedComponent:63 - No mode defined for component null
2026-05-05 10:16:03,745 [WARN] ModelPack:524 - Component already loaded: STMicroelectronics:HAL Drivers:0.0.0:STMicroelectronics:Device:STMicro_Driver:XSPI:HAL::0.0.1:HAL_XSPI
2026-05-05 10:16:03,752 [INFO] RtosManager:558 - Registered RTOS mode: class=RTOS, group=ThreadX, mode=Core, owner=THREADX
2026-05-05 10:16:03,925 [INFO] ThirdPartyModel:298 - Start build external matchings
2026-05-05 10:16:04,899 [INFO] ThirdPartyModel:316 - End build external matchings
2026-05-05 10:16:04,940 [INFO] ImportTextPane:234 - (OptionalMessage_ERROR) IP (RCC) : Invalid parameter (FamilyName)
2026-05-05 10:16:05,473 [INFO] ApiDb:581 - Connected to CubeFinder SQLite database (C:\Users\Asmita Milind Bagad\.stmcufinder\plugins\mcufinder\mcu\cube-finder-db.db)
2026-05-05 10:16:05,675 [INFO] ApiDb:668 - CubeFinder database Data Model version=2.1
2026-05-05 10:16:05,675 [INFO] ApiDb:669 - CubeFinder database Configuration version=3.0.42
2026-05-05 10:16:05,677 [INFO] ApiDb:670 - CubeFinder database generation date=2026-03-11 (1773229989)
2026-05-05 10:16:05,677 [INFO] ApiDb:671 - CubeFinder database FW Pack versions=[FP-ATR-ASTRA1_V2.0.0, FP-SNS-FLIGHT1_V5.1.0, FP-SNS-MOTENV1_V5.1.0, FP-SNS-MOTENVWB1_V1.5.0, FP-SNS-SMARTAG2_V1.2.0, FP-SNS-STBOX1_V2.1.0, STM32Cube_FW_C0_V1.4.0, STM32Cube_FW_F4_V1.28.3, STM32Cube_FW_F7_V1.17.4, STM32Cube_FW_G0_V1.6.3, STM32Cube_FW_G4_V1.6.2, STM32Cube_FW_H5_V1.6.0, STM32Cube_FW_H7RS_V1.3.0, STM32Cube_FW_H7_V1.13.0, STM32Cube_FW_L0_V1.12.2, STM32Cube_FW_L4_V1.18.2, STM32Cube_FW_L5_V1.6.0, STM32Cube_FW_N6_V1.3.0, STM32Cube_FW_U0_V1.3.0, STM32Cube_FW_U3_V1.3.0, STM32Cube_FW_U5_V1.8.0, STM32Cube_FW_WB0_V1.4.0, STM32Cube_FW_WBA_V1.9.0, STM32Cube_FW_WB_V1.24.0, STM32Cube_FW_WL3_V1.4.0, STM32Cube_FW_WL_V1.5.0, X-CUBE-ALGOBUILD_V1.4.0, X-CUBE-ALS_V1.0.2, X-CUBE-AZRTOS-F4_V1.1.0, X-CUBE-AZRTOS-F7_V1.1.0, X-CUBE-AZRTOS-G0_V1.1.0, X-CUBE-AZRTOS-G4_V2.0.0, X-CUBE-AZRTOS-H7RS_V1.1.0, X-CUBE-AZRTOS-H7_V3.4.0, X-CUBE-AZRTOS-L4_V2.0.0, X-CUBE-AZRTOS-L5_V2.0.0, X-CUBE-AZRTOS-WB_V2.0.0, X-CUBE-AZRTOS-WL_V2.0.0, X-CUBE-BLE1_V7.1.0, X-CUBE-BLE2_V3.3.0, X-CUBE-BLEMGR_V4.1.0, X-CUBE-EEPRMA1_V5.2.0, X-CUBE-FREERTOS_V1.5.0, X-CUBE-GNSS1_V6.0.0, X-CUBE-MEMS1_V12.0.0, X-CUBE-NFC4_V3.0.0, X-CUBE-NFC7_V2.0.0, X-CUBE-SFXS2LP1_V4.0.0, X-CUBE-ST67W61_V1.2.0, X-CUBE-SUBG2_V5.0.0, X-CUBE-TOF1_V3.4.3]
2026-05-05 10:16:05,898 [INFO] DbBoardsSqlite:226 - include board P-NUCLEO-WB55-NUCLEO as a kit item of type 'Nucleo-64'
2026-05-05 10:16:05,899 [INFO] DbBoardsSqlite:226 - include board P-NUCLEO-WB55-USBDONGLE as a kit item of type 'Nucleo USB Dongle'
2026-05-05 10:16:05,901 [INFO] DbBoardsSqlite:226 - include board STEVAL-IDP005V1 as a kit item of type 'Evaluation Board'
2026-05-05 10:16:05,901 [INFO] DbBoardsSqlite:226 - include board STEVAL-IDP005V2 as a kit item of type 'Evaluation Board'
2026-05-05 10:16:06,952 [INFO] ApiDb:240 - Found 880 in-development CPN: [B-G473E-ZEST1S, B-WB1M-WPAN1, B-WBA5M-WPAN, B-WL5M-SUBG1, NUCLEO-C031C6, NUCLEO-C051C8, NUCLEO-C071RB, NUCLEO-C092RC, NUCLEO-H503RB, NUCLEO-H533RE, NUCLEO-H563ZI, NUCLEO-H7S3L8, NUCLEO-N657X0-Q, NUCLEO-U031R8, NUCLEO-U083RC, NUCLEO-U385RG-Q, NUCLEO-U545RE-Q, NUCLEO-U5A5ZJ-Q, NUCLEO-WB05KZ, NUCLEO-WB07CC, NUCLEO-WB09KE, NUCLEO-WBA52CG, NUCLEO-WBA55CG, NUCLEO-WL33CC1, NUCLEO-WL33CC2, STEVAL-PROTEUS1, STEVAL-SMARTAG2, STEVAL-STWINBX1, STM320518-EVAL, STM32C0116-DK, STM32C011D6Y3TR, STM32C011D6Y6TR, STM32C011F4P3, STM32C011F4P6, STM32C011F4U3, STM32C011F4U6TR, STM32C011F6P3, STM32C011F6P6, STM32C011F6U3, STM32C011F6U6TR, STM32C011J4M3, STM32C011J4M6, STM32C011J6M3, STM32C011J6M6, STM32C0316-DK, STM32C031C4T3, STM32C031C4T6, STM32C031C4U3, STM32C031C4U6, STM32C031C6T3, STM32C031C6T6, STM32C031C6U3, STM32C031C6U6, STM32C031F4P3, STM32C031F4P6, STM32C031F6P3, STM32C031F6P6, STM32C031G4U3, STM32C031G4U6, STM32C031G6U3, STM32C031G6U6, STM32C031K4T3, STM32C031K4T6, STM32C031K4U3, STM32C031K4U6, STM32C031K6T3, STM32C031K6T6, STM32C031K6U3, STM32C031K6U6, STM32C051C6T6, STM32C051C6U6, STM32C051C8T6, STM32C051C8U6, STM32C051D8Y6TR, STM32C051F6P6, STM32C051F8P6, STM32C051G6U6, STM32C051G8U6, STM32C051K6T6, STM32C051K6U6, STM32C051K8T6, STM32C071C8T6, STM32C071C8T6N, STM32C071C8U6, STM32C071C8U6N, STM32C071CBT6, STM32C071CBT6N, STM32C071CBU6, STM32C071CBU6N, STM32C071F8P6, STM32C071F8P6N, STM32C071FBP6, STM32C071FBP6N, STM32C071FBY6TR, STM32C071G8U6, STM32C071G8U6N, STM32C071GBU6, STM32C071GBU6N, STM32C071K8T6, STM32C071K8T6N, STM32C071K8U6, STM32C071K8U6N, STM32C071KBT6, STM32C071KBT6N, STM32C071KBU6, STM32C071KBU6N, STM32C071R8T6, STM32C071R8T6N, STM32C071RBI6N, STM32C071RBT6, STM32C071RBT6N, STM32C091CBT6, STM32C091CBU6, STM32C091CCT6, STM32C091CCU6, STM32C091ECY6TR, STM32C091FBP6, STM32C091FCP6, STM32C091GBU6, STM32C091GCU6, STM32C091KBT6, STM32C091KBU6, STM32C091KCT6, STM32C091KCU6, STM32C091RBT6, STM32C091RCI6, STM32C091RCT6, STM32C092CBT6, STM32C092CBU6, STM32C092CCT6, STM32C092CCU6, STM32C092ECY6TR, STM32C092FBP6, STM32C092FCP6, STM32C092GBU6, STM32C092GCU6, STM32C092KBT6, STM32C092KBU6, STM32C092KCT6, STM32C092KCU6, STM32C092RBT6, STM32C092RCI6, STM32C092RCT6, STM32G071K8TXN, STM32G071K8UXN, STM32G081GBU6N, STM32G081KBT6N, STM32G081KBUXN, STM32G0B1CCT6N, STM32G0B1KCT6, STM32G0B1NEY6TR, STM32G0B1RCT6N, STM32G0C1CCT6, STM32G0C1CCT6N, STM32G0C1CCU6N, STM32G0C1CET6N, STM32G0C1CEU6N, STM32G0C1KCT6, STM32G0C1NEY6TR, STM32G0C1RCI6N, STM32G0C1RCT6N, STM32G0C1REI6N, STM32G0C1RET6N, STM32G0C1VCI6, STM32G0C1VEI6, STM32G411C6T3, STM32G411C6T6, STM32G411C6U3, STM32G411C6U6, STM32G411C8T3, STM32G411C8T6, STM32G411C8U3, STM32G411C8U6, STM32G411CBT3, STM32G411CBT6, STM32G411CBU3, STM32G411CBU6, STM32G411K6T3, STM32G411K6T6, STM32G411K6U3, STM32G411K6U6, STM32G411K8T3, STM32G411K8T6, STM32G411K8U3, STM32G411K8U6, STM32G411KBT3, STM32G411KBT6, STM32G411KBU3, STM32G411KBU6, STM32G411M6T3, STM32G411M6T6, STM32G411M8T3, STM32G411M8T6, STM32G411MBT3, STM32G411MBT6, STM32G411R6T3, STM32G411R6T6, STM32G411R8T3, STM32G411R8T6, STM32G411RBT3, STM32G411RBT6, STM32G414CBT3, STM32G414CBT6, STM32G414CBU3, STM32G414CBU6, STM32G414CCT3, STM32G414CCT6, STM32G414CCU3, STM32G414CCU6, STM32G414MBT3, STM32G414MBT6, STM32G414MCT3, STM32G414MCT6, STM32G414RBT3, STM32G414RBT6, STM32G414RCT3, STM32G414RCT6, STM32G414VBT3, STM32G414VBT6, STM32G414VCT3, STM32G414VCT6, STM32G431CBT3Z, STM32G431RBT3Z, STM32G471CCT6, STM32G471CCU6, STM32G471CET3, STM32G471CET6, STM32G471CEU3, STM32G471CEU6, STM32G471MCT6, STM32G471MET3, STM32G471MET6, STM32G471MEY6TR, STM32G471QCT6, STM32G471QET3, STM32G471RCT6, STM32G471RET3, STM32G471RET6, STM32G471VCH6, STM32G471VCI6, STM32G471VCT6, STM32G471VEH3, STM32G471VEH6, STM32G471VEI3, STM32G471VEI6, STM32G471VET3, STM32G471VET6, STM32G473QET3Z, STM32G473RET3Z, STM32G474CCT6, STM32G491RET3Z, STM32H503CBT6, STM32H503CBU6, STM32H503EBY6TR, STM32H503KBU6, STM32H503RBT6, STM32H523CCT6, STM32H523CCU6, STM32H523CET6, STM32H523CEU6, STM32H523HEY6TR, STM32H523RCT6, STM32H523RET6, STM32H523VCI6, STM32H523VCT6, STM32H523VEI6, STM32H523VET6, STM32H523ZCJ6, STM32H523ZCT6, STM32H523ZEJ6, STM32H523ZET6, STM32H533CET6, STM32H533CEU6, STM32H533HEY6TR, STM32H533RET6, STM32H533VEI6, STM32H533VET6, STM32H533ZEJ6, STM32H533ZET6, STM32H562AGI6, STM32H562AII6, STM32H562IGK6, STM32H562IGT6, STM32H562IIK6, STM32H562IIT6, STM32H562RGT6, STM32H562RGV6, STM32H562RIT6, STM32H562RIV6, STM32H562VGT6, STM32H562VIT6, STM32H562ZGT6, STM32H562ZIT6, STM32H563AGI6, STM32H563AII3Q, STM32H563AII6, STM32H563IGK6, STM32H563IGT6, STM32H563IIK3Q, STM32H563IIK6, STM32H563IIT3Q, STM32H563IIT6, STM32H563MIY3QTR, STM32H563RGT6, STM32H563RGV6, STM32H563RIT6, STM32H563RIV6, STM32H563VGT6, STM32H563VIT3Q, STM32H563VIT6, STM32H563ZGT6, STM32H563ZIT3Q, STM32H563ZIT6, STM32H573AII3Q, STM32H573AII6, STM32H573I-DK, STM32H573IIK3Q, STM32H573IIK6, STM32H573IIT3Q, STM32H573IIT6, STM32H573MIY3QTR, STM32H573RIT6, STM32H573RIV6, STM32H573VIT3Q, STM32H573VIT6, STM32H573ZIT3Q, STM32H573ZIT6, STM32H7R3A8I6, STM32H7R3I8K6, STM32H7R3I8T6, STM32H7R3L8H6, STM32H7R3L8H6H, STM32H7R3R8V6, STM32H7R3V8H6, STM32H7R3V8T6, STM32H7R3V8Y6TR, STM32H7R3Z8J6, STM32H7R3Z8T6, STM32H7R7A8I6, STM32H7R7I8K6, STM32H7R7I8T6, STM32H7R7L8H6, STM32H7R7L8H6H, STM32H7R7Z8J6, STM32H7S3A8I6, STM32H7S3I8K6, STM32H7S3I8T6, STM32H7S3L8H6, STM32H7S3L8H6H, STM32H7S3R8V6, STM32H7S3V8H6, STM32H7S3V8T6, STM32H7S3V8Y6TR, STM32H7S3Z8J6, STM32H7S3Z8T6, STM32H7S78-DK, STM32H7S7A8I6, STM32H7S7I8K6, STM32H7S7I8T6, STM32H7S7L8H6, STM32H7S7L8H6H, STM32H7S7Z8J6, STM32L4R5QGI6STR, STM32MP131AAE3, STM32MP131AAF3, STM32MP131AAG3, STM32MP131CAE3, STM32MP131CAF3, STM32MP131CAG3, STM32MP131DAE7, STM32MP131DAF7, STM32MP131DAG7, STM32MP131FAE7, STM32MP131FAF7, STM32MP131FAG7, STM32MP133AAE3, STM32MP133AAF3, STM32MP133AAG3, STM32MP133CAE3, STM32MP133CAF3, STM32MP133CAG3, STM32MP133DAE7, STM32MP133DAF7, STM32MP133DAG7, STM32MP133FAE7, STM32MP133FAF7, STM32MP133FAG7, STM32MP135AAE3, STM32MP135AAF3, STM32MP135AAG3, STM32MP135CAE3, STM32MP135CAF3, STM32MP135CAG3, STM32MP135DAE7, STM32MP135DAF7, STM32MP135DAG7, STM32MP135F-DK, STM32MP135FAE7, STM32MP135FAF7, STM32MP135FAF7T, STM32MP135FAF7U, STM32MP135FAG7, STM32MP211AAL3, STM32MP211AAM3, STM32MP211AAN3, STM32MP211AAO3, STM32MP211CAL3, STM32MP211CAM3, STM32MP211CAN3, STM32MP211CAO3, STM32MP211DAL3, STM32MP211DAM3, STM32MP211DAN3, STM32MP211DAO3, STM32MP211FAL3, STM32MP211FAM3, STM32MP211FAN3, STM32MP211FAO3, STM32MP213AAL3, STM32MP213AAM3, STM32MP213AAN3, STM32MP213AAO3, STM32MP213CAL3, STM32MP213CAM3, STM32MP213CAN3, STM32MP213CAO3, STM32MP213DAL3, STM32MP213DAM3, STM32MP213DAN3, STM32MP213DAO3, STM32MP213FAL3, STM32MP213FAM3, STM32MP213FAN3, STM32MP213FAO3, STM32MP215AAL3, STM32MP215AAM3, STM32MP215AAN3, STM32MP215AAO3, STM32MP215CAL3, STM32MP215CAM3, STM32MP215CAN3, STM32MP215CAO3, STM32MP215DAL3, STM32MP215DAM3, STM32MP215DAN3, STM32MP215DAO3, STM32MP215F-DK, STM32MP215FAL3, STM32MP215FAM3, STM32MP215FAN3, STM32MP215FAO3, STM32MP231AAJ3, STM32MP231AAK3, STM32MP231AAL3, STM32MP231CAJ3, STM32MP231CAK3, STM32MP231CAL3, STM32MP231DAJ3, STM32MP231DAK3, STM32MP231DAL3, STM32MP231FAJ3, STM32MP231FAK3, STM32MP231FAL3, STM32MP233AAJ3, STM32MP233AAK3, STM32MP233AAL3, STM32MP233CAJ3, STM32MP233CAK3, STM32MP233CAL3, STM32MP233DAJ3, STM32MP233DAK3, STM32MP233DAL3, STM32MP233FAJ3, STM32MP233FAK3, STM32MP233FAL3, STM32MP235AAJ3, STM32MP235AAK3, STM32MP235AAL3, STM32MP235CAJ3, STM32MP235CAK3, STM32MP235CAL3, STM32MP235DAJ3, STM32MP235DAK3, STM32MP235DAL3, STM32MP235FAJ3, STM32MP235FAK3, STM32MP235FAL3, STM32MP251AAI3, STM32MP251AAK3, STM32MP251AAL3, STM32MP251CAI3, STM32MP251CAK3, STM32MP251CAL3, STM32MP251DAI3, STM32MP251DAK3, STM32MP251DAL3, STM32MP251FAI3, STM32MP251FAK3, STM32MP251FAL3, STM32MP253AAI3, STM32MP253AAK3, STM32MP253AAL3, STM32MP253CAI3, STM32MP253CAK3, STM32MP253CAL3, STM32MP253DAI3, STM32MP253DAK3, STM32MP253DAL3, STM32MP253FAI3, STM32MP253FAK3, STM32MP253FAL3, STM32MP255AAI3, STM32MP255AAK3, STM32MP255AAL3, STM32MP255CAI3, STM32MP255CAK3, STM32MP255CAL3, STM32MP255DAI3, STM32MP255DAK3, STM32MP255DAL3, STM32MP255FAI3, STM32MP255FAK3, STM32MP255FAL3, STM32MP257AAI3, STM32MP257AAK3, STM32MP257AAL3, STM32MP257CAI3, STM32MP257CAK3, STM32MP257CAL3, STM32MP257DAI3, STM32MP257DAK3, STM32MP257DAL3, STM32MP257F-DK, STM32MP257F-EV1, STM32MP257FAI3, STM32MP257FAK3, STM32MP257FAL3, STM32N645A0H3Q, STM32N645B0H3Q, STM32N645I0H3Q, STM32N645L0H3Q, STM32N645X0H3Q, STM32N645Z0H3Q, STM32N647A0H3Q, STM32N647B0H3Q, STM32N647I0H3Q, STM32N647L0H3Q, STM32N647X0H3Q, STM32N647Z0H3Q, STM32N655A0H3Q, STM32N655B0H3Q, STM32N655I0H3Q, STM32N655L0H3Q, STM32N655X0H3Q, STM32N655Z0H3Q, STM32N6570-DK, STM32N657A0H3Q, STM32N657B0H3Q, STM32N657I0H3Q, STM32N657L0H3Q, STM32N657X0H3Q, STM32N657Z0H3Q, STM32U031C6T6, STM32U031C6U6, STM32U031C8T6, STM32U031C8U6, STM32U031F4P6, STM32U031F6P6, STM32U031F8P6, STM32U031G6Y6TR, STM32U031G8Y6TR, STM32U031K4U6, STM32U031K6U6, STM32U031K8U6, STM32U031R6I6, STM32U031R6T6, STM32U031R8I6, STM32U031R8T6, STM32U073C8T6, STM32U073C8U6, STM32U073CBT6, STM32U073CBU6, STM32U073CCT6, STM32U073CCU6, STM32U073H8Y6TR, STM32U073HBY6TR, STM32U073HCY6TR, STM32U073K8U6, STM32U073KBU6, STM32U073KCU6, STM32U073M8I6, STM32U073M8T6, STM32U073MBI6, STM32U073MBT6, STM32U073MCI6, STM32U073MCT6, STM32U073R8I6, STM32U073R8T6, STM32U073RBI6, STM32U073RBT6, STM32U073RCI6, STM32U073RCT6, STM32U083C-DK, STM32U083CCT6, STM32U083CCU6, STM32U083HCY6TR, STM32U083KCU6, STM32U083MCI6, STM32U083MCT6, STM32U083RCI6, STM32U083RCT6, STM32U375CET6, STM32U375CET6Q, STM32U375CEU6, STM32U375CEU6Q, STM32U375CEY6QTR, STM32U375CGT6, STM32U375CGT6Q, STM32U375CGU6, STM32U375CGU6Q, STM32U375CGY6QTR, STM32U375KEU6, STM32U375KGU6, STM32U375REI6, STM32U375REI6Q, STM32U375RET6, STM32U375RET6Q, STM32U375REY6GTR, STM32U375REY6QTR, STM32U375RGI6, STM32U375RGI6Q, STM32U375RGT6, STM32U375RGT6Q, STM32U375RGY6GTR, STM32U375RGY6QTR, STM32U375VEI6, STM32U375VEI6Q, STM32U375VET6, STM32U375VET6Q, STM32U375VGI6, STM32U375VGI6Q, STM32U375VGT6, STM32U375VGT6Q, STM32U385CGT6, STM32U385CGT6Q, STM32U385CGU6, STM32U385CGU6Q, STM32U385CGY6QTR, STM32U385KGU6, STM32U385RGI6, STM32U385RGI6Q, STM32U385RGT6, STM32U385RGT6Q, STM32U385RGY6GTR, STM32U385RGY6QTR, STM32U385VGI6, STM32U385VGI6Q, STM32U385VGT6, STM32U385VGT6Q, STM32U535CBT6, STM32U535CBT6Q, STM32U535CBU6, STM32U535CBU6Q, STM32U535CCT6, STM32U535CCT6Q, STM32U535CCU6, STM32U535CCU6Q, STM32U535CET6, STM32U535CET6Q, STM32U535CEU6, STM32U535CEU6Q, STM32U535JEY6QTR, STM32U535NCY6QTR, STM32U535NEY6QTR, STM32U535RBI6, STM32U535RBI6Q, STM32U535RBT6, STM32U535RBT6Q, STM32U535RCI6, STM32U535RCI6Q, STM32U535RCT6, STM32U535RCT6Q, STM32U535REI6, STM32U535REI6Q, STM32U535RET6, STM32U535RET6Q, STM32U535VCI6, STM32U535VCI6Q, STM32U535VCT6, STM32U535VCT6Q, STM32U535VEI6, STM32U535VEI6Q, STM32U535VET6, STM32U535VET6Q, STM32U545CET6, STM32U545CET6Q, STM32U545CEU6, STM32U545CEU6Q, STM32U545JEY6QTR, STM32U545NEY6QTR, STM32U545REI6, STM32U545REI6Q, STM32U545RET6, STM32U545RET6Q, STM32U545VEI6, STM32U545VEI6Q, STM32U545VET6, STM32U545VET6Q, STM32U595AIH6, STM32U595AIH6Q, STM32U595AJH6, STM32U595AJH6Q, STM32U595QII6, STM32U595QII6Q, STM32U595QJI6, STM32U595QJI6Q, STM32U595RIT6, STM32U595RIT6Q, STM32U595RJT6, STM32U595RJT6Q, STM32U595VIT6, STM32U595VIT6Q, STM32U595VJT6, STM32U595VJT6Q, STM32U595ZIT6, STM32U595ZIT6Q, STM32U595ZIY6QTR, STM32U595ZJT6, STM32U595ZJT6Q, STM32U595ZJY6QTR, STM32U599BJY6QTR, STM32U599NIH6Q, STM32U599NJH6Q, STM32U599VIT6Q, STM32U599VJT6, STM32U599VJT6Q, STM32U599ZIT6Q, STM32U599ZIY6QTR, STM32U599ZJT6Q, STM32U599ZJY6QTR, STM32U5A5AJH6, STM32U5A5AJH6Q, STM32U5A5QII3Q , STM32U5A5QJI6, STM32U5A5QJI6Q, STM32U5A5RJT6, STM32U5A5RJT6Q, STM32U5A5VJT6, STM32U5A5VJT6Q, STM32U5A5ZJT6, STM32U5A5ZJT6Q, STM32U5A5ZJY6QTR, STM32U5A9BJY6QTR, STM32U5A9J-DK, STM32U5A9NJH6Q, STM32U5A9VJT6Q, STM32U5A9ZJT6Q, STM32U5A9ZJY6QTR, STM32U5F7VIT6, STM32U5F7VIT6Q, STM32U5F7VJT6, STM32U5F7VJT6Q, STM32U5F9BJY6QTR, STM32U5F9NJH6Q, STM32U5F9VIT6Q, STM32U5F9VJT6Q, STM32U5F9ZIJ6QTR, STM32U5F9ZIT6Q, STM32U5F9ZJJ6QTR, STM32U5F9ZJT6Q, STM32U5G7VJT6, STM32U5G7VJT6Q, STM32U5G9BJY6QTR, STM32U5G9J-DK1, STM32U5G9J-DK2, STM32U5G9NJH6Q, STM32U5G9VJT6Q, STM32U5G9ZJJ6QTR, STM32U5G9ZJT6Q, STM32WB05KZV6TR, STM32WB05KZV7TR, STM32WB05TZF6TR, STM32WB05TZF7TR, STM32WB06CCF6TR, STM32WB06CCF7TR, STM32WB06CCV6TR, STM32WB06CCV7TR, STM32WB06KCV6TR, STM32WB06KCV7TR, STM32WB07CCF6TR, STM32WB07CCF7TR, STM32WB07CCV6TR, STM32WB07CCV7TR, STM32WB07KCV6TR, STM32WB07KCV7TR, STM32WB09KEV6TR, STM32WB09KEV7TR, STM32WB09TEF6TR, STM32WB09TEF7TR, STM32WB1MMCH6, STM32WBA50KGU6, STM32WBA50KGU6TR, STM32WBA52CEU6, STM32WBA52CEU6TR, STM32WBA52CEU7, STM32WBA52CEU7TR, STM32WBA52CGU6, STM32WBA52CGU6TR, STM32WBA52CGU6U, STM32WBA52CGU7, STM32WBA52CGU7TR, STM32WBA52KEU6, STM32WBA52KEU6TR, STM32WBA52KGU6, STM32WBA52KGU6TR, STM32WBA54CEU6, STM32WBA54CEU6TR, STM32WBA54CEU7, STM32WBA54CEU7TR, STM32WBA54CGU6, STM32WBA54CGU6TR, STM32WBA54CGU7, STM32WBA54CGU7TR, STM32WBA54KEU6, STM32WBA54KEU6TR, STM32WBA54KEU7, STM32WBA54KEU7TR, STM32WBA54KGU6, STM32WBA54KGU6TR, STM32WBA54KGU7, STM32WBA54KGU7TR, STM32WBA55CEU6, STM32WBA55CEU6TR, STM32WBA55CEU7, STM32WBA55CEU7TR, STM32WBA55CGU6, STM32WBA55CGU6TR, STM32WBA55CGU6U, STM32WBA55CGU7, STM32WBA55CGU7TR, STM32WBA55G-DK1, STM32WBA55HEF6, STM32WBA55HEF7, STM32WBA55HGF6, STM32WBA55HGF7, STM32WBA55UEI6, STM32WBA55UEI6TR, STM32WBA55UEI7, STM32WBA55UEI7TR, STM32WBA55UGI6, STM32WBA55UGI6TR, STM32WBA55UGI7, STM32WBA55UGI7TR, STM32WBA5MMGH6TR, STM32WBA62MGF6, STM32WBA62MIF6, STM32WBA65MGF7, STM32WBA65MIF6, STM32WBA65MIF7, STM32WL30K8V6, STM32WL30KBV6, STM32WL31C8V6, STM32WL31CBV6, STM32WL31K8V6, STM32WL31KBV6, STM32WL33C8V6, STM32WL33C8V6X, STM32WL33CBV6, STM32WL33CBV6X, STM32WL33CCV6, STM32WL33CCV6A, STM32WL33CCV6X, STM32WL33K8V7, STM32WL33K8V7X, STM32WL33KBV7 , STM32WL33KBV7X, STM32WL33KCV7, STM32WL33KCV7X, STM32WL5MOCH6, STM32WL5MOCH6TR]
2026-05-05 10:16:06,959 [INFO] ApiDb:668 - CubeFinder database Data Model version=2.1
2026-05-05 10:16:06,959 [INFO] ApiDb:669 - CubeFinder database Configuration version=3.0.42
2026-05-05 10:16:06,959 [INFO] ApiDb:670 - CubeFinder database generation date=2026-03-11 (1773229989)
2026-05-05 10:16:06,960 [INFO] ApiDb:671 - CubeFinder database FW Pack versions=[FP-ATR-ASTRA1_V2.0.0, FP-SNS-FLIGHT1_V5.1.0, FP-SNS-MOTENV1_V5.1.0, FP-SNS-MOTENVWB1_V1.5.0, FP-SNS-SMARTAG2_V1.2.0, FP-SNS-STBOX1_V2.1.0, STM32Cube_FW_C0_V1.4.0, STM32Cube_FW_F4_V1.28.3, STM32Cube_FW_F7_V1.17.4, STM32Cube_FW_G0_V1.6.3, STM32Cube_FW_G4_V1.6.2, STM32Cube_FW_H5_V1.6.0, STM32Cube_FW_H7RS_V1.3.0, STM32Cube_FW_H7_V1.13.0, STM32Cube_FW_L0_V1.12.2, STM32Cube_FW_L4_V1.18.2, STM32Cube_FW_L5_V1.6.0, STM32Cube_FW_N6_V1.3.0, STM32Cube_FW_U0_V1.3.0, STM32Cube_FW_U3_V1.3.0, STM32Cube_FW_U5_V1.8.0, STM32Cube_FW_WB0_V1.4.0, STM32Cube_FW_WBA_V1.9.0, STM32Cube_FW_WB_V1.24.0, STM32Cube_FW_WL3_V1.4.0, STM32Cube_FW_WL_V1.5.0, X-CUBE-ALGOBUILD_V1.4.0, X-CUBE-ALS_V1.0.2, X-CUBE-AZRTOS-F4_V1.1.0, X-CUBE-AZRTOS-F7_V1.1.0, X-CUBE-AZRTOS-G0_V1.1.0, X-CUBE-AZRTOS-G4_V2.0.0, X-CUBE-AZRTOS-H7RS_V1.1.0, X-CUBE-AZRTOS-H7_V3.4.0, X-CUBE-AZRTOS-L4_V2.0.0, X-CUBE-AZRTOS-L5_V2.0.0, X-CUBE-AZRTOS-WB_V2.0.0, X-CUBE-AZRTOS-WL_V2.0.0, X-CUBE-BLE1_V7.1.0, X-CUBE-BLE2_V3.3.0, X-CUBE-BLEMGR_V4.1.0, X-CUBE-EEPRMA1_V5.2.0, X-CUBE-FREERTOS_V1.5.0, X-CUBE-GNSS1_V6.0.0, X-CUBE-MEMS1_V12.0.0, X-CUBE-NFC4_V3.0.0, X-CUBE-NFC7_V2.0.0, X-CUBE-SFXS2LP1_V4.0.0, X-CUBE-ST67W61_V1.2.0, X-CUBE-SUBG2_V5.0.0, X-CUBE-TOF1_V3.4.3]
2026-05-05 10:16:11,727 [INFO] ApiDb:240 - Found 880 in-development CPN: [B-G473E-ZEST1S, B-WB1M-WPAN1, B-WBA5M-WPAN, B-WL5M-SUBG1, NUCLEO-C031C6, NUCLEO-C051C8, NUCLEO-C071RB, NUCLEO-C092RC, NUCLEO-H503RB, NUCLEO-H533RE, NUCLEO-H563ZI, NUCLEO-H7S3L8, NUCLEO-N657X0-Q, NUCLEO-U031R8, NUCLEO-U083RC, NUCLEO-U385RG-Q, NUCLEO-U545RE-Q, NUCLEO-U5A5ZJ-Q, NUCLEO-WB05KZ, NUCLEO-WB07CC, NUCLEO-WB09KE, NUCLEO-WBA52CG, NUCLEO-WBA55CG, NUCLEO-WL33CC1, NUCLEO-WL33CC2, STEVAL-PROTEUS1, STEVAL-SMARTAG2, STEVAL-STWINBX1, STM320518-EVAL, STM32C0116-DK, STM32C011D6Y3TR, STM32C011D6Y6TR, STM32C011F4P3, STM32C011F4P6, STM32C011F4U3, STM32C011F4U6TR, STM32C011F6P3, STM32C011F6P6, STM32C011F6U3, STM32C011F6U6TR, STM32C011J4M3, STM32C011J4M6, STM32C011J6M3, STM32C011J6M6, STM32C0316-DK, STM32C031C4T3, STM32C031C4T6, STM32C031C4U3, STM32C031C4U6, STM32C031C6T3, STM32C031C6T6, STM32C031C6U3, STM32C031C6U6, STM32C031F4P3, STM32C031F4P6, STM32C031F6P3, STM32C031F6P6, STM32C031G4U3, STM32C031G4U6, STM32C031G6U3, STM32C031G6U6, STM32C031K4T3, STM32C031K4T6, STM32C031K4U3, STM32C031K4U6, STM32C031K6T3, STM32C031K6T6, STM32C031K6U3, STM32C031K6U6, STM32C051C6T6, STM32C051C6U6, STM32C051C8T6, STM32C051C8U6, STM32C051D8Y6TR, STM32C051F6P6, STM32C051F8P6, STM32C051G6U6, STM32C051G8U6, STM32C051K6T6, STM32C051K6U6, STM32C051K8T6, STM32C071C8T6, STM32C071C8T6N, STM32C071C8U6, STM32C071C8U6N, STM32C071CBT6, STM32C071CBT6N, STM32C071CBU6, STM32C071CBU6N, STM32C071F8P6, STM32C071F8P6N, STM32C071FBP6, STM32C071FBP6N, STM32C071FBY6TR, STM32C071G8U6, STM32C071G8U6N, STM32C071GBU6, STM32C071GBU6N, STM32C071K8T6, STM32C071K8T6N, STM32C071K8U6, STM32C071K8U6N, STM32C071KBT6, STM32C071KBT6N, STM32C071KBU6, STM32C071KBU6N, STM32C071R8T6, STM32C071R8T6N, STM32C071RBI6N, STM32C071RBT6, STM32C071RBT6N, STM32C091CBT6, STM32C091CBU6, STM32C091CCT6, STM32C091CCU6, STM32C091ECY6TR, STM32C091FBP6, STM32C091FCP6, STM32C091GBU6, STM32C091GCU6, STM32C091KBT6, STM32C091KBU6, STM32C091KCT6, STM32C091KCU6, STM32C091RBT6, STM32C091RCI6, STM32C091RCT6, STM32C092CBT6, STM32C092CBU6, STM32C092CCT6, STM32C092CCU6, STM32C092ECY6TR, STM32C092FBP6, STM32C092FCP6, STM32C092GBU6, STM32C092GCU6, STM32C092KBT6, STM32C092KBU6, STM32C092KCT6, STM32C092KCU6, STM32C092RBT6, STM32C092RCI6, STM32C092RCT6, STM32G071K8TXN, STM32G071K8UXN, STM32G081GBU6N, STM32G081KBT6N, STM32G081KBUXN, STM32G0B1CCT6N, STM32G0B1KCT6, STM32G0B1NEY6TR, STM32G0B1RCT6N, STM32G0C1CCT6, STM32G0C1CCT6N, STM32G0C1CCU6N, STM32G0C1CET6N, STM32G0C1CEU6N, STM32G0C1KCT6, STM32G0C1NEY6TR, STM32G0C1RCI6N, STM32G0C1RCT6N, STM32G0C1REI6N, STM32G0C1RET6N, STM32G0C1VCI6, STM32G0C1VEI6, STM32G411C6T3, STM32G411C6T6, STM32G411C6U3, STM32G411C6U6, STM32G411C8T3, STM32G411C8T6, STM32G411C8U3, STM32G411C8U6, STM32G411CBT3, STM32G411CBT6, STM32G411CBU3, STM32G411CBU6, STM32G411K6T3, STM32G411K6T6, STM32G411K6U3, STM32G411K6U6, STM32G411K8T3, STM32G411K8T6, STM32G411K8U3, STM32G411K8U6, STM32G411KBT3, STM32G411KBT6, STM32G411KBU3, STM32G411KBU6, STM32G411M6T3, STM32G411M6T6, STM32G411M8T3, STM32G411M8T6, STM32G411MBT3, STM32G411MBT6, STM32G411R6T3, STM32G411R6T6, STM32G411R8T3, STM32G411R8T6, STM32G411RBT3, STM32G411RBT6, STM32G414CBT3, STM32G414CBT6, STM32G414CBU3, STM32G414CBU6, STM32G414CCT3, STM32G414CCT6, STM32G414CCU3, STM32G414CCU6, STM32G414MBT3, STM32G414MBT6, STM32G414MCT3, STM32G414MCT6, STM32G414RBT3, STM32G414RBT6, STM32G414RCT3, STM32G414RCT6, STM32G414VBT3, STM32G414VBT6, STM32G414VCT3, STM32G414VCT6, STM32G431CBT3Z, STM32G431RBT3Z, STM32G471CCT6, STM32G471CCU6, STM32G471CET3, STM32G471CET6, STM32G471CEU3, STM32G471CEU6, STM32G471MCT6, STM32G471MET3, STM32G471MET6, STM32G471MEY6TR, STM32G471QCT6, STM32G471QET3, STM32G471RCT6, STM32G471RET3, STM32G471RET6, STM32G471VCH6, STM32G471VCI6, STM32G471VCT6, STM32G471VEH3, STM32G471VEH6, STM32G471VEI3, STM32G471VEI6, STM32G471VET3, STM32G471VET6, STM32G473QET3Z, STM32G473RET3Z, STM32G474CCT6, STM32G491RET3Z, STM32H503CBT6, STM32H503CBU6, STM32H503EBY6TR, STM32H503KBU6, STM32H503RBT6, STM32H523CCT6, STM32H523CCU6, STM32H523CET6, STM32H523CEU6, STM32H523HEY6TR, STM32H523RCT6, STM32H523RET6, STM32H523VCI6, STM32H523VCT6, STM32H523VEI6, STM32H523VET6, STM32H523ZCJ6, STM32H523ZCT6, STM32H523ZEJ6, STM32H523ZET6, STM32H533CET6, STM32H533CEU6, STM32H533HEY6TR, STM32H533RET6, STM32H533VEI6, STM32H533VET6, STM32H533ZEJ6, STM32H533ZET6, STM32H562AGI6, STM32H562AII6, STM32H562IGK6, STM32H562IGT6, STM32H562IIK6, STM32H562IIT6, STM32H562RGT6, STM32H562RGV6, STM32H562RIT6, STM32H562RIV6, STM32H562VGT6, STM32H562VIT6, STM32H562ZGT6, STM32H562ZIT6, STM32H563AGI6, STM32H563AII3Q, STM32H563AII6, STM32H563IGK6, STM32H563IGT6, STM32H563IIK3Q, STM32H563IIK6, STM32H563IIT3Q, STM32H563IIT6, STM32H563MIY3QTR, STM32H563RGT6, STM32H563RGV6, STM32H563RIT6, STM32H563RIV6, STM32H563VGT6, STM32H563VIT3Q, STM32H563VIT6, STM32H563ZGT6, STM32H563ZIT3Q, STM32H563ZIT6, STM32H573AII3Q, STM32H573AII6, STM32H573I-DK, STM32H573IIK3Q, STM32H573IIK6, STM32H573IIT3Q, STM32H573IIT6, STM32H573MIY3QTR, STM32H573RIT6, STM32H573RIV6, STM32H573VIT3Q, STM32H573VIT6, STM32H573ZIT3Q, STM32H573ZIT6, STM32H7R3A8I6, STM32H7R3I8K6, STM32H7R3I8T6, STM32H7R3L8H6, STM32H7R3L8H6H, STM32H7R3R8V6, STM32H7R3V8H6, STM32H7R3V8T6, STM32H7R3V8Y6TR, STM32H7R3Z8J6, STM32H7R3Z8T6, STM32H7R7A8I6, STM32H7R7I8K6, STM32H7R7I8T6, STM32H7R7L8H6, STM32H7R7L8H6H, STM32H7R7Z8J6, STM32H7S3A8I6, STM32H7S3I8K6, STM32H7S3I8T6, STM32H7S3L8H6, STM32H7S3L8H6H, STM32H7S3R8V6, STM32H7S3V8H6, STM32H7S3V8T6, STM32H7S3V8Y6TR, STM32H7S3Z8J6, STM32H7S3Z8T6, STM32H7S78-DK, STM32H7S7A8I6, STM32H7S7I8K6, STM32H7S7I8T6, STM32H7S7L8H6, STM32H7S7L8H6H, STM32H7S7Z8J6, STM32L4R5QGI6STR, STM32MP131AAE3, STM32MP131AAF3, STM32MP131AAG3, STM32MP131CAE3, STM32MP131CAF3, STM32MP131CAG3, STM32MP131DAE7, STM32MP131DAF7, STM32MP131DAG7, STM32MP131FAE7, STM32MP131FAF7, STM32MP131FAG7, STM32MP133AAE3, STM32MP133AAF3, STM32MP133AAG3, STM32MP133CAE3, STM32MP133CAF3, STM32MP133CAG3, STM32MP133DAE7, STM32MP133DAF7, STM32MP133DAG7, STM32MP133FAE7, STM32MP133FAF7, STM32MP133FAG7, STM32MP135AAE3, STM32MP135AAF3, STM32MP135AAG3, STM32MP135CAE3, STM32MP135CAF3, STM32MP135CAG3, STM32MP135DAE7, STM32MP135DAF7, STM32MP135DAG7, STM32MP135F-DK, STM32MP135FAE7, STM32MP135FAF7, STM32MP135FAF7T, STM32MP135FAF7U, STM32MP135FAG7, STM32MP211AAL3, STM32MP211AAM3, STM32MP211AAN3, STM32MP211AAO3, STM32MP211CAL3, STM32MP211CAM3, STM32MP211CAN3, STM32MP211CAO3, STM32MP211DAL3, STM32MP211DAM3, STM32MP211DAN3, STM32MP211DAO3, STM32MP211FAL3, STM32MP211FAM3, STM32MP211FAN3, STM32MP211FAO3, STM32MP213AAL3, STM32MP213AAM3, STM32MP213AAN3, STM32MP213AAO3, STM32MP213CAL3, STM32MP213CAM3, STM32MP213CAN3, STM32MP213CAO3, STM32MP213DAL3, STM32MP213DAM3, STM32MP213DAN3, STM32MP213DAO3, STM32MP213FAL3, STM32MP213FAM3, STM32MP213FAN3, STM32MP213FAO3, STM32MP215AAL3, STM32MP215AAM3, STM32MP215AAN3, STM32MP215AAO3, STM32MP215CAL3, STM32MP215CAM3, STM32MP215CAN3, STM32MP215CAO3, STM32MP215DAL3, STM32MP215DAM3, STM32MP215DAN3, STM32MP215DAO3, STM32MP215F-DK, STM32MP215FAL3, STM32MP215FAM3, STM32MP215FAN3, STM32MP215FAO3, STM32MP231AAJ3, STM32MP231AAK3, STM32MP231AAL3, STM32MP231CAJ3, STM32MP231CAK3, STM32MP231CAL3, STM32MP231DAJ3, STM32MP231DAK3, STM32MP231DAL3, STM32MP231FAJ3, STM32MP231FAK3, STM32MP231FAL3, STM32MP233AAJ3, STM32MP233AAK3, STM32MP233AAL3, STM32MP233CAJ3, STM32MP233CAK3, STM32MP233CAL3, STM32MP233DAJ3, STM32MP233DAK3, STM32MP233DAL3, STM32MP233FAJ3, STM32MP233FAK3, STM32MP233FAL3, STM32MP235AAJ3, STM32MP235AAK3, STM32MP235AAL3, STM32MP235CAJ3, STM32MP235CAK3, STM32MP235CAL3, STM32MP235DAJ3, STM32MP235DAK3, STM32MP235DAL3, STM32MP235FAJ3, STM32MP235FAK3, STM32MP235FAL3, STM32MP251AAI3, STM32MP251AAK3, STM32MP251AAL3, STM32MP251CAI3, STM32MP251CAK3, STM32MP251CAL3, STM32MP251DAI3, STM32MP251DAK3, STM32MP251DAL3, STM32MP251FAI3, STM32MP251FAK3, STM32MP251FAL3, STM32MP253AAI3, STM32MP253AAK3, STM32MP253AAL3, STM32MP253CAI3, STM32MP253CAK3, STM32MP253CAL3, STM32MP253DAI3, STM32MP253DAK3, STM32MP253DAL3, STM32MP253FAI3, STM32MP253FAK3, STM32MP253FAL3, STM32MP255AAI3, STM32MP255AAK3, STM32MP255AAL3, STM32MP255CAI3, STM32MP255CAK3, STM32MP255CAL3, STM32MP255DAI3, STM32MP255DAK3, STM32MP255DAL3, STM32MP255FAI3, STM32MP255FAK3, STM32MP255FAL3, STM32MP257AAI3, STM32MP257AAK3, STM32MP257AAL3, STM32MP257CAI3, STM32MP257CAK3, STM32MP257CAL3, STM32MP257DAI3, STM32MP257DAK3, STM32MP257DAL3, STM32MP257F-DK, STM32MP257F-EV1, STM32MP257FAI3, STM32MP257FAK3, STM32MP257FAL3, STM32N645A0H3Q, STM32N645B0H3Q, STM32N645I0H3Q, STM32N645L0H3Q, STM32N645X0H3Q, STM32N645Z0H3Q, STM32N647A0H3Q, STM32N647B0H3Q, STM32N647I0H3Q, STM32N647L0H3Q, STM32N647X0H3Q, STM32N647Z0H3Q, STM32N655A0H3Q, STM32N655B0H3Q, STM32N655I0H3Q, STM32N655L0H3Q, STM32N655X0H3Q, STM32N655Z0H3Q, STM32N6570-DK, STM32N657A0H3Q, STM32N657B0H3Q, STM32N657I0H3Q, STM32N657L0H3Q, STM32N657X0H3Q, STM32N657Z0H3Q, STM32U031C6T6, STM32U031C6U6, STM32U031C8T6, STM32U031C8U6, STM32U031F4P6, STM32U031F6P6, STM32U031F8P6, STM32U031G6Y6TR, STM32U031G8Y6TR, STM32U031K4U6, STM32U031K6U6, STM32U031K8U6, STM32U031R6I6, STM32U031R6T6, STM32U031R8I6, STM32U031R8T6, STM32U073C8T6, STM32U073C8U6, STM32U073CBT6, STM32U073CBU6, STM32U073CCT6, STM32U073CCU6, STM32U073H8Y6TR, STM32U073HBY6TR, STM32U073HCY6TR, STM32U073K8U6, STM32U073KBU6, STM32U073KCU6, STM32U073M8I6, STM32U073M8T6, STM32U073MBI6, STM32U073MBT6, STM32U073MCI6, STM32U073MCT6, STM32U073R8I6, STM32U073R8T6, STM32U073RBI6, STM32U073RBT6, STM32U073RCI6, STM32U073RCT6, STM32U083C-DK, STM32U083CCT6, STM32U083CCU6, STM32U083HCY6TR, STM32U083KCU6, STM32U083MCI6, STM32U083MCT6, STM32U083RCI6, STM32U083RCT6, STM32U375CET6, STM32U375CET6Q, STM32U375CEU6, STM32U375CEU6Q, STM32U375CEY6QTR, STM32U375CGT6, STM32U375CGT6Q, STM32U375CGU6, STM32U375CGU6Q, STM32U375CGY6QTR, STM32U375KEU6, STM32U375KGU6, STM32U375REI6, STM32U375REI6Q, STM32U375RET6, STM32U375RET6Q, STM32U375REY6GTR, STM32U375REY6QTR, STM32U375RGI6, STM32U375RGI6Q, STM32U375RGT6, STM32U375RGT6Q, STM32U375RGY6GTR, STM32U375RGY6QTR, STM32U375VEI6, STM32U375VEI6Q, STM32U375VET6, STM32U375VET6Q, STM32U375VGI6, STM32U375VGI6Q, STM32U375VGT6, STM32U375VGT6Q, STM32U385CGT6, STM32U385CGT6Q, STM32U385CGU6, STM32U385CGU6Q, STM32U385CGY6QTR, STM32U385KGU6, STM32U385RGI6, STM32U385RGI6Q, STM32U385RGT6, STM32U385RGT6Q, STM32U385RGY6GTR, STM32U385RGY6QTR, STM32U385VGI6, STM32U385VGI6Q, STM32U385VGT6, STM32U385VGT6Q, STM32U535CBT6, STM32U535CBT6Q, STM32U535CBU6, STM32U535CBU6Q, STM32U535CCT6, STM32U535CCT6Q, STM32U535CCU6, STM32U535CCU6Q, STM32U535CET6, STM32U535CET6Q, STM32U535CEU6, STM32U535CEU6Q, STM32U535JEY6QTR, STM32U535NCY6QTR, STM32U535NEY6QTR, STM32U535RBI6, STM32U535RBI6Q, STM32U535RBT6, STM32U535RBT6Q, STM32U535RCI6, STM32U535RCI6Q, STM32U535RCT6, STM32U535RCT6Q, STM32U535REI6, STM32U535REI6Q, STM32U535RET6, STM32U535RET6Q, STM32U535VCI6, STM32U535VCI6Q, STM32U535VCT6, STM32U535VCT6Q, STM32U535VEI6, STM32U535VEI6Q, STM32U535VET6, STM32U535VET6Q, STM32U545CET6, STM32U545CET6Q, STM32U545CEU6, STM32U545CEU6Q, STM32U545JEY6QTR, STM32U545NEY6QTR, STM32U545REI6, STM32U545REI6Q, STM32U545RET6, STM32U545RET6Q, STM32U545VEI6, STM32U545VEI6Q, STM32U545VET6, STM32U545VET6Q, STM32U595AIH6, STM32U595AIH6Q, STM32U595AJH6, STM32U595AJH6Q, STM32U595QII6, STM32U595QII6Q, STM32U595QJI6, STM32U595QJI6Q, STM32U595RIT6, STM32U595RIT6Q, STM32U595RJT6, STM32U595RJT6Q, STM32U595VIT6, STM32U595VIT6Q, STM32U595VJT6, STM32U595VJT6Q, STM32U595ZIT6, STM32U595ZIT6Q, STM32U595ZIY6QTR, STM32U595ZJT6, STM32U595ZJT6Q, STM32U595ZJY6QTR, STM32U599BJY6QTR, STM32U599NIH6Q, STM32U599NJH6Q, STM32U599VIT6Q, STM32U599VJT6, STM32U599VJT6Q, STM32U599ZIT6Q, STM32U599ZIY6QTR, STM32U599ZJT6Q, STM32U599ZJY6QTR, STM32U5A5AJH6, STM32U5A5AJH6Q, STM32U5A5QII3Q , STM32U5A5QJI6, STM32U5A5QJI6Q, STM32U5A5RJT6, STM32U5A5RJT6Q, STM32U5A5VJT6, STM32U5A5VJT6Q, STM32U5A5ZJT6, STM32U5A5ZJT6Q, STM32U5A5ZJY6QTR, STM32U5A9BJY6QTR, STM32U5A9J-DK, STM32U5A9NJH6Q, STM32U5A9VJT6Q, STM32U5A9ZJT6Q, STM32U5A9ZJY6QTR, STM32U5F7VIT6, STM32U5F7VIT6Q, STM32U5F7VJT6, STM32U5F7VJT6Q, STM32U5F9BJY6QTR, STM32U5F9NJH6Q, STM32U5F9VIT6Q, STM32U5F9VJT6Q, STM32U5F9ZIJ6QTR, STM32U5F9ZIT6Q, STM32U5F9ZJJ6QTR, STM32U5F9ZJT6Q, STM32U5G7VJT6, STM32U5G7VJT6Q, STM32U5G9BJY6QTR, STM32U5G9J-DK1, STM32U5G9J-DK2, STM32U5G9NJH6Q, STM32U5G9VJT6Q, STM32U5G9ZJJ6QTR, STM32U5G9ZJT6Q, STM32WB05KZV6TR, STM32WB05KZV7TR, STM32WB05TZF6TR, STM32WB05TZF7TR, STM32WB06CCF6TR, STM32WB06CCF7TR, STM32WB06CCV6TR, STM32WB06CCV7TR, STM32WB06KCV6TR, STM32WB06KCV7TR, STM32WB07CCF6TR, STM32WB07CCF7TR, STM32WB07CCV6TR, STM32WB07CCV7TR, STM32WB07KCV6TR, STM32WB07KCV7TR, STM32WB09KEV6TR, STM32WB09KEV7TR, STM32WB09TEF6TR, STM32WB09TEF7TR, STM32WB1MMCH6, STM32WBA50KGU6, STM32WBA50KGU6TR, STM32WBA52CEU6, STM32WBA52CEU6TR, STM32WBA52CEU7, STM32WBA52CEU7TR, STM32WBA52CGU6, STM32WBA52CGU6TR, STM32WBA52CGU6U, STM32WBA52CGU7, STM32WBA52CGU7TR, STM32WBA52KEU6, STM32WBA52KEU6TR, STM32WBA52KGU6, STM32WBA52KGU6TR, STM32WBA54CEU6, STM32WBA54CEU6TR, STM32WBA54CEU7, STM32WBA54CEU7TR, STM32WBA54CGU6, STM32WBA54CGU6TR, STM32WBA54CGU7, STM32WBA54CGU7TR, STM32WBA54KEU6, STM32WBA54KEU6TR, STM32WBA54KEU7, STM32WBA54KEU7TR, STM32WBA54KGU6, STM32WBA54KGU6TR, STM32WBA54KGU7, STM32WBA54KGU7TR, STM32WBA55CEU6, STM32WBA55CEU6TR, STM32WBA55CEU7, STM32WBA55CEU7TR, STM32WBA55CGU6, STM32WBA55CGU6TR, STM32WBA55CGU6U, STM32WBA55CGU7, STM32WBA55CGU7TR, STM32WBA55G-DK1, STM32WBA55HEF6, STM32WBA55HEF7, STM32WBA55HGF6, STM32WBA55HGF7, STM32WBA55UEI6, STM32WBA55UEI6TR, STM32WBA55UEI7, STM32WBA55UEI7TR, STM32WBA55UGI6, STM32WBA55UGI6TR, STM32WBA55UGI7, STM32WBA55UGI7TR, STM32WBA5MMGH6TR, STM32WBA62MGF6, STM32WBA62MIF6, STM32WBA65MGF7, STM32WBA65MIF6, STM32WBA65MIF7, STM32WL30K8V6, STM32WL30KBV6, STM32WL31C8V6, STM32WL31CBV6, STM32WL31K8V6, STM32WL31KBV6, STM32WL33C8V6, STM32WL33C8V6X, STM32WL33CBV6, STM32WL33CBV6X, STM32WL33CCV6, STM32WL33CCV6A, STM32WL33CCV6X, STM32WL33K8V7, STM32WL33K8V7X, STM32WL33KBV7 , STM32WL33KBV7X, STM32WL33KCV7, STM32WL33KCV7X, STM32WL5MOCH6, STM32WL5MOCH6TR]
2026-05-05 10:16:11,736 [INFO] DbMcus:218 - Found 5055 MCUs, 4968 are supported
2026-05-05 10:16:11,737 [INFO] ApiDb:423 - Load user favorites file C:\Users\Asmita Milind Bagad/.stm32cubeide/favorites.mcus.txt: 0 item(s)
2026-05-05 10:16:11,738 [INFO] ApiDb:427 - User favorites MCUs=[]
2026-05-05 10:16:11,738 [INFO] DbMcus:224 - Set 0 / 0 favorites MCUs
2026-05-05 10:16:12,544 [INFO] BoardInfo:889 - No configuration file found for board NUCLEO-H5E5ZJ
2026-05-05 10:16:12,544 [INFO] DbBoards:161 - Board is not supported: NUCLEO-H5E5ZJ
2026-05-05 10:16:12,601 [INFO] BoardInfo:889 - No configuration file found for board NUCLEO-U3C5ZI-Q
2026-05-05 10:16:12,603 [INFO] DbBoards:161 - Board is not supported: NUCLEO-U3C5ZI-Q
2026-05-05 10:16:12,621 [INFO] BoardInfo:889 - No configuration file found for board NUCLEO-WBA25CE1
2026-05-05 10:16:12,621 [INFO] DbBoards:161 - Board is not supported: NUCLEO-WBA25CE1
2026-05-05 10:16:12,629 [INFO] BoardInfo:889 - No configuration file found for board NUCLEO-WL3RKB1
2026-05-05 10:16:12,629 [INFO] DbBoards:161 - Board is not supported: NUCLEO-WL3RKB1
2026-05-05 10:16:12,629 [INFO] BoardInfo:889 - No configuration file found for board NUCLEO-WL3RKB2
2026-05-05 10:16:12,629 [INFO] DbBoards:161 - Board is not supported: NUCLEO-WL3RKB2
2026-05-05 10:16:12,645 [INFO] BoardInfo:889 - No configuration file found for board P-NUCLEO-WB55
2026-05-05 10:16:12,645 [INFO] DbBoards:161 - Kit is not supported: P-NUCLEO-WB55
2026-05-05 10:16:12,653 [INFO] BoardInfo:889 - No configuration file found for board STEVAL-BFA001V1B
2026-05-05 10:16:12,653 [INFO] DbBoards:161 - Kit is not supported: STEVAL-BFA001V1B
2026-05-05 10:16:12,655 [INFO] BoardInfo:889 - No configuration file found for board STEVAL-BFA001V2B
2026-05-05 10:16:12,655 [INFO] DbBoards:161 - Kit is not supported: STEVAL-BFA001V2B
2026-05-05 10:16:12,765 [INFO] BoardInfo:889 - No configuration file found for board STM32H5F5J-DK
2026-05-05 10:16:12,765 [INFO] DbBoards:161 - Board is not supported: STM32H5F5J-DK
2026-05-05 10:16:12,847 [INFO] DbBoards:168 - Found 218 boards, 209 are supported
2026-05-05 10:16:12,847 [INFO] DbBoards:169 - Found 218 boards, 43 of them is supported for  Bsp
2026-05-05 10:16:12,870 [INFO] ApiDb:423 - Load user favorites file C:\Users\Asmita Milind Bagad/.stm32cubeide/favorites.boards.txt: 1 item(s)
2026-05-05 10:16:12,870 [INFO] ApiDb:427 - User favorites Boards=[NUCLEO-C071RB]
2026-05-05 10:16:12,870 [INFO] DbBoards:198 - Set 1 / 1 favorites Boards
2026-05-05 10:16:12,979 [INFO] UtilMem:75 - End LoadConfig() Used Memory: 871652224 Bytes (1073741824)
2026-05-05 10:16:13,274 [WARN] ThirdParty:833 - waiting for thirdparty lock release [change project]
2026-05-05 10:16:13,274 [INFO] ThirdParty:835 - entering critical section [change project]
2026-05-05 10:16:13,274 [INFO] ThirdParty:1030 - CMSIS Pack Vendor :STMicroelectronics X-CUBE-AZRTOS-H7 3.5.0
2026-05-05 10:16:13,274 [INFO] ThirdParty:1030 - CMSIS Pack Vendor :STMicroelectronics X-CUBE-PM33A1 1.0.0
2026-05-05 10:16:13,274 [INFO] ThirdParty:1030 - CMSIS Pack Vendor :STMicroelectronics USBPD 4.1
2026-05-05 10:16:13,274 [INFO] ThirdParty:1030 - CMSIS Pack Vendor :STMicroelectronics X-CUBE-NFC9 1.0.0
2026-05-05 10:16:13,274 [INFO] ThirdParty:1030 - CMSIS Pack Vendor :STMicroelectronics USB_HOST 2.0.0
2026-05-05 10:16:13,274 [INFO] ThirdParty:1030 - CMSIS Pack Vendor :STMicroelectronics FP-SNS-MOTENVWB1 1.4.0
2026-05-05 10:16:13,283 [INFO] ThirdParty:1030 - CMSIS Pack Vendor :STMicroelectronics X-CUBE-AZRTOS-F4 1.1.0
2026-05-05 10:16:13,283 [INFO] ThirdParty:1030 - CMSIS Pack Vendor :STMicroelectronics LIBJPEG 8.0.0
2026-05-05 10:16:13,283 [INFO] ThirdParty:1030 - CMSIS Pack Vendor :STMicroelectronics FP-ATR-ASTRA1 2.0.2
2026-05-05 10:16:13,283 [INFO] ThirdParty:1030 - CMSIS Pack Vendor :wolfSSL I-CUBE-wolfSSL 5.8.2
2026-05-05 10:16:13,283 [INFO] ThirdParty:1030 - CMSIS Pack Vendor :STMicroelectronics X-CUBE-BLE1 7.1.0
2026-05-05 10:16:13,283 [INFO] ThirdParty:1030 - CMSIS Pack Vendor :STMicroelectronics X-CUBE-SMBUS 2.1.0
2026-05-05 10:16:13,283 [INFO] ThirdParty:1030 - CMSIS Pack Vendor :wolfSSL I-CUBE-wolfMQTT 1.19.2
2026-05-05 10:16:13,283 [INFO] ThirdParty:1030 - CMSIS Pack Vendor :STMicroelectronics USB_DEVICE 3.0.0
2026-05-05 10:16:13,283 [INFO] ThirdParty:1030 - CMSIS Pack Vendor :STMicroelectronics X-CUBE-ISPU 2.1.0
2026-05-05 10:16:13,283 [INFO] ThirdParty:1030 - CMSIS Pack Vendor :STMicroelectronics X-CUBE-FREERTOS 1.4.0
2026-05-05 10:16:13,283 [INFO] ThirdParty:1030 - CMSIS Pack Vendor :STMicroelectronics eDS-WB_DPC_TT-BIDIR 2.1.1
2026-05-05 10:16:13,283 [INFO] ThirdParty:1030 - CMSIS Pack Vendor :STMicroelectronics X-CUBE-AZRTOS-WB 2.0.0
2026-05-05 10:16:13,283 [INFO] ThirdParty:1030 - CMSIS Pack Vendor :STMicroelectronics X-CUBE-AZRTOS-F7 1.1.0
2026-05-05 10:16:13,283 [INFO] ThirdParty:1030 - CMSIS Pack Vendor :STMicroelectronics X-CUBE-AZRTOS-L5 2.0.0
2026-05-05 10:16:13,283 [INFO] ThirdParty:1030 - CMSIS Pack Vendor :STMicroelectronics USB_DEVICE 2.0.0
2026-05-05 10:16:13,283 [INFO] ThirdParty:1030 - CMSIS Pack Vendor :STMicroelectronics X-CUBE-NFC6 3.1.0
2026-05-05 10:16:13,283 [INFO] ThirdParty:1030 - CMSIS Pack Vendor :Cesanta I-CUBE-Mongoose 7.19.0
2026-05-05 10:16:13,283 [INFO] ThirdParty:1030 - CMSIS Pack Vendor :STMicroelectronics FP-SNS-STAIOTCFT 1.1.0
2026-05-05 10:16:13,283 [INFO] ThirdParty:1030 - CMSIS Pack Vendor :quantropi X-CUBE-qispace-sdk-base 2.1.0
2026-05-05 10:16:13,283 [INFO] ThirdParty:1030 - CMSIS Pack Vendor :STMicroelectronics X-CUBE-MEMS1 12.0.0
2026-05-05 10:16:13,284 [INFO] ThirdParty:1030 - CMSIS Pack Vendor :STMicroelectronics X-CUBE-STSE01 2.0.0
2026-05-05 10:16:13,284 [INFO] ThirdParty:1030 - CMSIS Pack Vendor :STMicroelectronics FreeRTOS 0.0.1
2026-05-05 10:16:13,284 [INFO] ThirdParty:1030 - CMSIS Pack Vendor :STMicroelectronics X-CUBE-AZRTOS-G0 1.1.0
2026-05-05 10:16:13,284 [INFO] ThirdParty:1030 - CMSIS Pack Vendor :STMicroelectronics X-CUBE-SAFEA1 1.2.2
2026-05-05 10:16:13,284 [INFO] ThirdParty:1030 - CMSIS Pack Vendor :STMicroelectronics X-CUBE-NFC4 3.0.0
2026-05-05 10:16:13,284 [INFO] ThirdParty:1030 - CMSIS Pack Vendor :STMicroelectronics X-CUBE-SUBG2 5.0.0
2026-05-05 10:16:13,284 [INFO] ThirdParty:1030 - CMSIS Pack Vendor :STMicroelectronics X-CUBE-AZRTOS-H7RS 1.1.0
2026-05-05 10:16:13,284 [INFO] ThirdParty:1030 - CMSIS Pack Vendor :STMicroelectronics STM32_WPAN 1.0.0
2026-05-05 10:16:13,284 [INFO] ThirdParty:1030 - CMSIS Pack Vendor :STMicroelectronics eDS-WB_DPC_VIENNA 1.2.0
2026-05-05 10:16:13,284 [INFO] ThirdParty:1030 - CMSIS Pack Vendor :EmbeddedOffice I-CUBE-FS-RTOS 1.0.1
2026-05-05 10:16:13,284 [INFO] ThirdParty:1030 - CMSIS Pack Vendor :STMicroelectronics lwIP 2.0.3
2026-05-05 10:16:13,284 [INFO] ThirdParty:1030 - CMSIS Pack Vendor :WES I-CUBE-Cesium 1.4.0
2026-05-05 10:16:13,284 [INFO] ThirdParty:1030 - CMSIS Pack Vendor :STMicroelectronics eDS-WB_DPC_3PH2L-BIDIR 1.1.1
2026-05-05 10:16:13,284 [INFO] ThirdParty:1030 - CMSIS Pack Vendor :STMicroelectronics USB_HOST 1.0.0
2026-05-05 10:16:13,284 [INFO] ThirdParty:1030 - CMSIS Pack Vendor :Infineon AIROC-Wi-Fi-Bluetooth-STM32 1.7.1
2026-05-05 10:16:13,284 [INFO] ThirdParty:1030 - CMSIS Pack Vendor :STMicroelectronics X-CUBE-AZRTOS-G4 2.0.0
2026-05-05 10:16:13,284 [INFO] ThirdParty:1030 - CMSIS Pack Vendor :STMicroelectronics X-CUBE-WB05N 2.0.0
2026-05-05 10:16:13,284 [INFO] ThirdParty:1030 - CMSIS Pack Vendor :STMicroelectronics PDM2PCM 3.1.0
2026-05-05 10:16:13,284 [INFO] ThirdParty:1030 - CMSIS Pack Vendor :STMicroelectronics PDM2PCM 3.3.0
2026-05-05 10:16:13,284 [INFO] ThirdParty:1030 - CMSIS Pack Vendor :wolfSSL I-CUBE-wolfTPM 3.8.0
2026-05-05 10:16:13,284 [INFO] ThirdParty:1030 - CMSIS Pack Vendor :STMicroelectronics X-CUBE-AZRTOS-H7 3.4.0
2026-05-05 10:16:13,284 [INFO] ThirdParty:1030 - CMSIS Pack Vendor :STMicroelectronics X-CUBE-DISPLAY 3.0.0
2026-05-05 10:16:13,284 [INFO] ThirdParty:1030 - CMSIS Pack Vendor :wolfSSL I-CUBE-wolfSSH 1.4.20
2026-05-05 10:16:13,284 [INFO] ThirdParty:1030 - CMSIS Pack Vendor :STMicroelectronics X-CUBE-NFC7 2.0.0
2026-05-05 10:16:13,284 [INFO] ThirdParty:1030 - CMSIS Pack Vendor :STMicroelectronics X-CUBE-GNSS1 7.1.1
2026-05-05 10:16:13,284 [INFO] ThirdParty:1030 - CMSIS Pack Vendor :STMicroelectronics FP-SNS-MOTENVWB1 1.5.0
2026-05-05 10:16:13,284 [INFO] ThirdParty:1030 - CMSIS Pack Vendor :STMicroelectronics X-CUBE-TCPP 4.2.0
2026-05-05 10:16:13,284 [INFO] ThirdParty:1030 - CMSIS Pack Vendor :RealThread X-CUBE-RT-Thread_Nano 4.1.1
2026-05-05 10:16:13,284 [INFO] ThirdParty:1030 - CMSIS Pack Vendor :STMicroelectronics FP-ATR-SIGFOX1 3.2.0
2026-05-05 10:16:13,286 [INFO] ThirdParty:1030 - CMSIS Pack Vendor :STMicroelectronics X-CUBE-NFC10 1.0.0
2026-05-05 10:16:13,286 [INFO] ThirdParty:1030 - CMSIS Pack Vendor :STMicroelectronics X-CUBE-FREERTOS 1.3.1
2026-05-05 10:16:13,286 [INFO] ThirdParty:1030 - CMSIS Pack Vendor :STMicroelectronics HAL Drivers 0.0.0
2026-05-05 10:16:13,286 [INFO] ThirdParty:1030 - CMSIS Pack Vendor :STMicroelectronics X-CUBE-FREERTOS 1.5.0
2026-05-05 10:16:13,286 [INFO] ThirdParty:1030 - CMSIS Pack Vendor :STMicroelectronics MBEDTLS 2.16.2
2026-05-05 10:16:13,286 [INFO] ThirdParty:1030 - CMSIS Pack Vendor :STMicroelectronics X-CUBE-ALS 1.0.2
2026-05-05 10:16:13,286 [INFO] ThirdParty:1030 - CMSIS Pack Vendor :emotas I-CUBE-CANOPEN 1.3.0
2026-05-05 10:16:13,286 [INFO] ThirdParty:1030 - CMSIS Pack Vendor :STMicroelectronics MBEDTLS 2.14.1
2026-05-05 10:16:13,286 [INFO] ThirdParty:1030 - CMSIS Pack Vendor :STMicroelectronics X-CUBE-GNSS1 7.1.0
2026-05-05 10:16:13,286 [INFO] ThirdParty:1030 - CMSIS Pack Vendor :ITTIA_DB I-CUBE-ITTIADB 8.9.0
2026-05-05 10:16:13,286 [INFO] ThirdParty:1030 - CMSIS Pack Vendor :STMicroelectronics X-CUBE-TOUCHGFX 4.26.0
2026-05-05 10:16:13,286 [INFO] ThirdParty:1030 - CMSIS Pack Vendor :STMicroelectronics X-CUBE-STSE01 1.0.0
2026-05-05 10:16:13,286 [INFO] ThirdParty:1030 - CMSIS Pack Vendor :STMicroelectronics X-CUBE-TOUCHGFX 4.26.1
2026-05-05 10:16:13,286 [INFO] ThirdParty:1030 - CMSIS Pack Vendor :STMicroelectronics X-CUBE-NFC6 3.2.0
2026-05-05 10:16:13,286 [INFO] ThirdParty:1030 - CMSIS Pack Vendor :STMicroelectronics FP-SNS-STAIOTCFT 1.0.0
2026-05-05 10:16:13,286 [INFO] ThirdParty:1030 - CMSIS Pack Vendor :STMicroelectronics ThreadX 1.0.0
2026-05-05 10:16:13,286 [INFO] ThirdParty:1030 - CMSIS Pack Vendor :STMicroelectronics FP-SNS-SMARTAG2 1.2.0
2026-05-05 10:16:13,286 [INFO] ThirdParty:1030 - CMSIS Pack Vendor :STMicroelectronics X-CUBE-MEMS1 12.1.0
2026-05-05 10:16:13,286 [INFO] ThirdParty:1030 - CMSIS Pack Vendor :STMicroelectronics FP-SNS-FLIGHT1 5.1.0
2026-05-05 10:16:13,286 [INFO] ThirdParty:1030 - CMSIS Pack Vendor :STMicroelectronics X-CUBE-AZRTOS-WL 2.0.0
2026-05-05 10:16:13,286 [INFO] ThirdParty:1030 - CMSIS Pack Vendor :SEGGER I-CUBE-embOS 1.3.1
2026-05-05 10:16:13,286 [INFO] ThirdParty:1030 - CMSIS Pack Vendor :STMicroelectronics X-CUBE-ALGOBUILD 1.4.0
2026-05-05 10:16:13,286 [INFO] ThirdParty:1030 - CMSIS Pack Vendor :STMicroelectronics X-CUBE-DPower 1.3.0
2026-05-05 10:16:13,286 [INFO] ThirdParty:1030 - CMSIS Pack Vendor :STMicroelectronics X-CUBE-MEMS1 11.3.0
2026-05-05 10:16:13,286 [INFO] ThirdParty:1030 - CMSIS Pack Vendor :STMicroelectronics USB_DEVICE 1.0.0
2026-05-05 10:16:13,286 [INFO] ThirdParty:1030 - CMSIS Pack Vendor :STMicroelectronics X-CUBE-AZRTOS-H7RS 1.2.0
2026-05-05 10:16:13,286 [INFO] ThirdParty:1030 - CMSIS Pack Vendor :STMicroelectronics X-CUBE-AZRTOS-L4 2.0.0
2026-05-05 10:16:13,286 [INFO] ThirdParty:1030 - CMSIS Pack Vendor :STMicroelectronics ThreadX 0.0.2
2026-05-05 10:16:13,286 [INFO] ThirdParty:1030 - CMSIS Pack Vendor :STMicroelectronics lwIP 2.1.2
2026-05-05 10:16:13,286 [INFO] ThirdParty:1030 - CMSIS Pack Vendor :STMicroelectronics X-CUBE-SFXS2LP1 4.0.0
2026-05-05 10:16:13,286 [INFO] ThirdParty:1030 - CMSIS Pack Vendor :STMicroelectronics X-CUBE-BLE2 3.3.0
2026-05-05 10:16:13,286 [INFO] ThirdParty:1030 - CMSIS Pack Vendor :Avnet-IOTCONNECT X-CUBE-iotc-st67-sdk 1.0.0
2026-05-05 10:16:13,286 [INFO] ThirdParty:1030 - CMSIS Pack Vendor :STMicroelectronics X-CUBE-TOF1 3.4.3
2026-05-05 10:16:13,286 [INFO] ThirdParty:1030 - CMSIS Pack Vendor :STMicroelectronics PDM2PCM 3.2.0
2026-05-05 10:16:13,286 [INFO] ThirdParty:1030 - CMSIS Pack Vendor :STMicroelectronics X-CUBE-WB05N 2.1.0
2026-05-05 10:16:13,286 [INFO] ThirdParty:1030 - CMSIS Pack Vendor :STMicroelectronics X-CUBE-ST67W61 1.2.0
2026-05-05 10:16:13,286 [INFO] ThirdParty:841 - exiting critical section [change project]
2026-05-05 10:16:13,859 [INFO] PinOutPanel:1589 - setPackage(No Configuration,No Configuration)
2026-05-05 10:16:13,863 [INFO] PinOutPanel:1589 - setPackage(STM32C071RBTx,LQFP64_GP)
2026-05-05 10:16:14,487 [INFO] UtilMem:75 - Before build in PCC Used Memory: 680263624 Bytes (1073741824)
2026-05-05 10:16:16,110 [INFO] UtilMem:75 - After build in PCC Used Memory: 858625032 Bytes (1073741824)
2026-05-05 10:16:16,160 [INFO] IPUIPlugin:80 - create IPUIPlugin
2026-05-05 10:16:16,160 [INFO] IPUIPlugin:80 - create IPUIPlugin
2026-05-05 10:16:16,161 [INFO] IPUIPlugin:80 - create IPUIPlugin
2026-05-05 10:16:16,161 [INFO] IPUIPlugin:80 - create IPUIPlugin
2026-05-05 10:16:16,161 [INFO] IPUIPlugin:80 - create IPUIPlugin
2026-05-05 10:16:16,162 [INFO] IPUIPlugin:80 - create IPUIPlugin
2026-05-05 10:16:16,162 [INFO] IPUIPlugin:80 - create IPUIPlugin
2026-05-05 10:16:16,162 [INFO] IPUIPlugin:80 - create IPUIPlugin
2026-05-05 10:16:16,162 [INFO] IPUIPlugin:80 - create IPUIPlugin
2026-05-05 10:16:16,163 [INFO] IPUIPlugin:80 - create IPUIPlugin
2026-05-05 10:16:16,163 [INFO] IPUIPlugin:80 - create IPUIPlugin
2026-05-05 10:16:16,163 [INFO] IPUIPlugin:80 - create IPUIPlugin
2026-05-05 10:16:16,163 [INFO] IPUIPlugin:80 - create IPUIPlugin
2026-05-05 10:16:16,163 [INFO] IPUIPlugin:80 - create IPUIPlugin
2026-05-05 10:16:16,165 [INFO] IPUIPlugin:80 - create IPUIPlugin
2026-05-05 10:16:16,165 [INFO] IPUIPlugin:80 - create IPUIPlugin
2026-05-05 10:16:16,165 [INFO] IPUIPlugin:80 - create IPUIPlugin
2026-05-05 10:16:16,165 [INFO] IPUIPlugin:80 - create IPUIPlugin
2026-05-05 10:16:16,166 [INFO] IPUIPlugin:80 - create IPUIPlugin
2026-05-05 10:16:16,166 [INFO] IPUIPlugin:80 - create IPUIPlugin
2026-05-05 10:16:16,167 [INFO] IPUIPlugin:80 - create IPUIPlugin
2026-05-05 10:16:16,167 [INFO] IPUIPlugin:80 - create IPUIPlugin
2026-05-05 10:16:16,167 [INFO] IPUIPlugin:80 - create IPUIPlugin
2026-05-05 10:16:16,167 [INFO] IPUIPlugin:80 - create IPUIPlugin
2026-05-05 10:16:16,168 [INFO] IPUIPlugin:80 - create IPUIPlugin
2026-05-05 10:16:16,168 [INFO] IPUIPlugin:80 - create IPUIPlugin
2026-05-05 10:16:16,168 [INFO] IPUIPlugin:80 - create IPUIPlugin
2026-05-05 10:16:16,169 [INFO] IPUIPlugin:80 - create IPUIPlugin
2026-05-05 10:16:16,169 [INFO] IPUIPlugin:80 - create IPUIPlugin
2026-05-05 10:16:16,169 [INFO] IPUIPlugin:80 - create IPUIPlugin
2026-05-05 10:16:16,170 [INFO] IPUIPlugin:80 - create IPUIPlugin
2026-05-05 10:16:16,170 [INFO] IPUIPlugin:80 - create IPUIPlugin
2026-05-05 10:16:16,170 [INFO] IPUIPlugin:80 - create IPUIPlugin
2026-05-05 10:16:16,170 [INFO] IPUIPlugin:80 - create IPUIPlugin
2026-05-05 10:16:16,171 [INFO] IPUIPlugin:80 - create IPUIPlugin
2026-05-05 10:16:16,171 [INFO] IPUIPlugin:80 - create IPUIPlugin
2026-05-05 10:16:16,572 [INFO] CADModel:165 - CPN selected for project levelSTM32C071RBT6
2026-05-05 10:16:16,572 [INFO] CADModel:114 - Register for checkConnection events
2026-05-05 10:16:16,675 [INFO] OpenFileManager:386 - Restore cursor
2026-05-05 10:18:27,616 [INFO] UtilMem:75 - End SaveConfig() Used Memory: 923166520 Bytes (1073741824)
2026-05-05 10:18:27,854 [INFO] UtilMem:75 - End SaveConfig() Used Memory: 952512960 Bytes (1073741824)
2026-05-05 10:18:28,274 [ERROR] IocParser:95 - Exception caught: Cannot invoke "java.lang.CharSequence.length()" because "this.text" is null
2026-05-05 10:18:29,598 [INFO] UtilMem:75 - End SaveConfig() Used Memory: 625987832 Bytes (1073741824)
2026-05-05 10:18:30,409 [INFO] BlockDiagram:2775 - set Specific Code input for plugin: NVIC
2026-05-05 10:18:30,409 [INFO] BlockDiagram:2775 - set Specific Code input for plugin: USART
2026-05-05 10:18:30,409 [INFO] BlockDiagram:2775 - set Specific Code input for plugin: NUCLEO-C071RB
2026-05-05 10:18:30,410 [INFO] BlockDiagram:2775 - set Specific Code input for plugin: SYS
2026-05-05 10:18:30,410 [INFO] BlockDiagram:2775 - set Specific Code input for plugin: GPIO
2026-05-05 10:18:30,410 [INFO] BlockDiagram:2775 - set Specific Code input for plugin: RCC
2026-05-05 10:18:30,412 [INFO] CodeGenerator:892 - code generatio: config db path: D:\STM32CubeIDE_1.19.0\STM32CubeIDE\plugins\com.st.stm32cube.common.mx_6.15.0.202507011659\\db\
2026-05-05 10:18:30,564 [INFO] CodeEngine:265 - oldGeneratedFile, D:\Strataroh_Git\25_SV09_Internship_Projects_FW\Asmita_04052026\UART\MXTmpFiles\license.tmp_save
2026-05-05 10:18:31,285 [INFO] CodeEngine:289 - Generated code: D:\Strataroh_Git\25_SV09_Internship_Projects_FW\Asmita_04052026\UART\MXTmpFiles\license.tmp
2026-05-05 10:18:31,545 [INFO] CodeEngine:265 - oldGeneratedFile, D:\Strataroh_Git\25_SV09_Internship_Projects_FW\Asmita_04052026\UART\MXTmpFiles\gpio.tmp_save
2026-05-05 10:18:31,847 [INFO] CodeEngine:289 - Generated code: D:\Strataroh_Git\25_SV09_Internship_Projects_FW\Asmita_04052026\UART\MXTmpFiles\gpio.tmp
2026-05-05 10:18:32,296 [INFO] CodeEngine:265 - oldGeneratedFile, D:\Strataroh_Git\25_SV09_Internship_Projects_FW\Asmita_04052026\UART\MXTmpFiles\cortex.tmp_save
2026-05-05 10:18:32,578 [INFO] CodeEngine:289 - Generated code: D:\Strataroh_Git\25_SV09_Internship_Projects_FW\Asmita_04052026\UART\MXTmpFiles\cortex.tmp
2026-05-05 10:18:32,637 [INFO] CodeEngine:265 - oldGeneratedFile, D:\Strataroh_Git\25_SV09_Internship_Projects_FW\Asmita_04052026\UART\Core\Inc\stm32c0xx_nucleo_conf.h_save
2026-05-05 10:18:32,885 [INFO] CodeEngine:289 - Generated code: D:\Strataroh_Git\25_SV09_Internship_Projects_FW\Asmita_04052026\UART\Core\Inc\stm32c0xx_nucleo_conf.h
2026-05-05 10:18:32,895 [INFO] CodeEngine:265 - oldGeneratedFile, D:\Strataroh_Git\25_SV09_Internship_Projects_FW\Asmita_04052026\UART\MXTmpFiles\bsp_inc.tmp_save
2026-05-05 10:18:33,026 [INFO] CodeEngine:289 - Generated code: D:\Strataroh_Git\25_SV09_Internship_Projects_FW\Asmita_04052026\UART\MXTmpFiles\bsp_inc.tmp
2026-05-05 10:18:33,055 [INFO] CodeEngine:265 - oldGeneratedFile, D:\Strataroh_Git\25_SV09_Internship_Projects_FW\Asmita_04052026\UART\MXTmpFiles\bsp_common_vars.tmp_save
2026-05-05 10:18:33,180 [INFO] CodeEngine:289 - Generated code: D:\Strataroh_Git\25_SV09_Internship_Projects_FW\Asmita_04052026\UART\MXTmpFiles\bsp_common_vars.tmp
2026-05-05 10:18:33,199 [INFO] CodeEngine:265 - oldGeneratedFile, D:\Strataroh_Git\25_SV09_Internship_Projects_FW\Asmita_04052026\UART\MXTmpFiles\bsp_common_init.tmp_save
2026-05-05 10:18:33,326 [INFO] CodeEngine:289 - Generated code: D:\Strataroh_Git\25_SV09_Internship_Projects_FW\Asmita_04052026\UART\MXTmpFiles\bsp_common_init.tmp
2026-05-05 10:18:33,346 [INFO] CodeEngine:265 - oldGeneratedFile, D:\Strataroh_Git\25_SV09_Internship_Projects_FW\Asmita_04052026\UART\MXTmpFiles\bsp_common_demo_before_while.tmp_save
2026-05-05 10:18:33,459 [INFO] CodeEngine:289 - Generated code: D:\Strataroh_Git\25_SV09_Internship_Projects_FW\Asmita_04052026\UART\MXTmpFiles\bsp_common_demo_before_while.tmp
2026-05-05 10:18:33,475 [INFO] CodeEngine:265 - oldGeneratedFile, D:\Strataroh_Git\25_SV09_Internship_Projects_FW\Asmita_04052026\UART\MXTmpFiles\bsp_common_demo_inside_while.tmp_save
2026-05-05 10:18:33,590 [INFO] CodeEngine:289 - Generated code: D:\Strataroh_Git\25_SV09_Internship_Projects_FW\Asmita_04052026\UART\MXTmpFiles\bsp_common_demo_inside_while.tmp
2026-05-05 10:18:33,597 [INFO] CodeEngine:265 - oldGeneratedFile, D:\Strataroh_Git\25_SV09_Internship_Projects_FW\Asmita_04052026\UART\MXTmpFiles\bsp_common_demo_fct.tmp_save
2026-05-05 10:18:33,713 [INFO] CodeEngine:289 - Generated code: D:\Strataroh_Git\25_SV09_Internship_Projects_FW\Asmita_04052026\UART\MXTmpFiles\bsp_common_demo_fct.tmp
2026-05-05 10:18:33,734 [INFO] CodeEngine:265 - oldGeneratedFile, D:\Strataroh_Git\25_SV09_Internship_Projects_FW\Asmita_04052026\UART\Core\Src\stm32c0xx_it.c_save
2026-05-05 10:18:34,034 [INFO] CodeEngine:289 - Generated code: D:\Strataroh_Git\25_SV09_Internship_Projects_FW\Asmita_04052026\UART\Core\Src\stm32c0xx_it.c
2026-05-05 10:18:34,045 [INFO] CodeEngine:265 - oldGeneratedFile, D:\Strataroh_Git\25_SV09_Internship_Projects_FW\Asmita_04052026\UART\Core\Inc\stm32c0xx_it.h_save
2026-05-05 10:18:34,206 [INFO] CodeEngine:289 - Generated code: D:\Strataroh_Git\25_SV09_Internship_Projects_FW\Asmita_04052026\UART\Core\Inc\stm32c0xx_it.h
2026-05-05 10:18:34,350 [INFO] CodeEngine:265 - oldGeneratedFile, D:\Strataroh_Git\25_SV09_Internship_Projects_FW\Asmita_04052026\UART\Core\Src\stm32c0xx_hal_msp.c_save
2026-05-05 10:18:34,763 [INFO] CodeEngine:289 - Generated code: D:\Strataroh_Git\25_SV09_Internship_Projects_FW\Asmita_04052026\UART\Core\Src\stm32c0xx_hal_msp.c
2026-05-05 10:18:34,780 [INFO] CodeEngine:265 - oldGeneratedFile, D:\Strataroh_Git\25_SV09_Internship_Projects_FW\Asmita_04052026\UART\MXTmpFiles\system.tmp_save
2026-05-05 10:18:34,901 [INFO] CodeEngine:289 - Generated code: D:\Strataroh_Git\25_SV09_Internship_Projects_FW\Asmita_04052026\UART\MXTmpFiles\system.tmp
2026-05-05 10:18:34,942 [INFO] CodeEngine:321 - oldGeneratedFile, D:\Strataroh_Git\25_SV09_Internship_Projects_FW\Asmita_04052026\UART\Core\Inc\stm32c0xx_hal_conf.h_save
2026-05-05 10:18:35,195 [INFO] CodeEngine:345 - Generated code: D:\Strataroh_Git\25_SV09_Internship_Projects_FW\Asmita_04052026\UART\Core\Inc\stm32c0xx_hal_conf.h
2026-05-05 10:18:35,234 [WARN] IPConfigManager:3238 - Warning: the RefConfig RCC_PClockConfig is not available in your config.xml file
2026-05-05 10:18:35,236 [WARN] IPConfigManager:3238 - Warning: the RefConfig RCC_interrupt_Time_SYSTICK_Config is not available in your config.xml file
2026-05-05 10:18:35,267 [INFO] ApiDbMcu:532 - Load IP Config File for USART1
2026-05-05 10:18:35,272 [INFO] ApiDbMcu:532 - Load IP Config File for RCC
2026-05-05 10:18:35,289 [INFO] CodeEngine:265 - oldGeneratedFile, D:\Strataroh_Git\25_SV09_Internship_Projects_FW\Asmita_04052026\UART\Core\Inc\main.h_save
2026-05-05 10:18:35,577 [INFO] CodeEngine:289 - Generated code: D:\Strataroh_Git\25_SV09_Internship_Projects_FW\Asmita_04052026\UART\Core\Inc\main.h
2026-05-05 10:18:35,587 [INFO] CodeEngine:265 - oldGeneratedFile, D:\Strataroh_Git\25_SV09_Internship_Projects_FW\Asmita_04052026\UART\Core\Src\main.c_save
2026-05-05 10:18:35,876 [INFO] CodeEngine:289 - Generated code: D:\Strataroh_Git\25_SV09_Internship_Projects_FW\Asmita_04052026\UART\Core\Src\main.c
2026-05-05 10:18:36,615 [INFO] ProjectBuilder:3606 - Time for Copy HAL[1] : 329mS.
2026-05-05 10:18:36,630 [INFO] ProjectBuilder:5216 - Project Generator version: 4.7.0-B52
2026-05-05 10:18:36,817 [INFO] ConfigFileManager:1595 - The Die is : DIE493
2026-05-05 10:18:36,847 [INFO] ApiDbMcu:532 - Load IP Config File for FILEX
2026-05-05 10:18:36,863 [INFO] ApiDbMcu:532 - Load IP Config File for LEVELX
2026-05-05 10:18:36,897 [INFO] ApiDbMcu:532 - Load IP Config File for THREADX
2026-05-05 10:18:36,939 [INFO] ApiDbMcu:532 - Load IP Config File for USBX
2026-05-05 10:18:38,236 [INFO] LogOutputStream:77 - [STDOUT_REDIRECT] 
2026-05-05 10:18:41,024 [INFO] ProjectBuilder:5496 - Time for Generating toolchain IDE Files: 4394mS.
2026-05-05 10:18:41,026 [INFO] ProjectBuilder:3463 - Time for Copy CMSIS : 0mS.
2026-05-05 10:18:41,028 [INFO] ProjectBuilder:3463 - Time for Copy CMSIS : 0mS.
2026-05-05 11:43:45,549 [INFO] MainUpdater:2872 - connection check result : 10
2026-05-05 11:43:45,806 [INFO] McuFinderGlobals:76 - Set McuFinderConnectedMode to true
2026-05-05 11:43:45,813 [INFO] MultiScanPanel:200 - Auto-refresh data requested => check proxy status ongoing
2026-05-05 11:43:45,816 [INFO] FinderPluginLoader:96 - Searching for filters in installed packs
2026-05-05 11:43:46,887 [INFO] LoadUrlFilesThread:185 - End of LoadServerUrlFiles without Thread
2026-05-05 11:43:46,901 [INFO] DetailPanel:341 - Set advertising image to C:/Users/Asmita Milind Bagad/STM32Cube/Repository/\en.prom-stm32wba2-stm32-nucleo-board-0426.png
2026-05-05 11:44:54,712 [INFO] MultiScanPanel:200 - Auto-refresh data requested => check proxy status ongoing
2026-05-05 11:44:54,795 [INFO] LoadUrlFilesThread:185 - End of LoadServerUrlFiles without Thread
2026-05-05 11:44:54,795 [INFO] DetailPanel:341 - Set advertising image to C:/Users/Asmita Milind Bagad/STM32Cube/Repository/\en.prom-stm32wba2-stm32-nucleo-board-0426.png
2026-05-05 11:44:54,804 [INFO] DbBoards:642 - Loading board mini-images...
2026-05-05 11:44:58,055 [INFO] DbBoards:665 - Loaded 218 board mini-images
2026-05-05 11:45:51,805 [INFO] MainUpdater:2872 - connection check result : 10
2026-05-05 11:45:51,805 [INFO] MainUpdater:2872 - connection check result : 10
2026-05-05 11:45:51,834 [ERROR] IocParser:95 - Exception caught: Cannot invoke "java.lang.CharSequence.length()" because "this.text" is null
2026-05-05 11:45:51,950 [INFO] MicroXplorer:468 - Change Database Path : 
2026-05-05 11:45:51,950 [INFO] MicroXplorer:498 - Change Database Version : DB.6.0.150
2026-05-05 11:45:51,990 [ERROR] ProjectManagerView:395 - 
java.lang.NullPointerException: Cannot invoke "javax.swing.JTextField.getText()" because the return value of "java.util.List.get(int)" is null
	at com.st.microxplorer.plugins.projectmanager.gui.ProjectChoiceTab$9.caretUpdate(ProjectChoiceTab.java:2706) ~[filemanager.jar:?]
	at javax.swing.text.JTextComponent.fireCaretUpdate(JTextComponent.java:408) ~[?:?]
	at javax.swing.text.JTextComponent$MutableCaretEvent.fire(JTextComponent.java:4484) ~[?:?]
	at javax.swing.text.JTextComponent$MutableCaretEvent.stateChanged(JTextComponent.java:4506) ~[?:?]
	at javax.swing.text.DefaultCaret.fireStateChanged(DefaultCaret.java:857) ~[?:?]
	at javax.swing.text.DefaultCaret.changeCaretPosition(DefaultCaret.java:1343) ~[?:?]
	at javax.swing.text.DefaultCaret.handleSetDot(DefaultCaret.java:1242) ~[?:?]
	at javax.swing.text.DefaultCaret.setDot(DefaultCaret.java:1223) ~[?:?]
	at javax.swing.text.DefaultCaret$Handler.insertUpdate(DefaultCaret.java:1819) ~[?:?]
	at javax.swing.text.AbstractDocument.fireInsertUpdate(AbstractDocument.java:227) ~[?:?]
	at javax.swing.text.AbstractDocument.handleInsertString(AbstractDocument.java:781) ~[?:?]
	at javax.swing.text.AbstractDocument.insertString(AbstractDocument.java:740) ~[?:?]
	at javax.swing.text.PlainDocument.insertString(PlainDocument.java:131) ~[?:?]
	at javax.swing.text.AbstractDocument.replace(AbstractDocument.java:699) ~[?:?]
	at javax.swing.text.JTextComponent.setText(JTextComponent.java:1725) ~[?:?]
	at com.st.microxplorer.plugins.projectmanager.gui.ProjectChoiceTab.createHeapStackFields(ProjectChoiceTab.java:993) ~[filemanager.jar:?]
	at com.st.microxplorer.plugins.projectmanager.gui.ProjectChoiceTab.buildLinkSettingsPanel(ProjectChoiceTab.java:3813) ~[filemanager.jar:?]
	at com.st.microxplorer.plugins.projectmanager.gui.ProjectChoiceTab.defineWindowsFields(ProjectChoiceTab.java:1987) ~[filemanager.jar:?]
	at com.st.microxplorer.plugins.projectmanager.gui.ProjectChoiceTab.updateSettings(ProjectChoiceTab.java:558) ~[filemanager.jar:?]
	at com.st.microxplorer.plugins.projectmanager.gui.ProjectSettingsPanel.UpdateDialog(ProjectSettingsPanel.java:247) ~[filemanager.jar:?]
	at com.st.microxplorer.plugins.projectmanager.ProjectManagerView.propertyChange(ProjectManagerView.java:392) ~[filemanager.jar:?]
	at java.beans.PropertyChangeSupport.fire(PropertyChangeSupport.java:343) ~[?:?]
	at java.beans.PropertyChangeSupport.firePropertyChange(PropertyChangeSupport.java:335) ~[?:?]
	at java.beans.PropertyChangeSupport.firePropertyChange(PropertyChangeSupport.java:268) ~[?:?]
	at com.st.microxplorer.util.MXPropertyChangeSupport.firePropertyChange(MXPropertyChangeSupport.java:54) ~[STM32CubeMX.jar:?]
	at com.st.microxplorer.mxsystem.MxSystem.closeConfig(MxSystem.java:899) ~[STM32CubeMX.jar:?]
	at com.st.microxplorer.maingui.MainPanel.closeConfig(MainPanel.java:792) ~[STM32CubeMX.jar:?]
	at com.st.microxplorer.plugins.filemanager.engine.OpenFileManager.loadConfigurationFile(OpenFileManager.java:288) ~[filemanager.jar:?]
	at com.st.microxplorer.plugins.filemanager.engine.MainFileManager.userLoadConfig(MainFileManager.java:364) ~[filemanager.jar:?]
	at com.st.microxplorer.plugins.filemanager.FileManagerView.getSpecificTask(FileManagerView.java:268) ~[filemanager.jar:?]
	at com.st.stm32cube.common.mx.editor.CubeMxEditor.getMxTabbedPaneInstance(CubeMxEditor.java:1191) ~[com.st.stm32cube.common.mx_6.15.0.202507011659/:?]
	at com.st.stm32cube.common.mx.editor.CubeMxEditor$12$1.createSwingComponent(CubeMxEditor.java:1068) ~[com.st.stm32cube.common.mx_6.15.0.202507011659/:?]
	at com.st.stm32cube.common.mx.oss.core.awtswtbridge.EmbeddedSwingComposite.doComponentCreation(EmbeddedSwingComposite.java:492) ~[com.st.stm32cube.common.mx.oss_6.15.0.202507011659/:?]
	at com.st.stm32cube.common.mx.oss.core.awtswtbridge.EmbeddedSwingComposite$4.run(EmbeddedSwingComposite.java:291) ~[com.st.stm32cube.common.mx.oss_6.15.0.202507011659/:?]
	at com.st.stm32cube.common.mx.oss.core.awtswtbridge.AwtEnvironment$2.run(AwtEnvironment.java:166) ~[com.st.stm32cube.common.mx.oss_6.15.0.202507011659/:?]
	at java.awt.event.InvocationEvent.dispatch(InvocationEvent.java:318) ~[?:?]
	at java.awt.EventQueue.dispatchEventImpl(EventQueue.java:773) ~[?:?]
	at java.awt.EventQueue$4.run(EventQueue.java:720) ~[?:?]
	at java.awt.EventQueue$4.run(EventQueue.java:714) ~[?:?]
	at java.security.AccessController.doPrivileged(AccessController.java:400) ~[?:?]
	at java.security.ProtectionDomain$JavaSecurityAccessImpl.doIntersectionPrivilege(ProtectionDomain.java:87) ~[?:?]
	at java.awt.EventQueue.dispatchEvent(EventQueue.java:742) ~[?:?]
	at java.awt.EventDispatchThread.pumpOneEventForFilters(EventDispatchThread.java:203) ~[?:?]
	at java.awt.EventDispatchThread.pumpEventsForFilter(EventDispatchThread.java:124) ~[?:?]
	at java.awt.EventDispatchThread.pumpEventsForHierarchy(EventDispatchThread.java:113) ~[?:?]
	at java.awt.EventDispatchThread.pumpEvents(EventDispatchThread.java:109) ~[?:?]
	at java.awt.EventDispatchThread.pumpEvents(EventDispatchThread.java:101) ~[?:?]
	at java.awt.EventDispatchThread.run(EventDispatchThread.java:90) ~[?:?]
2026-05-05 11:45:52,015 [WARN] ThirdParty:871 - waiting for thirdparty lock release [close project]
2026-05-05 11:45:52,015 [INFO] ThirdParty:873 - entering critical section [close project]
2026-05-05 11:45:52,015 [INFO] ThirdParty:883 - exiting critical section [close project]
2026-05-05 11:45:52,018 [INFO] PinOutPanel:1589 - setPackage(No Configuration,No Configuration)
2026-05-05 11:45:52,031 [INFO] UtilMem:75 - Begin LoadConfig() Used Memory: 859027560 Bytes (1073741824)
2026-05-05 11:45:52,033 [INFO] OpenFileManager:355 - Change cursor
2026-05-05 11:45:52,105 [INFO] RulesReader:64 - Compatibility file has been processed (317 Rules)
2026-05-05 11:45:52,117 [INFO] Mcu:2029 - Initializing MCU STM32C071RBTx STM32C071RBTx STM32C071RBT6
2026-05-05 11:45:53,933 [INFO] Context:786 - Trying to add GPIOservice into a context  which must be forbidden
2026-05-05 11:45:54,808 [INFO] Rule:233 - rule Adapt Old IOC before rework replace old CORTEX_M33/CORTEX_M55 attributes by the new one. is applicable
2026-05-05 11:45:54,808 [INFO] Rule:233 - rule Rename parametre of RCC RCC_APBDBG_DIV2 to RCC_TIMPRES_DIV2 is applicable
2026-05-05 11:45:54,808 [INFO] Rule:233 - rule Rename DIE493 pin PA10 [PA12] -> PA10 is applicable
2026-05-05 11:45:54,808 [INFO] Rule:233 - rule Rename DIE493 pin PA9 [PA11] -> PA9 is applicable
2026-05-05 11:45:54,808 [INFO] Rule:233 - rule Rename DIE492 PartNumber CPN STM32WBA5MJGHx -> STM32WBA5MMGHx is applicable
2026-05-05 11:45:54,810 [INFO] Rule:233 - rule Rename DIE492 PartNumber  Name STM32WBA5MJGHx -> STM32WBA5MMGHx is applicable
2026-05-05 11:45:54,810 [INFO] Rule:233 - rule Rename DIE492 PartNumber UserName STM32WBA5MJGHx -> STM32WBA5MMGHx is applicable
2026-05-05 11:45:54,810 [INFO] Rule:233 - rule Rename DIE492 PartNumber DeviceId STM32WBA5MJGHx -> STM32WBA5MMGHx is applicable
2026-05-05 11:45:54,810 [INFO] Rule:233 - rule Adapt Old IOC CSI. is applicable
2026-05-05 11:45:54,810 [INFO] Rule:233 - rule Adapt Old IOC DCMIPP. is applicable
2026-05-05 11:45:54,810 [INFO] Rule:233 - rule Adapt Old IOC DCMIPP Mode Parallel. is applicable
2026-05-05 11:45:54,810 [INFO] Rule:233 - rule Adapt Old IOC LTDC. is applicable
2026-05-05 11:45:54,810 [INFO] Rule:233 - rule Rename STM32MP2 RIF Peripheral LTDC RIF.RISUP.LTDC_L0L1.Privilege -> RIF.RISUP.LTDC_L1L2.Privilege is applicable
2026-05-05 11:45:54,810 [INFO] Rule:233 - rule Rename STM32MP2 RIF Peripheral LTDC RIF.RISUP.LTDC_L0L1.Privilege -> RIF.RISUP.LTDC_L1L2.Privilege is applicable
2026-05-05 11:45:54,810 [INFO] Rule:233 - rule Rename STM32MP2 RIF Peripheral LTDC RIF.RISUP.LTDC_L0L1.Lock -> RIF.RISUP.LTDC_L1L2.Lock is applicable
2026-05-05 11:45:54,811 [INFO] Rule:233 - rule Rename STM32MP2 RIF Peripheral LTDC RIF.RISUP.LTDC_L2.Lock -> RIF.RISUP.LTDC_L3.Lock is applicable
2026-05-05 11:45:54,811 [INFO] Rule:233 - rule Adapt the old IOC example for updating the SYS when it is misconfigured. is applicable
2026-05-05 11:45:54,811 [INFO] Rule:233 - rule Rename STM32C09 Mcu.Package LQFP64 -> LQFP48 is applicable
2026-05-05 11:45:54,812 [INFO] Rule:233 - rule Adapt the old IOC example for updating the SYS when it is misconfigured. is applicable
2026-05-05 11:45:54,812 [INFO] Rule:233 - rule Adapt the old IOC example for updating the SYS when it is misconfigured. is applicable
2026-05-05 11:45:54,816 [INFO] DbConfProperties:307 - Apply Compatibility (6/20 Rules)
2026-05-05 11:45:54,846 [INFO] ApiDbMcu:532 - Load IP Config File for NUCLEO-C071RB
2026-05-05 11:45:54,961 [INFO] ImportTextPane:234 - (OptionalMessage_ERROR) Pin6 (VP_RIF_VS_RIF1) cannot be retrieved for this MCU
2026-05-05 11:45:55,232 [WARN] ModelIntegratedComponent:63 - No mode defined for component null
2026-05-05 11:45:55,232 [WARN] ModelIntegratedComponent:63 - No mode defined for component null
2026-05-05 11:45:55,232 [WARN] ModelIntegratedComponent:63 - No mode defined for component null
2026-05-05 11:45:55,233 [WARN] ModelIntegratedComponent:63 - No mode defined for component null
2026-05-05 11:45:55,233 [WARN] ModelIntegratedComponent:63 - No mode defined for component null
2026-05-05 11:45:55,233 [WARN] ModelIntegratedComponent:63 - No mode defined for component null
2026-05-05 11:45:55,233 [WARN] ModelIntegratedComponent:63 - No mode defined for component null
2026-05-05 11:45:55,233 [WARN] ModelIntegratedComponent:63 - No mode defined for component null
2026-05-05 11:45:55,233 [WARN] ModelIntegratedComponent:63 - No mode defined for component null
2026-05-05 11:45:55,233 [WARN] ModelIntegratedComponent:63 - No mode defined for component null
2026-05-05 11:45:55,233 [WARN] ModelIntegratedComponent:63 - No mode defined for component null
2026-05-05 11:45:55,233 [WARN] ModelIntegratedComponent:63 - No mode defined for component null
2026-05-05 11:45:55,233 [WARN] ModelIntegratedComponent:63 - No mode defined for component null
2026-05-05 11:45:55,233 [WARN] ModelIntegratedComponent:63 - No mode defined for component null
2026-05-05 11:45:55,234 [WARN] ModelIntegratedComponent:63 - No mode defined for component null
2026-05-05 11:45:55,234 [WARN] ModelIntegratedComponent:63 - No mode defined for component null
2026-05-05 11:45:55,234 [WARN] ModelIntegratedComponent:63 - No mode defined for component null
2026-05-05 11:45:55,234 [WARN] ModelIntegratedComponent:63 - No mode defined for component null
2026-05-05 11:45:55,234 [WARN] ModelIntegratedComponent:63 - No mode defined for component null
2026-05-05 11:45:55,234 [WARN] ModelIntegratedComponent:63 - No mode defined for component null
2026-05-05 11:45:55,234 [WARN] ModelIntegratedComponent:63 - No mode defined for component null
2026-05-05 11:45:55,234 [WARN] ModelIntegratedComponent:63 - No mode defined for component null
2026-05-05 11:45:55,234 [WARN] ModelIntegratedComponent:63 - No mode defined for component null
2026-05-05 11:45:55,234 [WARN] ModelIntegratedComponent:63 - No mode defined for component null
2026-05-05 11:45:55,234 [WARN] ModelIntegratedComponent:63 - No mode defined for component null
2026-05-05 11:45:55,234 [WARN] ModelIntegratedComponent:63 - No mode defined for component null
2026-05-05 11:45:55,234 [WARN] ModelIntegratedComponent:63 - No mode defined for component null
2026-05-05 11:45:55,236 [WARN] ModelIntegratedComponent:63 - No mode defined for component null
2026-05-05 11:45:55,236 [WARN] ModelIntegratedComponent:63 - No mode defined for component null
2026-05-05 11:45:55,236 [WARN] ModelIntegratedComponent:63 - No mode defined for component null
2026-05-05 11:45:55,236 [WARN] ModelIntegratedComponent:63 - No mode defined for component null
2026-05-05 11:45:55,236 [WARN] ModelIntegratedComponent:63 - No mode defined for component null
2026-05-05 11:45:55,236 [WARN] ModelIntegratedComponent:63 - No mode defined for component null
2026-05-05 11:45:55,236 [WARN] ModelIntegratedComponent:63 - No mode defined for component null
2026-05-05 11:45:55,236 [WARN] ModelIntegratedComponent:63 - No mode defined for component null
2026-05-05 11:45:55,236 [WARN] ModelPack:524 - Component already loaded: STMicroelectronics:HAL Drivers:0.0.0:STMicroelectronics:Device:STMicro_Driver:XSPI:HAL::0.0.1:HAL_XSPI
2026-05-05 11:45:55,242 [INFO] RtosManager:558 - Registered RTOS mode: class=RTOS, group=ThreadX, mode=Core, owner=THREADX
2026-05-05 11:45:55,522 [INFO] ThirdPartyModel:298 - Start build external matchings
2026-05-05 11:45:57,229 [INFO] ThirdPartyModel:316 - End build external matchings
2026-05-05 11:45:57,575 [INFO] UtilMem:75 - End LoadConfig() Used Memory: 789833896 Bytes (1073741824)
2026-05-05 11:46:04,975 [INFO] BspBoardWizard:580 - Analytics plugin initialized with success
2026-05-05 11:46:05,441 [INFO] BspBoardWizard:580 - Analytics plugin initialized with success
2026-05-05 11:46:05,561 [INFO] BspBoardWizard:580 - Analytics plugin initialized with success
2026-05-05 11:46:05,701 [WARN] ThirdParty:833 - waiting for thirdparty lock release [change project]
2026-05-05 11:46:05,702 [INFO] ThirdParty:835 - entering critical section [change project]
2026-05-05 11:46:05,702 [INFO] ThirdParty:1030 - CMSIS Pack Vendor :STMicroelectronics X-CUBE-AZRTOS-H7 3.5.0
2026-05-05 11:46:05,702 [INFO] ThirdParty:1030 - CMSIS Pack Vendor :STMicroelectronics X-CUBE-PM33A1 1.0.0
2026-05-05 11:46:05,702 [INFO] ThirdParty:1030 - CMSIS Pack Vendor :STMicroelectronics USBPD 4.1
2026-05-05 11:46:05,703 [INFO] ThirdParty:1030 - CMSIS Pack Vendor :STMicroelectronics X-CUBE-NFC9 1.0.0
2026-05-05 11:46:05,703 [INFO] ThirdParty:1030 - CMSIS Pack Vendor :STMicroelectronics USB_HOST 2.0.0
2026-05-05 11:46:05,703 [INFO] ThirdParty:1030 - CMSIS Pack Vendor :STMicroelectronics FP-SNS-MOTENVWB1 1.4.0
2026-05-05 11:46:05,703 [INFO] ThirdParty:1030 - CMSIS Pack Vendor :STMicroelectronics X-CUBE-AZRTOS-F4 1.1.0
2026-05-05 11:46:05,703 [INFO] ThirdParty:1030 - CMSIS Pack Vendor :STMicroelectronics LIBJPEG 8.0.0
2026-05-05 11:46:05,704 [INFO] ThirdParty:1030 - CMSIS Pack Vendor :STMicroelectronics FP-ATR-ASTRA1 2.0.2
2026-05-05 11:46:05,704 [INFO] ThirdParty:1030 - CMSIS Pack Vendor :wolfSSL I-CUBE-wolfSSL 5.8.2
2026-05-05 11:46:05,704 [INFO] ThirdParty:1030 - CMSIS Pack Vendor :STMicroelectronics X-CUBE-BLE1 7.1.0
2026-05-05 11:46:05,704 [INFO] ThirdParty:1030 - CMSIS Pack Vendor :STMicroelectronics X-CUBE-SMBUS 2.1.0
2026-05-05 11:46:05,704 [INFO] ThirdParty:1030 - CMSIS Pack Vendor :wolfSSL I-CUBE-wolfMQTT 1.19.2
2026-05-05 11:46:05,704 [INFO] ThirdParty:1030 - CMSIS Pack Vendor :STMicroelectronics USB_DEVICE 3.0.0
2026-05-05 11:46:05,704 [INFO] ThirdParty:1030 - CMSIS Pack Vendor :STMicroelectronics X-CUBE-ISPU 2.1.0
2026-05-05 11:46:05,704 [INFO] ThirdParty:1030 - CMSIS Pack Vendor :STMicroelectronics X-CUBE-FREERTOS 1.4.0
2026-05-05 11:46:05,704 [INFO] ThirdParty:1030 - CMSIS Pack Vendor :STMicroelectronics eDS-WB_DPC_TT-BIDIR 2.1.1
2026-05-05 11:46:05,705 [INFO] ThirdParty:1030 - CMSIS Pack Vendor :STMicroelectronics X-CUBE-AZRTOS-WB 2.0.0
2026-05-05 11:46:05,705 [INFO] ThirdParty:1030 - CMSIS Pack Vendor :STMicroelectronics X-CUBE-AZRTOS-F7 1.1.0
2026-05-05 11:46:05,705 [INFO] ThirdParty:1030 - CMSIS Pack Vendor :STMicroelectronics X-CUBE-AZRTOS-L5 2.0.0
2026-05-05 11:46:05,705 [INFO] ThirdParty:1030 - CMSIS Pack Vendor :STMicroelectronics USB_DEVICE 2.0.0
2026-05-05 11:46:05,705 [INFO] ThirdParty:1030 - CMSIS Pack Vendor :STMicroelectronics X-CUBE-NFC6 3.1.0
2026-05-05 11:46:05,705 [INFO] ThirdParty:1030 - CMSIS Pack Vendor :Cesanta I-CUBE-Mongoose 7.19.0
2026-05-05 11:46:05,705 [INFO] ThirdParty:1030 - CMSIS Pack Vendor :STMicroelectronics FP-SNS-STAIOTCFT 1.1.0
2026-05-05 11:46:05,705 [INFO] ThirdParty:1030 - CMSIS Pack Vendor :quantropi X-CUBE-qispace-sdk-base 2.1.0
2026-05-05 11:46:05,707 [INFO] ThirdParty:1030 - CMSIS Pack Vendor :STMicroelectronics X-CUBE-MEMS1 12.0.0
2026-05-05 11:46:05,707 [INFO] ThirdParty:1030 - CMSIS Pack Vendor :STMicroelectronics X-CUBE-STSE01 2.0.0
2026-05-05 11:46:05,707 [INFO] ThirdParty:1030 - CMSIS Pack Vendor :STMicroelectronics FreeRTOS 0.0.1
2026-05-05 11:46:05,707 [INFO] ThirdParty:1030 - CMSIS Pack Vendor :STMicroelectronics X-CUBE-AZRTOS-G0 1.1.0
2026-05-05 11:46:05,707 [INFO] ThirdParty:1030 - CMSIS Pack Vendor :STMicroelectronics X-CUBE-SAFEA1 1.2.2
2026-05-05 11:46:05,707 [INFO] ThirdParty:1030 - CMSIS Pack Vendor :STMicroelectronics X-CUBE-NFC4 3.0.0
2026-05-05 11:46:05,707 [INFO] ThirdParty:1030 - CMSIS Pack Vendor :STMicroelectronics X-CUBE-SUBG2 5.0.0
2026-05-05 11:46:05,707 [INFO] ThirdParty:1030 - CMSIS Pack Vendor :STMicroelectronics X-CUBE-AZRTOS-H7RS 1.1.0
2026-05-05 11:46:05,707 [INFO] ThirdParty:1030 - CMSIS Pack Vendor :STMicroelectronics STM32_WPAN 1.0.0
2026-05-05 11:46:05,708 [INFO] ThirdParty:1030 - CMSIS Pack Vendor :STMicroelectronics eDS-WB_DPC_VIENNA 1.2.0
2026-05-05 11:46:05,708 [INFO] ThirdParty:1030 - CMSIS Pack Vendor :EmbeddedOffice I-CUBE-FS-RTOS 1.0.1
2026-05-05 11:46:05,708 [INFO] ThirdParty:1030 - CMSIS Pack Vendor :STMicroelectronics lwIP 2.0.3
2026-05-05 11:46:05,708 [INFO] ThirdParty:1030 - CMSIS Pack Vendor :WES I-CUBE-Cesium 1.4.0
2026-05-05 11:46:05,708 [INFO] ThirdParty:1030 - CMSIS Pack Vendor :STMicroelectronics eDS-WB_DPC_3PH2L-BIDIR 1.1.1
2026-05-05 11:46:05,708 [INFO] ThirdParty:1030 - CMSIS Pack Vendor :STMicroelectronics USB_HOST 1.0.0
2026-05-05 11:46:05,708 [INFO] ThirdParty:1030 - CMSIS Pack Vendor :Infineon AIROC-Wi-Fi-Bluetooth-STM32 1.7.1
2026-05-05 11:46:05,709 [INFO] ThirdParty:1030 - CMSIS Pack Vendor :STMicroelectronics X-CUBE-AZRTOS-G4 2.0.0
2026-05-05 11:46:05,709 [INFO] ThirdParty:1030 - CMSIS Pack Vendor :STMicroelectronics X-CUBE-WB05N 2.0.0
2026-05-05 11:46:05,709 [INFO] ThirdParty:1030 - CMSIS Pack Vendor :STMicroelectronics PDM2PCM 3.1.0
2026-05-05 11:46:05,709 [INFO] ThirdParty:1030 - CMSIS Pack Vendor :STMicroelectronics PDM2PCM 3.3.0
2026-05-05 11:46:05,709 [INFO] ThirdParty:1030 - CMSIS Pack Vendor :wolfSSL I-CUBE-wolfTPM 3.8.0
2026-05-05 11:46:05,709 [INFO] ThirdParty:1030 - CMSIS Pack Vendor :STMicroelectronics X-CUBE-AZRTOS-H7 3.4.0
2026-05-05 11:46:05,709 [INFO] ThirdParty:1030 - CMSIS Pack Vendor :STMicroelectronics X-CUBE-DISPLAY 3.0.0
2026-05-05 11:46:05,709 [INFO] ThirdParty:1030 - CMSIS Pack Vendor :wolfSSL I-CUBE-wolfSSH 1.4.20
2026-05-05 11:46:05,709 [INFO] ThirdParty:1030 - CMSIS Pack Vendor :STMicroelectronics X-CUBE-NFC7 2.0.0
2026-05-05 11:46:05,709 [INFO] ThirdParty:1030 - CMSIS Pack Vendor :STMicroelectronics X-CUBE-GNSS1 7.1.1
2026-05-05 11:46:05,710 [INFO] ThirdParty:1030 - CMSIS Pack Vendor :STMicroelectronics FP-SNS-MOTENVWB1 1.5.0
2026-05-05 11:46:05,710 [INFO] ThirdParty:1030 - CMSIS Pack Vendor :STMicroelectronics X-CUBE-TCPP 4.2.0
2026-05-05 11:46:05,710 [INFO] ThirdParty:1030 - CMSIS Pack Vendor :RealThread X-CUBE-RT-Thread_Nano 4.1.1
2026-05-05 11:46:05,710 [INFO] ThirdParty:1030 - CMSIS Pack Vendor :STMicroelectronics FP-ATR-SIGFOX1 3.2.0
2026-05-05 11:46:05,710 [INFO] ThirdParty:1030 - CMSIS Pack Vendor :STMicroelectronics X-CUBE-NFC10 1.0.0
2026-05-05 11:46:05,710 [INFO] ThirdParty:1030 - CMSIS Pack Vendor :STMicroelectronics X-CUBE-FREERTOS 1.3.1
2026-05-05 11:46:05,710 [INFO] ThirdParty:1030 - CMSIS Pack Vendor :STMicroelectronics HAL Drivers 0.0.0
2026-05-05 11:46:05,710 [INFO] ThirdParty:1030 - CMSIS Pack Vendor :STMicroelectronics X-CUBE-FREERTOS 1.5.0
2026-05-05 11:46:05,710 [INFO] ThirdParty:1030 - CMSIS Pack Vendor :STMicroelectronics MBEDTLS 2.16.2
2026-05-05 11:46:05,710 [INFO] ThirdParty:1030 - CMSIS Pack Vendor :STMicroelectronics X-CUBE-ALS 1.0.2
2026-05-05 11:46:05,710 [INFO] ThirdParty:1030 - CMSIS Pack Vendor :emotas I-CUBE-CANOPEN 1.3.0
2026-05-05 11:46:05,710 [INFO] ThirdParty:1030 - CMSIS Pack Vendor :STMicroelectronics MBEDTLS 2.14.1
2026-05-05 11:46:05,711 [INFO] ThirdParty:1030 - CMSIS Pack Vendor :STMicroelectronics X-CUBE-GNSS1 7.1.0
2026-05-05 11:46:05,711 [INFO] ThirdParty:1030 - CMSIS Pack Vendor :ITTIA_DB I-CUBE-ITTIADB 8.9.0
2026-05-05 11:46:05,711 [INFO] ThirdParty:1030 - CMSIS Pack Vendor :STMicroelectronics X-CUBE-TOUCHGFX 4.26.0
2026-05-05 11:46:05,711 [INFO] ThirdParty:1030 - CMSIS Pack Vendor :STMicroelectronics X-CUBE-STSE01 1.0.0
2026-05-05 11:46:05,711 [INFO] ThirdParty:1030 - CMSIS Pack Vendor :STMicroelectronics X-CUBE-TOUCHGFX 4.26.1
2026-05-05 11:46:05,711 [INFO] ThirdParty:1030 - CMSIS Pack Vendor :STMicroelectronics X-CUBE-NFC6 3.2.0
2026-05-05 11:46:05,711 [INFO] ThirdParty:1030 - CMSIS Pack Vendor :STMicroelectronics FP-SNS-STAIOTCFT 1.0.0
2026-05-05 11:46:05,711 [INFO] ThirdParty:1030 - CMSIS Pack Vendor :STMicroelectronics ThreadX 1.0.0
2026-05-05 11:46:05,711 [INFO] ThirdParty:1030 - CMSIS Pack Vendor :STMicroelectronics FP-SNS-SMARTAG2 1.2.0
2026-05-05 11:46:05,711 [INFO] ThirdParty:1030 - CMSIS Pack Vendor :STMicroelectronics X-CUBE-MEMS1 12.1.0
2026-05-05 11:46:05,711 [INFO] ThirdParty:1030 - CMSIS Pack Vendor :STMicroelectronics FP-SNS-FLIGHT1 5.1.0
2026-05-05 11:46:05,711 [INFO] ThirdParty:1030 - CMSIS Pack Vendor :STMicroelectronics X-CUBE-AZRTOS-WL 2.0.0
2026-05-05 11:46:05,711 [INFO] ThirdParty:1030 - CMSIS Pack Vendor :SEGGER I-CUBE-embOS 1.3.1
2026-05-05 11:46:05,711 [INFO] ThirdParty:1030 - CMSIS Pack Vendor :STMicroelectronics X-CUBE-ALGOBUILD 1.4.0
2026-05-05 11:46:05,712 [INFO] ThirdParty:1030 - CMSIS Pack Vendor :STMicroelectronics X-CUBE-DPower 1.3.0
2026-05-05 11:46:05,712 [INFO] ThirdParty:1030 - CMSIS Pack Vendor :STMicroelectronics X-CUBE-MEMS1 11.3.0
2026-05-05 11:46:05,712 [INFO] ThirdParty:1030 - CMSIS Pack Vendor :STMicroelectronics USB_DEVICE 1.0.0
2026-05-05 11:46:05,712 [INFO] ThirdParty:1030 - CMSIS Pack Vendor :STMicroelectronics X-CUBE-AZRTOS-H7RS 1.2.0
2026-05-05 11:46:05,712 [INFO] ThirdParty:1030 - CMSIS Pack Vendor :STMicroelectronics X-CUBE-AZRTOS-L4 2.0.0
2026-05-05 11:46:05,712 [INFO] ThirdParty:1030 - CMSIS Pack Vendor :STMicroelectronics ThreadX 0.0.2
2026-05-05 11:46:05,712 [INFO] ThirdParty:1030 - CMSIS Pack Vendor :STMicroelectronics lwIP 2.1.2
2026-05-05 11:46:05,712 [INFO] ThirdParty:1030 - CMSIS Pack Vendor :STMicroelectronics X-CUBE-SFXS2LP1 4.0.0
2026-05-05 11:46:05,712 [INFO] ThirdParty:1030 - CMSIS Pack Vendor :STMicroelectronics X-CUBE-BLE2 3.3.0
2026-05-05 11:46:05,712 [INFO] ThirdParty:1030 - CMSIS Pack Vendor :Avnet-IOTCONNECT X-CUBE-iotc-st67-sdk 1.0.0
2026-05-05 11:46:05,712 [INFO] ThirdParty:1030 - CMSIS Pack Vendor :STMicroelectronics X-CUBE-TOF1 3.4.3
2026-05-05 11:46:05,712 [INFO] ThirdParty:1030 - CMSIS Pack Vendor :STMicroelectronics PDM2PCM 3.2.0
2026-05-05 11:46:05,712 [INFO] ThirdParty:1030 - CMSIS Pack Vendor :STMicroelectronics X-CUBE-WB05N 2.1.0
2026-05-05 11:46:05,712 [INFO] ThirdParty:1030 - CMSIS Pack Vendor :STMicroelectronics X-CUBE-ST67W61 1.2.0
2026-05-05 11:46:05,713 [INFO] ThirdParty:841 - exiting critical section [change project]
2026-05-05 11:46:06,024 [INFO] PinOutPanel:1589 - setPackage(No Configuration,No Configuration)
2026-05-05 11:46:06,026 [INFO] PinOutPanel:1589 - setPackage(STM32C071RBTx,LQFP64_GP)
2026-05-05 11:46:06,369 [INFO] UtilMem:75 - Before build in PCC Used Memory: 754204920 Bytes (1073741824)
2026-05-05 11:46:07,231 [INFO] UtilMem:75 - After build in PCC Used Memory: 892616952 Bytes (1073741824)
2026-05-05 11:46:07,260 [INFO] IPUIPlugin:80 - create IPUIPlugin
2026-05-05 11:46:07,260 [INFO] IPUIPlugin:80 - create IPUIPlugin
2026-05-05 11:46:07,261 [INFO] IPUIPlugin:80 - create IPUIPlugin
2026-05-05 11:46:07,261 [INFO] IPUIPlugin:80 - create IPUIPlugin
2026-05-05 11:46:07,262 [INFO] IPUIPlugin:80 - create IPUIPlugin
2026-05-05 11:46:07,262 [INFO] IPUIPlugin:80 - create IPUIPlugin
2026-05-05 11:46:07,263 [INFO] IPUIPlugin:80 - create IPUIPlugin
2026-05-05 11:46:07,263 [INFO] IPUIPlugin:80 - create IPUIPlugin
2026-05-05 11:46:07,263 [INFO] IPUIPlugin:80 - create IPUIPlugin
2026-05-05 11:46:07,263 [INFO] IPUIPlugin:80 - create IPUIPlugin
2026-05-05 11:46:07,263 [INFO] IPUIPlugin:80 - create IPUIPlugin
2026-05-05 11:46:07,265 [INFO] IPUIPlugin:80 - create IPUIPlugin
2026-05-05 11:46:07,265 [INFO] IPUIPlugin:80 - create IPUIPlugin
2026-05-05 11:46:07,265 [INFO] IPUIPlugin:80 - create IPUIPlugin
2026-05-05 11:46:07,265 [INFO] IPUIPlugin:80 - create IPUIPlugin
2026-05-05 11:46:07,266 [INFO] IPUIPlugin:80 - create IPUIPlugin
2026-05-05 11:46:07,266 [INFO] IPUIPlugin:80 - create IPUIPlugin
2026-05-05 11:46:07,266 [INFO] IPUIPlugin:80 - create IPUIPlugin
2026-05-05 11:46:07,266 [INFO] IPUIPlugin:80 - create IPUIPlugin
2026-05-05 11:46:07,266 [INFO] IPUIPlugin:80 - create IPUIPlugin
2026-05-05 11:46:07,266 [INFO] IPUIPlugin:80 - create IPUIPlugin
2026-05-05 11:46:07,267 [INFO] IPUIPlugin:80 - create IPUIPlugin
2026-05-05 11:46:07,267 [INFO] IPUIPlugin:80 - create IPUIPlugin
2026-05-05 11:46:07,267 [INFO] IPUIPlugin:80 - create IPUIPlugin
2026-05-05 11:46:07,268 [INFO] IPUIPlugin:80 - create IPUIPlugin
2026-05-05 11:46:07,268 [INFO] IPUIPlugin:80 - create IPUIPlugin
2026-05-05 11:46:07,268 [INFO] IPUIPlugin:80 - create IPUIPlugin
2026-05-05 11:46:07,269 [INFO] IPUIPlugin:80 - create IPUIPlugin
2026-05-05 11:46:07,269 [INFO] IPUIPlugin:80 - create IPUIPlugin
2026-05-05 11:46:07,270 [INFO] IPUIPlugin:80 - create IPUIPlugin
2026-05-05 11:46:07,270 [INFO] IPUIPlugin:80 - create IPUIPlugin
2026-05-05 11:46:07,270 [INFO] IPUIPlugin:80 - create IPUIPlugin
2026-05-05 11:46:07,271 [INFO] IPUIPlugin:80 - create IPUIPlugin
2026-05-05 11:46:07,271 [INFO] IPUIPlugin:80 - create IPUIPlugin
2026-05-05 11:46:07,271 [INFO] IPUIPlugin:80 - create IPUIPlugin
2026-05-05 11:46:07,272 [INFO] IPUIPlugin:80 - create IPUIPlugin
2026-05-05 11:46:07,353 [INFO] CADModel:165 - CPN selected for project levelSTM32C071RBT6
2026-05-05 11:46:07,353 [INFO] CADModel:114 - Register for checkConnection events
2026-05-05 11:46:07,412 [INFO] OpenFileManager:386 - Restore cursor
2026-05-05 11:46:08,146 [INFO] UtilMem:75 - End SaveConfig() Used Memory: 975324616 Bytes (1073741824)
2026-05-05 11:46:08,233 [INFO] UtilMem:75 - End SaveConfig() Used Memory: 990578424 Bytes (1073741824)
2026-05-05 11:46:08,571 [INFO] BlockDiagram:2775 - set Specific Code input for plugin: NVIC
2026-05-05 11:46:08,571 [INFO] BlockDiagram:2775 - set Specific Code input for plugin: NUCLEO-C071RB
2026-05-05 11:46:08,571 [INFO] BlockDiagram:2775 - set Specific Code input for plugin: SYS
2026-05-05 11:46:08,572 [INFO] BlockDiagram:2775 - set Specific Code input for plugin: RCC
2026-05-05 11:46:08,584 [INFO] CodeGenerator:892 - code generatio: config db path: D:\STM32CubeIDE_1.19.0\STM32CubeIDE\plugins\com.st.stm32cube.common.mx_6.15.0.202507011659\\db\
2026-05-05 11:46:08,699 [INFO] CodeEngine:265 - oldGeneratedFile, D:\Strataroh_Git\25_SV09_Internship_Projects_FW\Asmita_04052026\UART_INTERRUPT\MXTmpFiles\license.tmp_save
2026-05-05 11:46:08,902 [ERROR] IocParser:95 - Exception caught: Cannot invoke "java.lang.CharSequence.length()" because "this.text" is null
2026-05-05 11:46:09,131 [INFO] CodeEngine:289 - Generated code: D:\Strataroh_Git\25_SV09_Internship_Projects_FW\Asmita_04052026\UART_INTERRUPT\MXTmpFiles\license.tmp
2026-05-05 11:46:09,192 [INFO] CodeEngine:265 - oldGeneratedFile, D:\Strataroh_Git\25_SV09_Internship_Projects_FW\Asmita_04052026\UART_INTERRUPT\MXTmpFiles\cortex.tmp_save
2026-05-05 11:46:09,443 [INFO] CodeEngine:289 - Generated code: D:\Strataroh_Git\25_SV09_Internship_Projects_FW\Asmita_04052026\UART_INTERRUPT\MXTmpFiles\cortex.tmp
2026-05-05 11:46:09,470 [INFO] CodeEngine:265 - oldGeneratedFile, D:\Strataroh_Git\25_SV09_Internship_Projects_FW\Asmita_04052026\UART_INTERRUPT\Core\Inc\stm32c0xx_nucleo_conf.h_save
2026-05-05 11:46:09,697 [INFO] CodeEngine:289 - Generated code: D:\Strataroh_Git\25_SV09_Internship_Projects_FW\Asmita_04052026\UART_INTERRUPT\Core\Inc\stm32c0xx_nucleo_conf.h
2026-05-05 11:46:09,707 [INFO] CodeEngine:265 - oldGeneratedFile, D:\Strataroh_Git\25_SV09_Internship_Projects_FW\Asmita_04052026\UART_INTERRUPT\MXTmpFiles\bsp_inc.tmp_save
2026-05-05 11:46:09,829 [INFO] CodeEngine:289 - Generated code: D:\Strataroh_Git\25_SV09_Internship_Projects_FW\Asmita_04052026\UART_INTERRUPT\MXTmpFiles\bsp_inc.tmp
2026-05-05 11:46:09,837 [INFO] CodeEngine:265 - oldGeneratedFile, D:\Strataroh_Git\25_SV09_Internship_Projects_FW\Asmita_04052026\UART_INTERRUPT\MXTmpFiles\bsp_common_vars.tmp_save
2026-05-05 11:46:09,957 [INFO] CodeEngine:289 - Generated code: D:\Strataroh_Git\25_SV09_Internship_Projects_FW\Asmita_04052026\UART_INTERRUPT\MXTmpFiles\bsp_common_vars.tmp
2026-05-05 11:46:09,966 [INFO] CodeEngine:265 - oldGeneratedFile, D:\Strataroh_Git\25_SV09_Internship_Projects_FW\Asmita_04052026\UART_INTERRUPT\MXTmpFiles\bsp_common_init.tmp_save
2026-05-05 11:46:10,097 [INFO] CodeEngine:289 - Generated code: D:\Strataroh_Git\25_SV09_Internship_Projects_FW\Asmita_04052026\UART_INTERRUPT\MXTmpFiles\bsp_common_init.tmp
2026-05-05 11:46:10,104 [INFO] CodeEngine:265 - oldGeneratedFile, D:\Strataroh_Git\25_SV09_Internship_Projects_FW\Asmita_04052026\UART_INTERRUPT\MXTmpFiles\bsp_common_demo_before_while.tmp_save
2026-05-05 11:46:10,205 [INFO] CodeEngine:289 - Generated code: D:\Strataroh_Git\25_SV09_Internship_Projects_FW\Asmita_04052026\UART_INTERRUPT\MXTmpFiles\bsp_common_demo_before_while.tmp
2026-05-05 11:46:10,212 [INFO] CodeEngine:265 - oldGeneratedFile, D:\Strataroh_Git\25_SV09_Internship_Projects_FW\Asmita_04052026\UART_INTERRUPT\MXTmpFiles\bsp_common_demo_inside_while.tmp_save
2026-05-05 11:46:10,325 [INFO] CodeEngine:289 - Generated code: D:\Strataroh_Git\25_SV09_Internship_Projects_FW\Asmita_04052026\UART_INTERRUPT\MXTmpFiles\bsp_common_demo_inside_while.tmp
2026-05-05 11:46:10,332 [INFO] CodeEngine:265 - oldGeneratedFile, D:\Strataroh_Git\25_SV09_Internship_Projects_FW\Asmita_04052026\UART_INTERRUPT\MXTmpFiles\bsp_common_demo_fct.tmp_save
2026-05-05 11:46:10,441 [INFO] CodeEngine:289 - Generated code: D:\Strataroh_Git\25_SV09_Internship_Projects_FW\Asmita_04052026\UART_INTERRUPT\MXTmpFiles\bsp_common_demo_fct.tmp
2026-05-05 11:46:10,455 [INFO] CodeEngine:265 - oldGeneratedFile, D:\Strataroh_Git\25_SV09_Internship_Projects_FW\Asmita_04052026\UART_INTERRUPT\Core\Src\stm32c0xx_it.c_save
2026-05-05 11:46:10,923 [INFO] CodeEngine:289 - Generated code: D:\Strataroh_Git\25_SV09_Internship_Projects_FW\Asmita_04052026\UART_INTERRUPT\Core\Src\stm32c0xx_it.c
2026-05-05 11:46:10,931 [INFO] CodeEngine:265 - oldGeneratedFile, D:\Strataroh_Git\25_SV09_Internship_Projects_FW\Asmita_04052026\UART_INTERRUPT\Core\Inc\stm32c0xx_it.h_save
2026-05-05 11:46:11,043 [INFO] CodeEngine:289 - Generated code: D:\Strataroh_Git\25_SV09_Internship_Projects_FW\Asmita_04052026\UART_INTERRUPT\Core\Inc\stm32c0xx_it.h
2026-05-05 11:46:11,083 [INFO] CodeEngine:265 - oldGeneratedFile, D:\Strataroh_Git\25_SV09_Internship_Projects_FW\Asmita_04052026\UART_INTERRUPT\Core\Src\stm32c0xx_hal_msp.c_save
2026-05-05 11:46:11,360 [INFO] CodeEngine:289 - Generated code: D:\Strataroh_Git\25_SV09_Internship_Projects_FW\Asmita_04052026\UART_INTERRUPT\Core\Src\stm32c0xx_hal_msp.c
2026-05-05 11:46:11,380 [INFO] CodeEngine:265 - oldGeneratedFile, D:\Strataroh_Git\25_SV09_Internship_Projects_FW\Asmita_04052026\UART_INTERRUPT\MXTmpFiles\system.tmp_save
2026-05-05 11:46:11,487 [INFO] CodeEngine:289 - Generated code: D:\Strataroh_Git\25_SV09_Internship_Projects_FW\Asmita_04052026\UART_INTERRUPT\MXTmpFiles\system.tmp
2026-05-05 11:46:11,511 [INFO] CodeEngine:321 - oldGeneratedFile, D:\Strataroh_Git\25_SV09_Internship_Projects_FW\Asmita_04052026\UART_INTERRUPT\Core\Inc\stm32c0xx_hal_conf.h_save
2026-05-05 11:46:11,740 [INFO] CodeEngine:345 - Generated code: D:\Strataroh_Git\25_SV09_Internship_Projects_FW\Asmita_04052026\UART_INTERRUPT\Core\Inc\stm32c0xx_hal_conf.h
2026-05-05 11:46:11,797 [WARN] IPConfigManager:3238 - Warning: the RefConfig RCC_PClockConfig is not available in your config.xml file
2026-05-05 11:46:11,797 [WARN] IPConfigManager:3238 - Warning: the RefConfig RCC_interrupt_Time_SYSTICK_Config is not available in your config.xml file
2026-05-05 11:46:11,808 [INFO] ApiDbMcu:532 - Load IP Config File for RCC
2026-05-05 11:46:11,820 [INFO] CodeEngine:265 - oldGeneratedFile, D:\Strataroh_Git\25_SV09_Internship_Projects_FW\Asmita_04052026\UART_INTERRUPT\Core\Inc\main.h_save
2026-05-05 11:46:12,057 [INFO] CodeEngine:289 - Generated code: D:\Strataroh_Git\25_SV09_Internship_Projects_FW\Asmita_04052026\UART_INTERRUPT\Core\Inc\main.h
2026-05-05 11:46:12,076 [INFO] CodeEngine:265 - oldGeneratedFile, D:\Strataroh_Git\25_SV09_Internship_Projects_FW\Asmita_04052026\UART_INTERRUPT\Core\Src\main.c_save
2026-05-05 11:46:12,297 [INFO] CodeEngine:289 - Generated code: D:\Strataroh_Git\25_SV09_Internship_Projects_FW\Asmita_04052026\UART_INTERRUPT\Core\Src\main.c
2026-05-05 11:46:12,887 [INFO] ProjectBuilder:3606 - Time for Copy HAL[1] : 237mS.
2026-05-05 11:46:12,894 [INFO] ProjectBuilder:5216 - Project Generator version: 4.7.0-B52
2026-05-05 11:46:13,049 [INFO] ConfigFileManager:1595 - The Die is : DIE493
2026-05-05 11:46:13,054 [INFO] ApiDbMcu:532 - Load IP Config File for FILEX
2026-05-05 11:46:13,058 [INFO] ApiDbMcu:532 - Load IP Config File for LEVELX
2026-05-05 11:46:13,064 [INFO] ApiDbMcu:532 - Load IP Config File for THREADX
2026-05-05 11:46:13,077 [INFO] ApiDbMcu:532 - Load IP Config File for USBX
2026-05-05 11:46:17,167 [INFO] ProjectBuilder:5496 - Time for Generating toolchain IDE Files: 4273mS.
2026-05-05 11:46:17,168 [INFO] ProjectBuilder:3463 - Time for Copy CMSIS : 0mS.
2026-05-05 11:46:17,170 [INFO] ProjectBuilder:3463 - Time for Copy CMSIS : 0mS.
2026-05-05 11:46:18,220 [INFO] McuFinderGlobals:76 - Set McuFinderConnectedMode to true
2026-05-05 11:46:18,227 [INFO] ApiDb:448 - Save user favorites file C:\Users\Asmita Milind Bagad/.stm32cubeide/favorites.mcus.txt: 0 item(s)
2026-05-05 11:46:18,227 [INFO] ApiDb:452 - User favorites MCUs=[]
2026-05-05 11:46:18,231 [INFO] ApiDb:448 - Save user favorites file C:\Users\Asmita Milind Bagad/.stm32cubeide/favorites.boards.txt: 1 item(s)
2026-05-05 11:46:18,231 [INFO] ApiDb:452 - User favorites Boards=[NUCLEO-C071RB]
2026-05-05 11:48:25,984 [INFO] NvicIntPanel:101 - NVIC parent = com.st.microxplorer.plugins.ip.nvic.MultiNvicIntPanel[,0,0,0x0,invalid,layout=javax.swing.BoxLayout,alignmentX=0.0,alignmentY=0.0,border=,flags=9,maximumSize=,minimumSize=,preferredSize=]
2026-05-05 11:48:28,689 [INFO] NvicIntPanel:101 - NVIC parent = com.st.microxplorer.plugins.ip.nvic.MultiNvicIntPanel[,0,0,0x0,invalid,layout=javax.swing.BoxLayout,alignmentX=0.0,alignmentY=0.0,border=,flags=9,maximumSize=,minimumSize=,preferredSize=]
2026-05-05 11:48:56,047 [INFO] UtilMem:75 - End SaveConfig() Used Memory: 903925312 Bytes (1073741824)
2026-05-05 11:48:56,399 [INFO] UtilMem:75 - End SaveConfig() Used Memory: 699337256 Bytes (1073741824)
2026-05-05 11:48:57,013 [ERROR] IocParser:95 - Exception caught: Cannot invoke "java.lang.CharSequence.length()" because "this.text" is null
2026-05-05 11:49:00,164 [INFO] UtilMem:75 - End SaveConfig() Used Memory: 793958864 Bytes (1073741824)
2026-05-05 11:49:00,360 [INFO] BlockDiagram:2775 - set Specific Code input for plugin: NVIC
2026-05-05 11:49:00,360 [INFO] BlockDiagram:2775 - set Specific Code input for plugin: USART
2026-05-05 11:49:00,360 [INFO] BlockDiagram:2775 - set Specific Code input for plugin: NUCLEO-C071RB
2026-05-05 11:49:00,360 [INFO] BlockDiagram:2775 - set Specific Code input for plugin: SYS
2026-05-05 11:49:00,361 [INFO] BlockDiagram:2775 - set Specific Code input for plugin: GPIO
2026-05-05 11:49:00,361 [INFO] BlockDiagram:2775 - set Specific Code input for plugin: RCC
2026-05-05 11:49:00,362 [INFO] CodeGenerator:892 - code generatio: config db path: D:\STM32CubeIDE_1.19.0\STM32CubeIDE\plugins\com.st.stm32cube.common.mx_6.15.0.202507011659\\db\
2026-05-05 11:49:00,427 [ERROR] IocParser:95 - Exception caught: Cannot invoke "java.lang.CharSequence.length()" because "this.text" is null
2026-05-05 11:49:00,500 [INFO] CodeEngine:265 - oldGeneratedFile, D:\Strataroh_Git\25_SV09_Internship_Projects_FW\Asmita_04052026\UART_INTERRUPT\MXTmpFiles\license.tmp_save
2026-05-05 11:49:00,802 [INFO] CodeEngine:289 - Generated code: D:\Strataroh_Git\25_SV09_Internship_Projects_FW\Asmita_04052026\UART_INTERRUPT\MXTmpFiles\license.tmp
2026-05-05 11:49:00,887 [INFO] CodeEngine:265 - oldGeneratedFile, D:\Strataroh_Git\25_SV09_Internship_Projects_FW\Asmita_04052026\UART_INTERRUPT\MXTmpFiles\gpio.tmp_save
2026-05-05 11:49:01,146 [INFO] CodeEngine:289 - Generated code: D:\Strataroh_Git\25_SV09_Internship_Projects_FW\Asmita_04052026\UART_INTERRUPT\MXTmpFiles\gpio.tmp
2026-05-05 11:49:01,732 [INFO] CodeEngine:265 - oldGeneratedFile, D:\Strataroh_Git\25_SV09_Internship_Projects_FW\Asmita_04052026\UART_INTERRUPT\MXTmpFiles\cortex.tmp_save
2026-05-05 11:49:01,942 [INFO] CodeEngine:289 - Generated code: D:\Strataroh_Git\25_SV09_Internship_Projects_FW\Asmita_04052026\UART_INTERRUPT\MXTmpFiles\cortex.tmp
2026-05-05 11:49:01,983 [INFO] CodeEngine:265 - oldGeneratedFile, D:\Strataroh_Git\25_SV09_Internship_Projects_FW\Asmita_04052026\UART_INTERRUPT\Core\Inc\stm32c0xx_nucleo_conf.h_save
2026-05-05 11:49:02,180 [INFO] CodeEngine:289 - Generated code: D:\Strataroh_Git\25_SV09_Internship_Projects_FW\Asmita_04052026\UART_INTERRUPT\Core\Inc\stm32c0xx_nucleo_conf.h
2026-05-05 11:49:02,186 [INFO] CodeEngine:265 - oldGeneratedFile, D:\Strataroh_Git\25_SV09_Internship_Projects_FW\Asmita_04052026\UART_INTERRUPT\MXTmpFiles\bsp_inc.tmp_save
2026-05-05 11:49:02,295 [INFO] CodeEngine:289 - Generated code: D:\Strataroh_Git\25_SV09_Internship_Projects_FW\Asmita_04052026\UART_INTERRUPT\MXTmpFiles\bsp_inc.tmp
2026-05-05 11:49:02,302 [INFO] CodeEngine:265 - oldGeneratedFile, D:\Strataroh_Git\25_SV09_Internship_Projects_FW\Asmita_04052026\UART_INTERRUPT\MXTmpFiles\bsp_common_vars.tmp_save
2026-05-05 11:49:02,410 [INFO] CodeEngine:289 - Generated code: D:\Strataroh_Git\25_SV09_Internship_Projects_FW\Asmita_04052026\UART_INTERRUPT\MXTmpFiles\bsp_common_vars.tmp
2026-05-05 11:49:02,428 [INFO] CodeEngine:265 - oldGeneratedFile, D:\Strataroh_Git\25_SV09_Internship_Projects_FW\Asmita_04052026\UART_INTERRUPT\MXTmpFiles\bsp_common_init.tmp_save
2026-05-05 11:49:02,551 [INFO] CodeEngine:289 - Generated code: D:\Strataroh_Git\25_SV09_Internship_Projects_FW\Asmita_04052026\UART_INTERRUPT\MXTmpFiles\bsp_common_init.tmp
2026-05-05 11:49:02,560 [INFO] CodeEngine:265 - oldGeneratedFile, D:\Strataroh_Git\25_SV09_Internship_Projects_FW\Asmita_04052026\UART_INTERRUPT\MXTmpFiles\bsp_common_demo_before_while.tmp_save
2026-05-05 11:49:02,664 [INFO] CodeEngine:289 - Generated code: D:\Strataroh_Git\25_SV09_Internship_Projects_FW\Asmita_04052026\UART_INTERRUPT\MXTmpFiles\bsp_common_demo_before_while.tmp
2026-05-05 11:49:02,670 [INFO] CodeEngine:265 - oldGeneratedFile, D:\Strataroh_Git\25_SV09_Internship_Projects_FW\Asmita_04052026\UART_INTERRUPT\MXTmpFiles\bsp_common_demo_inside_while.tmp_save
2026-05-05 11:49:02,775 [INFO] CodeEngine:289 - Generated code: D:\Strataroh_Git\25_SV09_Internship_Projects_FW\Asmita_04052026\UART_INTERRUPT\MXTmpFiles\bsp_common_demo_inside_while.tmp
2026-05-05 11:49:02,780 [INFO] CodeEngine:265 - oldGeneratedFile, D:\Strataroh_Git\25_SV09_Internship_Projects_FW\Asmita_04052026\UART_INTERRUPT\MXTmpFiles\bsp_common_demo_fct.tmp_save
2026-05-05 11:49:02,881 [INFO] CodeEngine:289 - Generated code: D:\Strataroh_Git\25_SV09_Internship_Projects_FW\Asmita_04052026\UART_INTERRUPT\MXTmpFiles\bsp_common_demo_fct.tmp
2026-05-05 11:49:02,898 [INFO] CodeEngine:265 - oldGeneratedFile, D:\Strataroh_Git\25_SV09_Internship_Projects_FW\Asmita_04052026\UART_INTERRUPT\Core\Src\stm32c0xx_it.c_save
2026-05-05 11:49:03,137 [INFO] CodeEngine:289 - Generated code: D:\Strataroh_Git\25_SV09_Internship_Projects_FW\Asmita_04052026\UART_INTERRUPT\Core\Src\stm32c0xx_it.c
2026-05-05 11:49:03,146 [INFO] CodeEngine:265 - oldGeneratedFile, D:\Strataroh_Git\25_SV09_Internship_Projects_FW\Asmita_04052026\UART_INTERRUPT\Core\Inc\stm32c0xx_it.h_save
2026-05-05 11:49:03,279 [INFO] CodeEngine:289 - Generated code: D:\Strataroh_Git\25_SV09_Internship_Projects_FW\Asmita_04052026\UART_INTERRUPT\Core\Inc\stm32c0xx_it.h
2026-05-05 11:49:03,343 [INFO] CodeEngine:265 - oldGeneratedFile, D:\Strataroh_Git\25_SV09_Internship_Projects_FW\Asmita_04052026\UART_INTERRUPT\Core\Src\stm32c0xx_hal_msp.c_save
2026-05-05 11:49:03,646 [INFO] CodeEngine:289 - Generated code: D:\Strataroh_Git\25_SV09_Internship_Projects_FW\Asmita_04052026\UART_INTERRUPT\Core\Src\stm32c0xx_hal_msp.c
2026-05-05 11:49:03,653 [INFO] CodeEngine:265 - oldGeneratedFile, D:\Strataroh_Git\25_SV09_Internship_Projects_FW\Asmita_04052026\UART_INTERRUPT\MXTmpFiles\system.tmp_save
2026-05-05 11:49:03,765 [INFO] CodeEngine:289 - Generated code: D:\Strataroh_Git\25_SV09_Internship_Projects_FW\Asmita_04052026\UART_INTERRUPT\MXTmpFiles\system.tmp
2026-05-05 11:49:03,783 [INFO] CodeEngine:321 - oldGeneratedFile, D:\Strataroh_Git\25_SV09_Internship_Projects_FW\Asmita_04052026\UART_INTERRUPT\Core\Inc\stm32c0xx_hal_conf.h_save
2026-05-05 11:49:04,032 [INFO] CodeEngine:345 - Generated code: D:\Strataroh_Git\25_SV09_Internship_Projects_FW\Asmita_04052026\UART_INTERRUPT\Core\Inc\stm32c0xx_hal_conf.h
2026-05-05 11:49:04,060 [WARN] IPConfigManager:3238 - Warning: the RefConfig RCC_PClockConfig is not available in your config.xml file
2026-05-05 11:49:04,060 [WARN] IPConfigManager:3238 - Warning: the RefConfig RCC_interrupt_Time_SYSTICK_Config is not available in your config.xml file
2026-05-05 11:49:04,085 [INFO] ApiDbMcu:532 - Load IP Config File for USART1
2026-05-05 11:49:04,102 [INFO] CodeEngine:265 - oldGeneratedFile, D:\Strataroh_Git\25_SV09_Internship_Projects_FW\Asmita_04052026\UART_INTERRUPT\Core\Inc\main.h_save
2026-05-05 11:49:04,317 [INFO] CodeEngine:289 - Generated code: D:\Strataroh_Git\25_SV09_Internship_Projects_FW\Asmita_04052026\UART_INTERRUPT\Core\Inc\main.h
2026-05-05 11:49:04,326 [INFO] CodeEngine:265 - oldGeneratedFile, D:\Strataroh_Git\25_SV09_Internship_Projects_FW\Asmita_04052026\UART_INTERRUPT\Core\Src\main.c_save
2026-05-05 11:49:04,540 [INFO] CodeEngine:289 - Generated code: D:\Strataroh_Git\25_SV09_Internship_Projects_FW\Asmita_04052026\UART_INTERRUPT\Core\Src\main.c
2026-05-05 11:49:05,028 [INFO] ProjectBuilder:3606 - Time for Copy HAL[1] : 233mS.
2026-05-05 11:49:05,033 [INFO] ProjectBuilder:5216 - Project Generator version: 4.7.0-B52
2026-05-05 11:49:05,165 [INFO] ConfigFileManager:1595 - The Die is : DIE493
2026-05-05 11:49:06,604 [INFO] ProjectBuilder:5496 - Time for Generating toolchain IDE Files: 1571mS.
2026-05-05 11:49:06,606 [INFO] ProjectBuilder:3463 - Time for Copy CMSIS : 1mS.
2026-05-05 11:49:06,609 [INFO] ProjectBuilder:3463 - Time for Copy CMSIS : 0mS.
2026-05-05 12:02:25,525 [INFO] NvicIntPanel:101 - NVIC parent = com.st.microxplorer.plugins.ip.nvic.MultiNvicIntPanel[,0,0,505x174,layout=javax.swing.BoxLayout,alignmentX=0.0,alignmentY=0.0,border=,flags=9,maximumSize=,minimumSize=,preferredSize=]
2026-05-05 12:02:27,760 [INFO] NvicIntPanel:101 - NVIC parent = com.st.microxplorer.plugins.ip.nvic.MultiNvicIntPanel[,0,0,0x0,invalid,layout=javax.swing.BoxLayout,alignmentX=0.0,alignmentY=0.0,border=,flags=9,maximumSize=,minimumSize=,preferredSize=]
2026-05-05 12:02:31,926 [INFO] UtilMem:75 - End SaveConfig() Used Memory: 900927640 Bytes (1073741824)
2026-05-05 12:02:32,175 [INFO] UtilMem:75 - End SaveConfig() Used Memory: 916626336 Bytes (1073741824)
2026-05-05 12:02:32,987 [ERROR] IocParser:95 - Exception caught: Cannot invoke "java.lang.CharSequence.length()" because "this.text" is null
2026-05-05 12:02:33,531 [INFO] UtilMem:75 - End SaveConfig() Used Memory: 696583768 Bytes (1073741824)
2026-05-05 12:02:33,764 [INFO] BlockDiagram:2775 - set Specific Code input for plugin: NVIC
2026-05-05 12:02:33,765 [INFO] BlockDiagram:2775 - set Specific Code input for plugin: USART
2026-05-05 12:02:33,765 [INFO] BlockDiagram:2775 - set Specific Code input for plugin: NUCLEO-C071RB
2026-05-05 12:02:33,765 [INFO] BlockDiagram:2775 - set Specific Code input for plugin: SYS
2026-05-05 12:02:33,765 [INFO] BlockDiagram:2775 - set Specific Code input for plugin: GPIO
2026-05-05 12:02:33,765 [INFO] BlockDiagram:2775 - set Specific Code input for plugin: RCC
2026-05-05 12:02:33,768 [INFO] CodeGenerator:892 - code generatio: config db path: D:\STM32CubeIDE_1.19.0\STM32CubeIDE\plugins\com.st.stm32cube.common.mx_6.15.0.202507011659\\db\
2026-05-05 12:02:33,913 [INFO] CodeEngine:265 - oldGeneratedFile, D:\Strataroh_Git\25_SV09_Internship_Projects_FW\Asmita_04052026\UART_INTERRUPT\MXTmpFiles\license.tmp_save
2026-05-05 12:02:34,203 [INFO] CodeEngine:289 - Generated code: D:\Strataroh_Git\25_SV09_Internship_Projects_FW\Asmita_04052026\UART_INTERRUPT\MXTmpFiles\license.tmp
2026-05-05 12:02:34,279 [INFO] CodeEngine:265 - oldGeneratedFile, D:\Strataroh_Git\25_SV09_Internship_Projects_FW\Asmita_04052026\UART_INTERRUPT\MXTmpFiles\gpio.tmp_save
2026-05-05 12:02:34,514 [INFO] CodeEngine:289 - Generated code: D:\Strataroh_Git\25_SV09_Internship_Projects_FW\Asmita_04052026\UART_INTERRUPT\MXTmpFiles\gpio.tmp
2026-05-05 12:02:34,783 [INFO] CodeEngine:265 - oldGeneratedFile, D:\Strataroh_Git\25_SV09_Internship_Projects_FW\Asmita_04052026\UART_INTERRUPT\MXTmpFiles\cortex.tmp_save
2026-05-05 12:02:34,980 [INFO] CodeEngine:289 - Generated code: D:\Strataroh_Git\25_SV09_Internship_Projects_FW\Asmita_04052026\UART_INTERRUPT\MXTmpFiles\cortex.tmp
2026-05-05 12:02:35,029 [INFO] CodeEngine:265 - oldGeneratedFile, D:\Strataroh_Git\25_SV09_Internship_Projects_FW\Asmita_04052026\UART_INTERRUPT\Core\Inc\stm32c0xx_nucleo_conf.h_save
2026-05-05 12:02:35,209 [INFO] CodeEngine:289 - Generated code: D:\Strataroh_Git\25_SV09_Internship_Projects_FW\Asmita_04052026\UART_INTERRUPT\Core\Inc\stm32c0xx_nucleo_conf.h
2026-05-05 12:02:35,216 [INFO] CodeEngine:265 - oldGeneratedFile, D:\Strataroh_Git\25_SV09_Internship_Projects_FW\Asmita_04052026\UART_INTERRUPT\MXTmpFiles\bsp_inc.tmp_save
2026-05-05 12:02:35,316 [INFO] CodeEngine:289 - Generated code: D:\Strataroh_Git\25_SV09_Internship_Projects_FW\Asmita_04052026\UART_INTERRUPT\MXTmpFiles\bsp_inc.tmp
2026-05-05 12:02:35,324 [INFO] CodeEngine:265 - oldGeneratedFile, D:\Strataroh_Git\25_SV09_Internship_Projects_FW\Asmita_04052026\UART_INTERRUPT\MXTmpFiles\bsp_common_vars.tmp_save
2026-05-05 12:02:35,420 [INFO] CodeEngine:289 - Generated code: D:\Strataroh_Git\25_SV09_Internship_Projects_FW\Asmita_04052026\UART_INTERRUPT\MXTmpFiles\bsp_common_vars.tmp
2026-05-05 12:02:35,428 [INFO] CodeEngine:265 - oldGeneratedFile, D:\Strataroh_Git\25_SV09_Internship_Projects_FW\Asmita_04052026\UART_INTERRUPT\MXTmpFiles\bsp_common_init.tmp_save
2026-05-05 12:02:35,544 [INFO] CodeEngine:289 - Generated code: D:\Strataroh_Git\25_SV09_Internship_Projects_FW\Asmita_04052026\UART_INTERRUPT\MXTmpFiles\bsp_common_init.tmp
2026-05-05 12:02:35,552 [INFO] CodeEngine:265 - oldGeneratedFile, D:\Strataroh_Git\25_SV09_Internship_Projects_FW\Asmita_04052026\UART_INTERRUPT\MXTmpFiles\bsp_common_demo_before_while.tmp_save
2026-05-05 12:02:35,647 [INFO] CodeEngine:289 - Generated code: D:\Strataroh_Git\25_SV09_Internship_Projects_FW\Asmita_04052026\UART_INTERRUPT\MXTmpFiles\bsp_common_demo_before_while.tmp
2026-05-05 12:02:35,652 [INFO] CodeEngine:265 - oldGeneratedFile, D:\Strataroh_Git\25_SV09_Internship_Projects_FW\Asmita_04052026\UART_INTERRUPT\MXTmpFiles\bsp_common_demo_inside_while.tmp_save
2026-05-05 12:02:35,779 [INFO] CodeEngine:289 - Generated code: D:\Strataroh_Git\25_SV09_Internship_Projects_FW\Asmita_04052026\UART_INTERRUPT\MXTmpFiles\bsp_common_demo_inside_while.tmp
2026-05-05 12:02:35,785 [INFO] CodeEngine:265 - oldGeneratedFile, D:\Strataroh_Git\25_SV09_Internship_Projects_FW\Asmita_04052026\UART_INTERRUPT\MXTmpFiles\bsp_common_demo_fct.tmp_save
2026-05-05 12:02:35,881 [INFO] CodeEngine:289 - Generated code: D:\Strataroh_Git\25_SV09_Internship_Projects_FW\Asmita_04052026\UART_INTERRUPT\MXTmpFiles\bsp_common_demo_fct.tmp
2026-05-05 12:02:35,897 [INFO] CodeEngine:265 - oldGeneratedFile, D:\Strataroh_Git\25_SV09_Internship_Projects_FW\Asmita_04052026\UART_INTERRUPT\Core\Src\stm32c0xx_it.c_save
2026-05-05 12:02:36,304 [INFO] CodeEngine:289 - Generated code: D:\Strataroh_Git\25_SV09_Internship_Projects_FW\Asmita_04052026\UART_INTERRUPT\Core\Src\stm32c0xx_it.c
2026-05-05 12:02:36,312 [INFO] CodeEngine:265 - oldGeneratedFile, D:\Strataroh_Git\25_SV09_Internship_Projects_FW\Asmita_04052026\UART_INTERRUPT\Core\Inc\stm32c0xx_it.h_save
2026-05-05 12:02:36,442 [INFO] CodeEngine:289 - Generated code: D:\Strataroh_Git\25_SV09_Internship_Projects_FW\Asmita_04052026\UART_INTERRUPT\Core\Inc\stm32c0xx_it.h
2026-05-05 12:02:36,503 [INFO] CodeEngine:265 - oldGeneratedFile, D:\Strataroh_Git\25_SV09_Internship_Projects_FW\Asmita_04052026\UART_INTERRUPT\Core\Src\stm32c0xx_hal_msp.c_save
2026-05-05 12:02:36,802 [INFO] CodeEngine:289 - Generated code: D:\Strataroh_Git\25_SV09_Internship_Projects_FW\Asmita_04052026\UART_INTERRUPT\Core\Src\stm32c0xx_hal_msp.c
2026-05-05 12:02:36,809 [INFO] CodeEngine:265 - oldGeneratedFile, D:\Strataroh_Git\25_SV09_Internship_Projects_FW\Asmita_04052026\UART_INTERRUPT\MXTmpFiles\system.tmp_save
2026-05-05 12:02:36,910 [INFO] CodeEngine:289 - Generated code: D:\Strataroh_Git\25_SV09_Internship_Projects_FW\Asmita_04052026\UART_INTERRUPT\MXTmpFiles\system.tmp
2026-05-05 12:02:36,926 [INFO] CodeEngine:321 - oldGeneratedFile, D:\Strataroh_Git\25_SV09_Internship_Projects_FW\Asmita_04052026\UART_INTERRUPT\Core\Inc\stm32c0xx_hal_conf.h_save
2026-05-05 12:02:37,156 [INFO] CodeEngine:345 - Generated code: D:\Strataroh_Git\25_SV09_Internship_Projects_FW\Asmita_04052026\UART_INTERRUPT\Core\Inc\stm32c0xx_hal_conf.h
2026-05-05 12:02:37,183 [WARN] IPConfigManager:3238 - Warning: the RefConfig RCC_PClockConfig is not available in your config.xml file
2026-05-05 12:02:37,183 [WARN] IPConfigManager:3238 - Warning: the RefConfig RCC_interrupt_Time_SYSTICK_Config is not available in your config.xml file
2026-05-05 12:02:37,196 [INFO] CodeEngine:265 - oldGeneratedFile, D:\Strataroh_Git\25_SV09_Internship_Projects_FW\Asmita_04052026\UART_INTERRUPT\Core\Inc\main.h_save
2026-05-05 12:02:37,430 [INFO] CodeEngine:289 - Generated code: D:\Strataroh_Git\25_SV09_Internship_Projects_FW\Asmita_04052026\UART_INTERRUPT\Core\Inc\main.h
2026-05-05 12:02:37,441 [INFO] CodeEngine:265 - oldGeneratedFile, D:\Strataroh_Git\25_SV09_Internship_Projects_FW\Asmita_04052026\UART_INTERRUPT\Core\Src\main.c_save
2026-05-05 12:02:37,601 [INFO] CodeEngine:289 - Generated code: D:\Strataroh_Git\25_SV09_Internship_Projects_FW\Asmita_04052026\UART_INTERRUPT\Core\Src\main.c
2026-05-05 12:02:38,102 [INFO] ProjectBuilder:3606 - Time for Copy HAL[1] : 232mS.
2026-05-05 12:02:38,106 [INFO] ProjectBuilder:5216 - Project Generator version: 4.7.0-B52
2026-05-05 12:02:38,296 [INFO] ConfigFileManager:1595 - The Die is : DIE493
2026-05-05 12:02:39,300 [INFO] ProjectBuilder:5496 - Time for Generating toolchain IDE Files: 1194mS.
2026-05-05 12:02:39,301 [INFO] ProjectBuilder:3463 - Time for Copy CMSIS : 0mS.
2026-05-05 12:02:39,303 [INFO] ProjectBuilder:3463 - Time for Copy CMSIS : 0mS.
2026-05-05 12:36:23,200 [INFO] UtilMem:75 - End SaveConfig() Used Memory: 824425344 Bytes (1073741824)
2026-05-05 12:36:23,413 [INFO] UtilMem:75 - End SaveConfig() Used Memory: 840055544 Bytes (1073741824)
2026-05-05 12:36:24,352 [ERROR] IocParser:95 - Exception caught: Cannot invoke "java.lang.CharSequence.length()" because "this.text" is null
2026-05-05 12:36:24,817 [INFO] UtilMem:75 - End SaveConfig() Used Memory: 934949624 Bytes (1073741824)
2026-05-05 12:36:25,058 [INFO] BlockDiagram:2775 - set Specific Code input for plugin: NVIC
2026-05-05 12:36:25,060 [INFO] BlockDiagram:2775 - set Specific Code input for plugin: USART
2026-05-05 12:36:25,060 [INFO] BlockDiagram:2775 - set Specific Code input for plugin: NUCLEO-C071RB
2026-05-05 12:36:25,060 [INFO] BlockDiagram:2775 - set Specific Code input for plugin: SYS
2026-05-05 12:36:25,061 [INFO] BlockDiagram:2775 - set Specific Code input for plugin: GPIO
2026-05-05 12:36:25,061 [INFO] BlockDiagram:2775 - set Specific Code input for plugin: RCC
2026-05-05 12:36:25,063 [INFO] CodeGenerator:892 - code generatio: config db path: D:\STM32CubeIDE_1.19.0\STM32CubeIDE\plugins\com.st.stm32cube.common.mx_6.15.0.202507011659\\db\
2026-05-05 12:36:25,206 [INFO] CodeEngine:265 - oldGeneratedFile, D:\Strataroh_Git\25_SV09_Internship_Projects_FW\Asmita_04052026\UART_INTERRUPT\MXTmpFiles\license.tmp_save
2026-05-05 12:36:25,732 [INFO] CodeEngine:289 - Generated code: D:\Strataroh_Git\25_SV09_Internship_Projects_FW\Asmita_04052026\UART_INTERRUPT\MXTmpFiles\license.tmp
2026-05-05 12:36:25,806 [INFO] CodeEngine:265 - oldGeneratedFile, D:\Strataroh_Git\25_SV09_Internship_Projects_FW\Asmita_04052026\UART_INTERRUPT\MXTmpFiles\gpio.tmp_save
2026-05-05 12:36:26,146 [INFO] CodeEngine:289 - Generated code: D:\Strataroh_Git\25_SV09_Internship_Projects_FW\Asmita_04052026\UART_INTERRUPT\MXTmpFiles\gpio.tmp
2026-05-05 12:36:26,398 [INFO] CodeEngine:265 - oldGeneratedFile, D:\Strataroh_Git\25_SV09_Internship_Projects_FW\Asmita_04052026\UART_INTERRUPT\MXTmpFiles\cortex.tmp_save
2026-05-05 12:36:26,658 [INFO] CodeEngine:289 - Generated code: D:\Strataroh_Git\25_SV09_Internship_Projects_FW\Asmita_04052026\UART_INTERRUPT\MXTmpFiles\cortex.tmp
2026-05-05 12:36:26,699 [INFO] CodeEngine:265 - oldGeneratedFile, D:\Strataroh_Git\25_SV09_Internship_Projects_FW\Asmita_04052026\UART_INTERRUPT\Core\Inc\stm32c0xx_nucleo_conf.h_save
2026-05-05 12:36:26,900 [INFO] CodeEngine:289 - Generated code: D:\Strataroh_Git\25_SV09_Internship_Projects_FW\Asmita_04052026\UART_INTERRUPT\Core\Inc\stm32c0xx_nucleo_conf.h
2026-05-05 12:36:26,905 [INFO] CodeEngine:265 - oldGeneratedFile, D:\Strataroh_Git\25_SV09_Internship_Projects_FW\Asmita_04052026\UART_INTERRUPT\MXTmpFiles\bsp_inc.tmp_save
2026-05-05 12:36:27,025 [INFO] CodeEngine:289 - Generated code: D:\Strataroh_Git\25_SV09_Internship_Projects_FW\Asmita_04052026\UART_INTERRUPT\MXTmpFiles\bsp_inc.tmp
2026-05-05 12:36:27,046 [INFO] CodeEngine:265 - oldGeneratedFile, D:\Strataroh_Git\25_SV09_Internship_Projects_FW\Asmita_04052026\UART_INTERRUPT\MXTmpFiles\bsp_common_vars.tmp_save
2026-05-05 12:36:27,158 [INFO] CodeEngine:289 - Generated code: D:\Strataroh_Git\25_SV09_Internship_Projects_FW\Asmita_04052026\UART_INTERRUPT\MXTmpFiles\bsp_common_vars.tmp
2026-05-05 12:36:27,166 [INFO] CodeEngine:265 - oldGeneratedFile, D:\Strataroh_Git\25_SV09_Internship_Projects_FW\Asmita_04052026\UART_INTERRUPT\MXTmpFiles\bsp_common_init.tmp_save
2026-05-05 12:36:27,287 [INFO] CodeEngine:289 - Generated code: D:\Strataroh_Git\25_SV09_Internship_Projects_FW\Asmita_04052026\UART_INTERRUPT\MXTmpFiles\bsp_common_init.tmp
2026-05-05 12:36:27,294 [INFO] CodeEngine:265 - oldGeneratedFile, D:\Strataroh_Git\25_SV09_Internship_Projects_FW\Asmita_04052026\UART_INTERRUPT\MXTmpFiles\bsp_common_demo_before_while.tmp_save
2026-05-05 12:36:27,409 [INFO] CodeEngine:289 - Generated code: D:\Strataroh_Git\25_SV09_Internship_Projects_FW\Asmita_04052026\UART_INTERRUPT\MXTmpFiles\bsp_common_demo_before_while.tmp
2026-05-05 12:36:27,416 [INFO] CodeEngine:265 - oldGeneratedFile, D:\Strataroh_Git\25_SV09_Internship_Projects_FW\Asmita_04052026\UART_INTERRUPT\MXTmpFiles\bsp_common_demo_inside_while.tmp_save
2026-05-05 12:36:27,524 [INFO] CodeEngine:289 - Generated code: D:\Strataroh_Git\25_SV09_Internship_Projects_FW\Asmita_04052026\UART_INTERRUPT\MXTmpFiles\bsp_common_demo_inside_while.tmp
2026-05-05 12:36:27,532 [INFO] CodeEngine:265 - oldGeneratedFile, D:\Strataroh_Git\25_SV09_Internship_Projects_FW\Asmita_04052026\UART_INTERRUPT\MXTmpFiles\bsp_common_demo_fct.tmp_save
2026-05-05 12:36:27,652 [INFO] CodeEngine:289 - Generated code: D:\Strataroh_Git\25_SV09_Internship_Projects_FW\Asmita_04052026\UART_INTERRUPT\MXTmpFiles\bsp_common_demo_fct.tmp
2026-05-05 12:36:27,675 [INFO] CodeEngine:265 - oldGeneratedFile, D:\Strataroh_Git\25_SV09_Internship_Projects_FW\Asmita_04052026\UART_INTERRUPT\Core\Src\stm32c0xx_it.c_save
2026-05-05 12:36:28,098 [INFO] CodeEngine:289 - Generated code: D:\Strataroh_Git\25_SV09_Internship_Projects_FW\Asmita_04052026\UART_INTERRUPT\Core\Src\stm32c0xx_it.c
2026-05-05 12:36:28,106 [INFO] CodeEngine:265 - oldGeneratedFile, D:\Strataroh_Git\25_SV09_Internship_Projects_FW\Asmita_04052026\UART_INTERRUPT\Core\Inc\stm32c0xx_it.h_save
2026-05-05 12:36:28,254 [INFO] CodeEngine:289 - Generated code: D:\Strataroh_Git\25_SV09_Internship_Projects_FW\Asmita_04052026\UART_INTERRUPT\Core\Inc\stm32c0xx_it.h
2026-05-05 12:36:28,324 [INFO] CodeEngine:265 - oldGeneratedFile, D:\Strataroh_Git\25_SV09_Internship_Projects_FW\Asmita_04052026\UART_INTERRUPT\Core\Src\stm32c0xx_hal_msp.c_save
2026-05-05 12:36:28,577 [INFO] CodeEngine:289 - Generated code: D:\Strataroh_Git\25_SV09_Internship_Projects_FW\Asmita_04052026\UART_INTERRUPT\Core\Src\stm32c0xx_hal_msp.c
2026-05-05 12:36:28,584 [INFO] CodeEngine:265 - oldGeneratedFile, D:\Strataroh_Git\25_SV09_Internship_Projects_FW\Asmita_04052026\UART_INTERRUPT\MXTmpFiles\system.tmp_save
2026-05-05 12:36:28,683 [INFO] CodeEngine:289 - Generated code: D:\Strataroh_Git\25_SV09_Internship_Projects_FW\Asmita_04052026\UART_INTERRUPT\MXTmpFiles\system.tmp
2026-05-05 12:36:28,699 [INFO] CodeEngine:321 - oldGeneratedFile, D:\Strataroh_Git\25_SV09_Internship_Projects_FW\Asmita_04052026\UART_INTERRUPT\Core\Inc\stm32c0xx_hal_conf.h_save
2026-05-05 12:36:28,932 [INFO] CodeEngine:345 - Generated code: D:\Strataroh_Git\25_SV09_Internship_Projects_FW\Asmita_04052026\UART_INTERRUPT\Core\Inc\stm32c0xx_hal_conf.h
2026-05-05 12:36:28,964 [WARN] IPConfigManager:3238 - Warning: the RefConfig RCC_PClockConfig is not available in your config.xml file
2026-05-05 12:36:28,965 [WARN] IPConfigManager:3238 - Warning: the RefConfig RCC_interrupt_Time_SYSTICK_Config is not available in your config.xml file
2026-05-05 12:36:28,980 [INFO] CodeEngine:265 - oldGeneratedFile, D:\Strataroh_Git\25_SV09_Internship_Projects_FW\Asmita_04052026\UART_INTERRUPT\Core\Inc\main.h_save
2026-05-05 12:36:29,206 [INFO] CodeEngine:289 - Generated code: D:\Strataroh_Git\25_SV09_Internship_Projects_FW\Asmita_04052026\UART_INTERRUPT\Core\Inc\main.h
2026-05-05 12:36:29,215 [INFO] CodeEngine:265 - oldGeneratedFile, D:\Strataroh_Git\25_SV09_Internship_Projects_FW\Asmita_04052026\UART_INTERRUPT\Core\Src\main.c_save
2026-05-05 12:36:29,410 [INFO] CodeEngine:289 - Generated code: D:\Strataroh_Git\25_SV09_Internship_Projects_FW\Asmita_04052026\UART_INTERRUPT\Core\Src\main.c
2026-05-05 12:36:30,007 [INFO] ProjectBuilder:3606 - Time for Copy HAL[1] : 229mS.
2026-05-05 12:36:30,013 [INFO] ProjectBuilder:5216 - Project Generator version: 4.7.0-B52
2026-05-05 12:36:30,226 [INFO] ConfigFileManager:1595 - The Die is : DIE493
2026-05-05 12:36:31,495 [INFO] ProjectBuilder:5496 - Time for Generating toolchain IDE Files: 1482mS.
2026-05-05 12:36:31,496 [INFO] ProjectBuilder:3463 - Time for Copy CMSIS : 1mS.
2026-05-05 12:36:31,499 [INFO] ProjectBuilder:3463 - Time for Copy CMSIS : 0mS.
2026-05-05 13:38:34,477 [INFO] NvicIntPanel:101 - NVIC parent = com.st.microxplorer.plugins.ip.nvic.MultiNvicIntPanel[,0,0,0x0,invalid,layout=javax.swing.BoxLayout,alignmentX=0.0,alignmentY=0.0,border=,flags=9,maximumSize=,minimumSize=,preferredSize=]
2026-05-05 13:38:46,292 [INFO] NvicIntPanel:101 - NVIC parent = com.st.microxplorer.plugins.ip.nvic.MultiNvicIntPanel[,0,0,0x0,invalid,layout=javax.swing.BoxLayout,alignmentX=0.0,alignmentY=0.0,border=,flags=9,maximumSize=,minimumSize=,preferredSize=]
2026-05-05 13:38:52,822 [INFO] NvicIntPanel:101 - NVIC parent = com.st.microxplorer.plugins.ip.nvic.MultiNvicIntPanel[,0,0,0x0,invalid,layout=javax.swing.BoxLayout,alignmentX=0.0,alignmentY=0.0,border=,flags=9,maximumSize=,minimumSize=,preferredSize=]
2026-05-05 13:39:22,794 [INFO] UtilMem:75 - End SaveConfig() Used Memory: 937954952 Bytes (1073741824)
2026-05-05 13:39:23,015 [INFO] UtilMem:75 - End SaveConfig() Used Memory: 953617080 Bytes (1073741824)
2026-05-05 13:39:23,852 [ERROR] IocParser:95 - Exception caught: Cannot invoke "java.lang.CharSequence.length()" because "this.text" is null
2026-05-05 13:39:24,488 [INFO] UtilMem:75 - End SaveConfig() Used Memory: 718547424 Bytes (1073741824)
2026-05-05 13:39:24,687 [INFO] BlockDiagram:2775 - set Specific Code input for plugin: NVIC
2026-05-05 13:39:24,687 [INFO] BlockDiagram:2775 - set Specific Code input for plugin: USART
2026-05-05 13:39:24,687 [INFO] BlockDiagram:2775 - set Specific Code input for plugin: NUCLEO-C071RB
2026-05-05 13:39:24,687 [INFO] BlockDiagram:2775 - set Specific Code input for plugin: SYS
2026-05-05 13:39:24,689 [INFO] BlockDiagram:2775 - set Specific Code input for plugin: GPIO
2026-05-05 13:39:24,689 [INFO] BlockDiagram:2775 - set Specific Code input for plugin: RCC
2026-05-05 13:39:24,689 [INFO] CodeGenerator:892 - code generatio: config db path: D:\STM32CubeIDE_1.19.0\STM32CubeIDE\plugins\com.st.stm32cube.common.mx_6.15.0.202507011659\\db\
2026-05-05 13:39:24,806 [INFO] CodeEngine:265 - oldGeneratedFile, D:\Strataroh_Git\25_SV09_Internship_Projects_FW\Asmita_04052026\UART_INTERRUPT\MXTmpFiles\license.tmp_save
2026-05-05 13:39:25,409 [INFO] CodeEngine:289 - Generated code: D:\Strataroh_Git\25_SV09_Internship_Projects_FW\Asmita_04052026\UART_INTERRUPT\MXTmpFiles\license.tmp
2026-05-05 13:39:25,485 [INFO] CodeEngine:265 - oldGeneratedFile, D:\Strataroh_Git\25_SV09_Internship_Projects_FW\Asmita_04052026\UART_INTERRUPT\MXTmpFiles\gpio.tmp_save
2026-05-05 13:39:25,815 [INFO] CodeEngine:289 - Generated code: D:\Strataroh_Git\25_SV09_Internship_Projects_FW\Asmita_04052026\UART_INTERRUPT\MXTmpFiles\gpio.tmp
2026-05-05 13:39:26,089 [INFO] CodeEngine:265 - oldGeneratedFile, D:\Strataroh_Git\25_SV09_Internship_Projects_FW\Asmita_04052026\UART_INTERRUPT\MXTmpFiles\cortex.tmp_save
2026-05-05 13:39:26,372 [INFO] CodeEngine:289 - Generated code: D:\Strataroh_Git\25_SV09_Internship_Projects_FW\Asmita_04052026\UART_INTERRUPT\MXTmpFiles\cortex.tmp
2026-05-05 13:39:26,416 [INFO] CodeEngine:265 - oldGeneratedFile, D:\Strataroh_Git\25_SV09_Internship_Projects_FW\Asmita_04052026\UART_INTERRUPT\Core\Inc\stm32c0xx_nucleo_conf.h_save
2026-05-05 13:39:26,645 [INFO] CodeEngine:289 - Generated code: D:\Strataroh_Git\25_SV09_Internship_Projects_FW\Asmita_04052026\UART_INTERRUPT\Core\Inc\stm32c0xx_nucleo_conf.h
2026-05-05 13:39:26,652 [INFO] CodeEngine:265 - oldGeneratedFile, D:\Strataroh_Git\25_SV09_Internship_Projects_FW\Asmita_04052026\UART_INTERRUPT\MXTmpFiles\bsp_inc.tmp_save
2026-05-05 13:39:26,768 [INFO] CodeEngine:289 - Generated code: D:\Strataroh_Git\25_SV09_Internship_Projects_FW\Asmita_04052026\UART_INTERRUPT\MXTmpFiles\bsp_inc.tmp
2026-05-05 13:39:26,778 [INFO] CodeEngine:265 - oldGeneratedFile, D:\Strataroh_Git\25_SV09_Internship_Projects_FW\Asmita_04052026\UART_INTERRUPT\MXTmpFiles\bsp_common_vars.tmp_save
2026-05-05 13:39:26,896 [INFO] CodeEngine:289 - Generated code: D:\Strataroh_Git\25_SV09_Internship_Projects_FW\Asmita_04052026\UART_INTERRUPT\MXTmpFiles\bsp_common_vars.tmp
2026-05-05 13:39:26,905 [INFO] CodeEngine:265 - oldGeneratedFile, D:\Strataroh_Git\25_SV09_Internship_Projects_FW\Asmita_04052026\UART_INTERRUPT\MXTmpFiles\bsp_common_init.tmp_save
2026-05-05 13:39:27,020 [INFO] CodeEngine:289 - Generated code: D:\Strataroh_Git\25_SV09_Internship_Projects_FW\Asmita_04052026\UART_INTERRUPT\MXTmpFiles\bsp_common_init.tmp
2026-05-05 13:39:27,036 [INFO] CodeEngine:265 - oldGeneratedFile, D:\Strataroh_Git\25_SV09_Internship_Projects_FW\Asmita_04052026\UART_INTERRUPT\MXTmpFiles\bsp_common_demo_before_while.tmp_save
2026-05-05 13:39:27,153 [INFO] CodeEngine:289 - Generated code: D:\Strataroh_Git\25_SV09_Internship_Projects_FW\Asmita_04052026\UART_INTERRUPT\MXTmpFiles\bsp_common_demo_before_while.tmp
2026-05-05 13:39:27,173 [INFO] CodeEngine:265 - oldGeneratedFile, D:\Strataroh_Git\25_SV09_Internship_Projects_FW\Asmita_04052026\UART_INTERRUPT\MXTmpFiles\bsp_common_demo_inside_while.tmp_save
2026-05-05 13:39:27,283 [INFO] CodeEngine:289 - Generated code: D:\Strataroh_Git\25_SV09_Internship_Projects_FW\Asmita_04052026\UART_INTERRUPT\MXTmpFiles\bsp_common_demo_inside_while.tmp
2026-05-05 13:39:27,291 [INFO] CodeEngine:265 - oldGeneratedFile, D:\Strataroh_Git\25_SV09_Internship_Projects_FW\Asmita_04052026\UART_INTERRUPT\MXTmpFiles\bsp_common_demo_fct.tmp_save
2026-05-05 13:39:27,392 [INFO] CodeEngine:289 - Generated code: D:\Strataroh_Git\25_SV09_Internship_Projects_FW\Asmita_04052026\UART_INTERRUPT\MXTmpFiles\bsp_common_demo_fct.tmp
2026-05-05 13:39:27,410 [INFO] CodeEngine:265 - oldGeneratedFile, D:\Strataroh_Git\25_SV09_Internship_Projects_FW\Asmita_04052026\UART_INTERRUPT\Core\Src\stm32c0xx_it.c_save
2026-05-05 13:39:27,741 [INFO] CodeEngine:289 - Generated code: D:\Strataroh_Git\25_SV09_Internship_Projects_FW\Asmita_04052026\UART_INTERRUPT\Core\Src\stm32c0xx_it.c
2026-05-05 13:39:27,753 [INFO] CodeEngine:265 - oldGeneratedFile, D:\Strataroh_Git\25_SV09_Internship_Projects_FW\Asmita_04052026\UART_INTERRUPT\Core\Inc\stm32c0xx_it.h_save
2026-05-05 13:39:27,860 [INFO] CodeEngine:289 - Generated code: D:\Strataroh_Git\25_SV09_Internship_Projects_FW\Asmita_04052026\UART_INTERRUPT\Core\Inc\stm32c0xx_it.h
2026-05-05 13:39:27,924 [INFO] CodeEngine:265 - oldGeneratedFile, D:\Strataroh_Git\25_SV09_Internship_Projects_FW\Asmita_04052026\UART_INTERRUPT\Core\Src\stm32c0xx_hal_msp.c_save
2026-05-05 13:39:28,190 [INFO] CodeEngine:289 - Generated code: D:\Strataroh_Git\25_SV09_Internship_Projects_FW\Asmita_04052026\UART_INTERRUPT\Core\Src\stm32c0xx_hal_msp.c
2026-05-05 13:39:28,196 [INFO] CodeEngine:265 - oldGeneratedFile, D:\Strataroh_Git\25_SV09_Internship_Projects_FW\Asmita_04052026\UART_INTERRUPT\MXTmpFiles\system.tmp_save
2026-05-05 13:39:28,298 [INFO] CodeEngine:289 - Generated code: D:\Strataroh_Git\25_SV09_Internship_Projects_FW\Asmita_04052026\UART_INTERRUPT\MXTmpFiles\system.tmp
2026-05-05 13:39:28,317 [INFO] CodeEngine:321 - oldGeneratedFile, D:\Strataroh_Git\25_SV09_Internship_Projects_FW\Asmita_04052026\UART_INTERRUPT\Core\Inc\stm32c0xx_hal_conf.h_save
2026-05-05 13:39:28,565 [INFO] CodeEngine:345 - Generated code: D:\Strataroh_Git\25_SV09_Internship_Projects_FW\Asmita_04052026\UART_INTERRUPT\Core\Inc\stm32c0xx_hal_conf.h
2026-05-05 13:39:28,593 [WARN] IPConfigManager:3238 - Warning: the RefConfig RCC_PClockConfig is not available in your config.xml file
2026-05-05 13:39:28,593 [WARN] IPConfigManager:3238 - Warning: the RefConfig RCC_interrupt_Time_SYSTICK_Config is not available in your config.xml file
2026-05-05 13:39:28,609 [INFO] CodeEngine:265 - oldGeneratedFile, D:\Strataroh_Git\25_SV09_Internship_Projects_FW\Asmita_04052026\UART_INTERRUPT\Core\Inc\main.h_save
2026-05-05 13:39:28,862 [INFO] CodeEngine:289 - Generated code: D:\Strataroh_Git\25_SV09_Internship_Projects_FW\Asmita_04052026\UART_INTERRUPT\Core\Inc\main.h
2026-05-05 13:39:28,871 [INFO] CodeEngine:265 - oldGeneratedFile, D:\Strataroh_Git\25_SV09_Internship_Projects_FW\Asmita_04052026\UART_INTERRUPT\Core\Src\main.c_save
2026-05-05 13:39:29,081 [INFO] CodeEngine:289 - Generated code: D:\Strataroh_Git\25_SV09_Internship_Projects_FW\Asmita_04052026\UART_INTERRUPT\Core\Src\main.c
2026-05-05 13:39:29,682 [INFO] ProjectBuilder:3606 - Time for Copy HAL[1] : 257mS.
2026-05-05 13:39:29,687 [INFO] ProjectBuilder:5216 - Project Generator version: 4.7.0-B52
2026-05-05 13:39:29,851 [INFO] ConfigFileManager:1595 - The Die is : DIE493
2026-05-05 13:39:30,937 [INFO] ProjectBuilder:5496 - Time for Generating toolchain IDE Files: 1249mS.
2026-05-05 13:39:30,938 [INFO] ProjectBuilder:3463 - Time for Copy CMSIS : 1mS.
2026-05-05 13:39:30,941 [INFO] ProjectBuilder:3463 - Time for Copy CMSIS : 0mS.
2026-05-05 14:13:32,687 [INFO] WebApp:194 - Connection lost
2026-05-05 14:13:32,913 [INFO] WebApp:191 - Connection restablished
2026-05-05 14:13:34,898 [INFO] WebApp:194 - Connection lost
2026-05-05 14:13:36,096 [INFO] WebApp:191 - Connection restablished
2026-05-05 15:26:09,970 [INFO] MainUpdater:2872 - connection check result : 10
2026-05-05 15:26:10,121 [INFO] McuFinderGlobals:76 - Set McuFinderConnectedMode to true
2026-05-05 15:26:10,124 [INFO] MultiScanPanel:200 - Auto-refresh data requested => check proxy status ongoing
2026-05-05 15:26:10,125 [INFO] FinderPluginLoader:96 - Searching for filters in installed packs
2026-05-05 15:26:12,005 [INFO] LoadUrlFilesThread:185 - End of LoadServerUrlFiles without Thread
2026-05-05 15:26:12,006 [INFO] DetailPanel:341 - Set advertising image to C:/Users/Asmita Milind Bagad/STM32Cube/Repository/\en.prom-stm32wba2-stm32-nucleo-board-0426.png
2026-05-05 15:26:15,072 [INFO] MultiScanPanel:200 - Auto-refresh data requested => check proxy status ongoing
2026-05-05 15:26:15,127 [INFO] LoadUrlFilesThread:185 - End of LoadServerUrlFiles without Thread
2026-05-05 15:26:15,127 [INFO] DetailPanel:341 - Set advertising image to C:/Users/Asmita Milind Bagad/STM32Cube/Repository/\en.prom-stm32wba2-stm32-nucleo-board-0426.png
2026-05-05 15:26:56,791 [INFO] MainUpdater:2872 - connection check result : 10
2026-05-05 15:26:56,791 [INFO] MainUpdater:2872 - connection check result : 10
2026-05-05 15:26:56,802 [ERROR] IocParser:95 - Exception caught: Cannot invoke "java.lang.CharSequence.length()" because "this.text" is null
2026-05-05 15:26:56,850 [INFO] MicroXplorer:468 - Change Database Path : 
2026-05-05 15:26:56,850 [INFO] MicroXplorer:498 - Change Database Version : DB.6.0.150
2026-05-05 15:26:56,868 [ERROR] ProjectManagerView:395 - 
java.lang.NullPointerException: Cannot invoke "javax.swing.JTextField.getText()" because the return value of "java.util.List.get(int)" is null
	at com.st.microxplorer.plugins.projectmanager.gui.ProjectChoiceTab$9.caretUpdate(ProjectChoiceTab.java:2706) ~[filemanager.jar:?]
	at javax.swing.text.JTextComponent.fireCaretUpdate(JTextComponent.java:408) ~[?:?]
	at javax.swing.text.JTextComponent$MutableCaretEvent.fire(JTextComponent.java:4484) ~[?:?]
	at javax.swing.text.JTextComponent$MutableCaretEvent.stateChanged(JTextComponent.java:4506) ~[?:?]
	at javax.swing.text.DefaultCaret.fireStateChanged(DefaultCaret.java:857) ~[?:?]
	at javax.swing.text.DefaultCaret.changeCaretPosition(DefaultCaret.java:1343) ~[?:?]
	at javax.swing.text.DefaultCaret.handleSetDot(DefaultCaret.java:1242) ~[?:?]
	at javax.swing.text.DefaultCaret.setDot(DefaultCaret.java:1223) ~[?:?]
	at javax.swing.text.DefaultCaret$Handler.insertUpdate(DefaultCaret.java:1819) ~[?:?]
	at javax.swing.text.AbstractDocument.fireInsertUpdate(AbstractDocument.java:227) ~[?:?]
	at javax.swing.text.AbstractDocument.handleInsertString(AbstractDocument.java:781) ~[?:?]
	at javax.swing.text.AbstractDocument.insertString(AbstractDocument.java:740) ~[?:?]
	at javax.swing.text.PlainDocument.insertString(PlainDocument.java:131) ~[?:?]
	at javax.swing.text.AbstractDocument.replace(AbstractDocument.java:699) ~[?:?]
	at javax.swing.text.JTextComponent.setText(JTextComponent.java:1725) ~[?:?]
	at com.st.microxplorer.plugins.projectmanager.gui.ProjectChoiceTab.createHeapStackFields(ProjectChoiceTab.java:993) ~[filemanager.jar:?]
	at com.st.microxplorer.plugins.projectmanager.gui.ProjectChoiceTab.buildLinkSettingsPanel(ProjectChoiceTab.java:3813) ~[filemanager.jar:?]
	at com.st.microxplorer.plugins.projectmanager.gui.ProjectChoiceTab.defineWindowsFields(ProjectChoiceTab.java:1987) ~[filemanager.jar:?]
	at com.st.microxplorer.plugins.projectmanager.gui.ProjectChoiceTab.updateSettings(ProjectChoiceTab.java:558) ~[filemanager.jar:?]
	at com.st.microxplorer.plugins.projectmanager.gui.ProjectSettingsPanel.UpdateDialog(ProjectSettingsPanel.java:247) ~[filemanager.jar:?]
	at com.st.microxplorer.plugins.projectmanager.ProjectManagerView.propertyChange(ProjectManagerView.java:392) ~[filemanager.jar:?]
	at java.beans.PropertyChangeSupport.fire(PropertyChangeSupport.java:343) ~[?:?]
	at java.beans.PropertyChangeSupport.firePropertyChange(PropertyChangeSupport.java:335) ~[?:?]
	at java.beans.PropertyChangeSupport.firePropertyChange(PropertyChangeSupport.java:268) ~[?:?]
	at com.st.microxplorer.util.MXPropertyChangeSupport.firePropertyChange(MXPropertyChangeSupport.java:54) ~[STM32CubeMX.jar:?]
	at com.st.microxplorer.mxsystem.MxSystem.closeConfig(MxSystem.java:899) ~[STM32CubeMX.jar:?]
	at com.st.microxplorer.maingui.MainPanel.closeConfig(MainPanel.java:792) ~[STM32CubeMX.jar:?]
	at com.st.microxplorer.plugins.filemanager.engine.OpenFileManager.loadConfigurationFile(OpenFileManager.java:288) ~[filemanager.jar:?]
	at com.st.microxplorer.plugins.filemanager.engine.MainFileManager.userLoadConfig(MainFileManager.java:364) ~[filemanager.jar:?]
	at com.st.microxplorer.plugins.filemanager.FileManagerView.getSpecificTask(FileManagerView.java:268) ~[filemanager.jar:?]
	at com.st.stm32cube.common.mx.editor.CubeMxEditor.getMxTabbedPaneInstance(CubeMxEditor.java:1191) ~[com.st.stm32cube.common.mx_6.15.0.202507011659/:?]
	at com.st.stm32cube.common.mx.editor.CubeMxEditor$12$1.createSwingComponent(CubeMxEditor.java:1068) ~[com.st.stm32cube.common.mx_6.15.0.202507011659/:?]
	at com.st.stm32cube.common.mx.oss.core.awtswtbridge.EmbeddedSwingComposite.doComponentCreation(EmbeddedSwingComposite.java:492) ~[com.st.stm32cube.common.mx.oss_6.15.0.202507011659/:?]
	at com.st.stm32cube.common.mx.oss.core.awtswtbridge.EmbeddedSwingComposite$4.run(EmbeddedSwingComposite.java:291) ~[com.st.stm32cube.common.mx.oss_6.15.0.202507011659/:?]
	at com.st.stm32cube.common.mx.oss.core.awtswtbridge.AwtEnvironment$2.run(AwtEnvironment.java:166) ~[com.st.stm32cube.common.mx.oss_6.15.0.202507011659/:?]
	at java.awt.event.InvocationEvent.dispatch(InvocationEvent.java:318) ~[?:?]
	at java.awt.EventQueue.dispatchEventImpl(EventQueue.java:773) ~[?:?]
	at java.awt.EventQueue$4.run(EventQueue.java:720) ~[?:?]
	at java.awt.EventQueue$4.run(EventQueue.java:714) ~[?:?]
	at java.security.AccessController.doPrivileged(AccessController.java:400) ~[?:?]
	at java.security.ProtectionDomain$JavaSecurityAccessImpl.doIntersectionPrivilege(ProtectionDomain.java:87) ~[?:?]
	at java.awt.EventQueue.dispatchEvent(EventQueue.java:742) ~[?:?]
	at java.awt.EventDispatchThread.pumpOneEventForFilters(EventDispatchThread.java:203) ~[?:?]
	at java.awt.EventDispatchThread.pumpEventsForFilter(EventDispatchThread.java:124) ~[?:?]
	at java.awt.EventDispatchThread.pumpEventsForHierarchy(EventDispatchThread.java:113) ~[?:?]
	at java.awt.EventDispatchThread.pumpEvents(EventDispatchThread.java:109) ~[?:?]
	at java.awt.EventDispatchThread.pumpEvents(EventDispatchThread.java:101) ~[?:?]
	at java.awt.EventDispatchThread.run(EventDispatchThread.java:90) ~[?:?]
2026-05-05 15:26:56,869 [WARN] ThirdParty:871 - waiting for thirdparty lock release [close project]
2026-05-05 15:26:56,869 [INFO] ThirdParty:873 - entering critical section [close project]
2026-05-05 15:26:56,869 [INFO] ThirdParty:883 - exiting critical section [close project]
2026-05-05 15:26:56,871 [INFO] PinOutPanel:1589 - setPackage(No Configuration,No Configuration)
2026-05-05 15:26:56,875 [INFO] UtilMem:75 - Begin LoadConfig() Used Memory: 872614096 Bytes (1073741824)
2026-05-05 15:26:56,876 [INFO] OpenFileManager:355 - Change cursor
2026-05-05 15:26:56,905 [INFO] RulesReader:64 - Compatibility file has been processed (317 Rules)
2026-05-05 15:26:56,910 [INFO] Mcu:2029 - Initializing MCU STM32C071RBTx STM32C071RBTx STM32C071RBT6
2026-05-05 15:26:57,818 [INFO] Context:786 - Trying to add GPIOservice into a context  which must be forbidden
2026-05-05 15:26:58,242 [INFO] Rule:233 - rule Adapt Old IOC before rework replace old CORTEX_M33/CORTEX_M55 attributes by the new one. is applicable
2026-05-05 15:26:58,242 [INFO] Rule:233 - rule Rename parametre of RCC RCC_APBDBG_DIV2 to RCC_TIMPRES_DIV2 is applicable
2026-05-05 15:26:58,242 [INFO] Rule:233 - rule Rename DIE493 pin PA10 [PA12] -> PA10 is applicable
2026-05-05 15:26:58,242 [INFO] Rule:233 - rule Rename DIE493 pin PA9 [PA11] -> PA9 is applicable
2026-05-05 15:26:58,242 [INFO] Rule:233 - rule Rename DIE492 PartNumber CPN STM32WBA5MJGHx -> STM32WBA5MMGHx is applicable
2026-05-05 15:26:58,242 [INFO] Rule:233 - rule Rename DIE492 PartNumber  Name STM32WBA5MJGHx -> STM32WBA5MMGHx is applicable
2026-05-05 15:26:58,242 [INFO] Rule:233 - rule Rename DIE492 PartNumber UserName STM32WBA5MJGHx -> STM32WBA5MMGHx is applicable
2026-05-05 15:26:58,242 [INFO] Rule:233 - rule Rename DIE492 PartNumber DeviceId STM32WBA5MJGHx -> STM32WBA5MMGHx is applicable
2026-05-05 15:26:58,242 [INFO] Rule:233 - rule Adapt Old IOC CSI. is applicable
2026-05-05 15:26:58,242 [INFO] Rule:233 - rule Adapt Old IOC DCMIPP. is applicable
2026-05-05 15:26:58,242 [INFO] Rule:233 - rule Adapt Old IOC DCMIPP Mode Parallel. is applicable
2026-05-05 15:26:58,242 [INFO] Rule:233 - rule Adapt Old IOC LTDC. is applicable
2026-05-05 15:26:58,242 [INFO] Rule:233 - rule Rename STM32MP2 RIF Peripheral LTDC RIF.RISUP.LTDC_L0L1.Privilege -> RIF.RISUP.LTDC_L1L2.Privilege is applicable
2026-05-05 15:26:58,242 [INFO] Rule:233 - rule Rename STM32MP2 RIF Peripheral LTDC RIF.RISUP.LTDC_L0L1.Privilege -> RIF.RISUP.LTDC_L1L2.Privilege is applicable
2026-05-05 15:26:58,242 [INFO] Rule:233 - rule Rename STM32MP2 RIF Peripheral LTDC RIF.RISUP.LTDC_L0L1.Lock -> RIF.RISUP.LTDC_L1L2.Lock is applicable
2026-05-05 15:26:58,242 [INFO] Rule:233 - rule Rename STM32MP2 RIF Peripheral LTDC RIF.RISUP.LTDC_L2.Lock -> RIF.RISUP.LTDC_L3.Lock is applicable
2026-05-05 15:26:58,242 [INFO] Rule:233 - rule Adapt the old IOC example for updating the SYS when it is misconfigured. is applicable
2026-05-05 15:26:58,242 [INFO] Rule:233 - rule Rename STM32C09 Mcu.Package LQFP64 -> LQFP48 is applicable
2026-05-05 15:26:58,242 [INFO] Rule:233 - rule Adapt the old IOC example for updating the SYS when it is misconfigured. is applicable
2026-05-05 15:26:58,242 [INFO] Rule:233 - rule Adapt the old IOC example for updating the SYS when it is misconfigured. is applicable
2026-05-05 15:26:58,246 [INFO] DbConfProperties:307 - Apply Compatibility (6/20 Rules)
2026-05-05 15:26:58,261 [INFO] ApiDbMcu:532 - Load IP Config File for NUCLEO-C071RB
2026-05-05 15:26:58,304 [INFO] ImportTextPane:234 - (OptionalMessage_ERROR) Pin6 (VP_RIF_VS_RIF1) cannot be retrieved for this MCU
2026-05-05 15:26:58,384 [WARN] ModelIntegratedComponent:63 - No mode defined for component null
2026-05-05 15:26:58,384 [WARN] ModelIntegratedComponent:63 - No mode defined for component null
2026-05-05 15:26:58,384 [WARN] ModelIntegratedComponent:63 - No mode defined for component null
2026-05-05 15:26:58,384 [WARN] ModelIntegratedComponent:63 - No mode defined for component null
2026-05-05 15:26:58,384 [WARN] ModelIntegratedComponent:63 - No mode defined for component null
2026-05-05 15:26:58,384 [WARN] ModelIntegratedComponent:63 - No mode defined for component null
2026-05-05 15:26:58,384 [WARN] ModelIntegratedComponent:63 - No mode defined for component null
2026-05-05 15:26:58,384 [WARN] ModelIntegratedComponent:63 - No mode defined for component null
2026-05-05 15:26:58,384 [WARN] ModelIntegratedComponent:63 - No mode defined for component null
2026-05-05 15:26:58,385 [WARN] ModelIntegratedComponent:63 - No mode defined for component null
2026-05-05 15:26:58,385 [WARN] ModelIntegratedComponent:63 - No mode defined for component null
2026-05-05 15:26:58,385 [WARN] ModelIntegratedComponent:63 - No mode defined for component null
2026-05-05 15:26:58,385 [WARN] ModelIntegratedComponent:63 - No mode defined for component null
2026-05-05 15:26:58,385 [WARN] ModelIntegratedComponent:63 - No mode defined for component null
2026-05-05 15:26:58,385 [WARN] ModelIntegratedComponent:63 - No mode defined for component null
2026-05-05 15:26:58,385 [WARN] ModelIntegratedComponent:63 - No mode defined for component null
2026-05-05 15:26:58,385 [WARN] ModelIntegratedComponent:63 - No mode defined for component null
2026-05-05 15:26:58,385 [WARN] ModelIntegratedComponent:63 - No mode defined for component null
2026-05-05 15:26:58,385 [WARN] ModelIntegratedComponent:63 - No mode defined for component null
2026-05-05 15:26:58,385 [WARN] ModelIntegratedComponent:63 - No mode defined for component null
2026-05-05 15:26:58,385 [WARN] ModelIntegratedComponent:63 - No mode defined for component null
2026-05-05 15:26:58,385 [WARN] ModelIntegratedComponent:63 - No mode defined for component null
2026-05-05 15:26:58,385 [WARN] ModelIntegratedComponent:63 - No mode defined for component null
2026-05-05 15:26:58,385 [WARN] ModelIntegratedComponent:63 - No mode defined for component null
2026-05-05 15:26:58,386 [WARN] ModelIntegratedComponent:63 - No mode defined for component null
2026-05-05 15:26:58,386 [WARN] ModelIntegratedComponent:63 - No mode defined for component null
2026-05-05 15:26:58,386 [WARN] ModelIntegratedComponent:63 - No mode defined for component null
2026-05-05 15:26:58,386 [WARN] ModelIntegratedComponent:63 - No mode defined for component null
2026-05-05 15:26:58,386 [WARN] ModelIntegratedComponent:63 - No mode defined for component null
2026-05-05 15:26:58,386 [WARN] ModelIntegratedComponent:63 - No mode defined for component null
2026-05-05 15:26:58,386 [WARN] ModelIntegratedComponent:63 - No mode defined for component null
2026-05-05 15:26:58,386 [WARN] ModelIntegratedComponent:63 - No mode defined for component null
2026-05-05 15:26:58,386 [WARN] ModelIntegratedComponent:63 - No mode defined for component null
2026-05-05 15:26:58,386 [WARN] ModelIntegratedComponent:63 - No mode defined for component null
2026-05-05 15:26:58,386 [WARN] ModelIntegratedComponent:63 - No mode defined for component null
2026-05-05 15:26:58,386 [WARN] ModelPack:524 - Component already loaded: STMicroelectronics:HAL Drivers:0.0.0:STMicroelectronics:Device:STMicro_Driver:XSPI:HAL::0.0.1:HAL_XSPI
2026-05-05 15:26:58,388 [INFO] RtosManager:558 - Registered RTOS mode: class=RTOS, group=ThreadX, mode=Core, owner=THREADX
2026-05-05 15:26:58,496 [INFO] ThirdPartyModel:298 - Start build external matchings
2026-05-05 15:26:59,357 [INFO] ThirdPartyModel:316 - End build external matchings
2026-05-05 15:26:59,508 [INFO] UtilMem:75 - End LoadConfig() Used Memory: 925832904 Bytes (1073741824)
2026-05-05 15:27:03,337 [INFO] BspBoardWizard:580 - Analytics plugin initialized with success
2026-05-05 15:27:03,612 [INFO] BspBoardWizard:580 - Analytics plugin initialized with success
2026-05-05 15:27:03,688 [INFO] BspBoardWizard:580 - Analytics plugin initialized with success
2026-05-05 15:27:03,769 [WARN] ThirdParty:833 - waiting for thirdparty lock release [change project]
2026-05-05 15:27:03,769 [INFO] ThirdParty:835 - entering critical section [change project]
2026-05-05 15:27:03,769 [INFO] ThirdParty:1030 - CMSIS Pack Vendor :STMicroelectronics X-CUBE-AZRTOS-H7 3.5.0
2026-05-05 15:27:03,769 [INFO] ThirdParty:1030 - CMSIS Pack Vendor :STMicroelectronics X-CUBE-PM33A1 1.0.0
2026-05-05 15:27:03,769 [INFO] ThirdParty:1030 - CMSIS Pack Vendor :STMicroelectronics USBPD 4.1
2026-05-05 15:27:03,769 [INFO] ThirdParty:1030 - CMSIS Pack Vendor :STMicroelectronics X-CUBE-NFC9 1.0.0
2026-05-05 15:27:03,770 [INFO] ThirdParty:1030 - CMSIS Pack Vendor :STMicroelectronics USB_HOST 2.0.0
2026-05-05 15:27:03,770 [INFO] ThirdParty:1030 - CMSIS Pack Vendor :STMicroelectronics FP-SNS-MOTENVWB1 1.4.0
2026-05-05 15:27:03,770 [INFO] ThirdParty:1030 - CMSIS Pack Vendor :STMicroelectronics X-CUBE-AZRTOS-F4 1.1.0
2026-05-05 15:27:03,770 [INFO] ThirdParty:1030 - CMSIS Pack Vendor :STMicroelectronics LIBJPEG 8.0.0
2026-05-05 15:27:03,770 [INFO] ThirdParty:1030 - CMSIS Pack Vendor :STMicroelectronics FP-ATR-ASTRA1 2.0.2
2026-05-05 15:27:03,770 [INFO] ThirdParty:1030 - CMSIS Pack Vendor :wolfSSL I-CUBE-wolfSSL 5.8.2
2026-05-05 15:27:03,770 [INFO] ThirdParty:1030 - CMSIS Pack Vendor :STMicroelectronics X-CUBE-BLE1 7.1.0
2026-05-05 15:27:03,770 [INFO] ThirdParty:1030 - CMSIS Pack Vendor :STMicroelectronics X-CUBE-SMBUS 2.1.0
2026-05-05 15:27:03,770 [INFO] ThirdParty:1030 - CMSIS Pack Vendor :wolfSSL I-CUBE-wolfMQTT 1.19.2
2026-05-05 15:27:03,770 [INFO] ThirdParty:1030 - CMSIS Pack Vendor :STMicroelectronics USB_DEVICE 3.0.0
2026-05-05 15:27:03,770 [INFO] ThirdParty:1030 - CMSIS Pack Vendor :STMicroelectronics X-CUBE-ISPU 2.1.0
2026-05-05 15:27:03,770 [INFO] ThirdParty:1030 - CMSIS Pack Vendor :STMicroelectronics X-CUBE-FREERTOS 1.4.0
2026-05-05 15:27:03,770 [INFO] ThirdParty:1030 - CMSIS Pack Vendor :STMicroelectronics eDS-WB_DPC_TT-BIDIR 2.1.1
2026-05-05 15:27:03,770 [INFO] ThirdParty:1030 - CMSIS Pack Vendor :STMicroelectronics X-CUBE-AZRTOS-WB 2.0.0
2026-05-05 15:27:03,770 [INFO] ThirdParty:1030 - CMSIS Pack Vendor :STMicroelectronics X-CUBE-AZRTOS-F7 1.1.0
2026-05-05 15:27:03,770 [INFO] ThirdParty:1030 - CMSIS Pack Vendor :STMicroelectronics X-CUBE-AZRTOS-L5 2.0.0
2026-05-05 15:27:03,770 [INFO] ThirdParty:1030 - CMSIS Pack Vendor :STMicroelectronics USB_DEVICE 2.0.0
2026-05-05 15:27:03,770 [INFO] ThirdParty:1030 - CMSIS Pack Vendor :STMicroelectronics X-CUBE-NFC6 3.1.0
2026-05-05 15:27:03,770 [INFO] ThirdParty:1030 - CMSIS Pack Vendor :Cesanta I-CUBE-Mongoose 7.19.0
2026-05-05 15:27:03,770 [INFO] ThirdParty:1030 - CMSIS Pack Vendor :STMicroelectronics FP-SNS-STAIOTCFT 1.1.0
2026-05-05 15:27:03,770 [INFO] ThirdParty:1030 - CMSIS Pack Vendor :quantropi X-CUBE-qispace-sdk-base 2.1.0
2026-05-05 15:27:03,770 [INFO] ThirdParty:1030 - CMSIS Pack Vendor :STMicroelectronics X-CUBE-MEMS1 12.0.0
2026-05-05 15:27:03,770 [INFO] ThirdParty:1030 - CMSIS Pack Vendor :STMicroelectronics X-CUBE-STSE01 2.0.0
2026-05-05 15:27:03,770 [INFO] ThirdParty:1030 - CMSIS Pack Vendor :STMicroelectronics FreeRTOS 0.0.1
2026-05-05 15:27:03,770 [INFO] ThirdParty:1030 - CMSIS Pack Vendor :STMicroelectronics X-CUBE-AZRTOS-G0 1.1.0
2026-05-05 15:27:03,770 [INFO] ThirdParty:1030 - CMSIS Pack Vendor :STMicroelectronics X-CUBE-SAFEA1 1.2.2
2026-05-05 15:27:03,770 [INFO] ThirdParty:1030 - CMSIS Pack Vendor :STMicroelectronics X-CUBE-NFC4 3.0.0
2026-05-05 15:27:03,770 [INFO] ThirdParty:1030 - CMSIS Pack Vendor :STMicroelectronics X-CUBE-SUBG2 5.0.0
2026-05-05 15:27:03,770 [INFO] ThirdParty:1030 - CMSIS Pack Vendor :STMicroelectronics X-CUBE-AZRTOS-H7RS 1.1.0
2026-05-05 15:27:03,770 [INFO] ThirdParty:1030 - CMSIS Pack Vendor :STMicroelectronics STM32_WPAN 1.0.0
2026-05-05 15:27:03,770 [INFO] ThirdParty:1030 - CMSIS Pack Vendor :STMicroelectronics eDS-WB_DPC_VIENNA 1.2.0
2026-05-05 15:27:03,770 [INFO] ThirdParty:1030 - CMSIS Pack Vendor :EmbeddedOffice I-CUBE-FS-RTOS 1.0.1
2026-05-05 15:27:03,771 [INFO] ThirdParty:1030 - CMSIS Pack Vendor :STMicroelectronics lwIP 2.0.3
2026-05-05 15:27:03,771 [INFO] ThirdParty:1030 - CMSIS Pack Vendor :WES I-CUBE-Cesium 1.4.0
2026-05-05 15:27:03,771 [INFO] ThirdParty:1030 - CMSIS Pack Vendor :STMicroelectronics eDS-WB_DPC_3PH2L-BIDIR 1.1.1
2026-05-05 15:27:03,771 [INFO] ThirdParty:1030 - CMSIS Pack Vendor :STMicroelectronics USB_HOST 1.0.0
2026-05-05 15:27:03,771 [INFO] ThirdParty:1030 - CMSIS Pack Vendor :Infineon AIROC-Wi-Fi-Bluetooth-STM32 1.7.1
2026-05-05 15:27:03,771 [INFO] ThirdParty:1030 - CMSIS Pack Vendor :STMicroelectronics X-CUBE-AZRTOS-G4 2.0.0
2026-05-05 15:27:03,771 [INFO] ThirdParty:1030 - CMSIS Pack Vendor :STMicroelectronics X-CUBE-WB05N 2.0.0
2026-05-05 15:27:03,771 [INFO] ThirdParty:1030 - CMSIS Pack Vendor :STMicroelectronics PDM2PCM 3.1.0
2026-05-05 15:27:03,771 [INFO] ThirdParty:1030 - CMSIS Pack Vendor :STMicroelectronics PDM2PCM 3.3.0
2026-05-05 15:27:03,771 [INFO] ThirdParty:1030 - CMSIS Pack Vendor :wolfSSL I-CUBE-wolfTPM 3.8.0
2026-05-05 15:27:03,771 [INFO] ThirdParty:1030 - CMSIS Pack Vendor :STMicroelectronics X-CUBE-AZRTOS-H7 3.4.0
2026-05-05 15:27:03,771 [INFO] ThirdParty:1030 - CMSIS Pack Vendor :STMicroelectronics X-CUBE-DISPLAY 3.0.0
2026-05-05 15:27:03,771 [INFO] ThirdParty:1030 - CMSIS Pack Vendor :wolfSSL I-CUBE-wolfSSH 1.4.20
2026-05-05 15:27:03,771 [INFO] ThirdParty:1030 - CMSIS Pack Vendor :STMicroelectronics X-CUBE-NFC7 2.0.0
2026-05-05 15:27:03,771 [INFO] ThirdParty:1030 - CMSIS Pack Vendor :STMicroelectronics X-CUBE-GNSS1 7.1.1
2026-05-05 15:27:03,771 [INFO] ThirdParty:1030 - CMSIS Pack Vendor :STMicroelectronics FP-SNS-MOTENVWB1 1.5.0
2026-05-05 15:27:03,771 [INFO] ThirdParty:1030 - CMSIS Pack Vendor :STMicroelectronics X-CUBE-TCPP 4.2.0
2026-05-05 15:27:03,771 [INFO] ThirdParty:1030 - CMSIS Pack Vendor :RealThread X-CUBE-RT-Thread_Nano 4.1.1
2026-05-05 15:27:03,771 [INFO] ThirdParty:1030 - CMSIS Pack Vendor :STMicroelectronics FP-ATR-SIGFOX1 3.2.0
2026-05-05 15:27:03,771 [INFO] ThirdParty:1030 - CMSIS Pack Vendor :STMicroelectronics X-CUBE-NFC10 1.0.0
2026-05-05 15:27:03,771 [INFO] ThirdParty:1030 - CMSIS Pack Vendor :STMicroelectronics X-CUBE-FREERTOS 1.3.1
2026-05-05 15:27:03,771 [INFO] ThirdParty:1030 - CMSIS Pack Vendor :STMicroelectronics HAL Drivers 0.0.0
2026-05-05 15:27:03,772 [INFO] ThirdParty:1030 - CMSIS Pack Vendor :STMicroelectronics X-CUBE-FREERTOS 1.5.0
2026-05-05 15:27:03,772 [INFO] ThirdParty:1030 - CMSIS Pack Vendor :STMicroelectronics MBEDTLS 2.16.2
2026-05-05 15:27:03,772 [INFO] ThirdParty:1030 - CMSIS Pack Vendor :STMicroelectronics X-CUBE-ALS 1.0.2
2026-05-05 15:27:03,772 [INFO] ThirdParty:1030 - CMSIS Pack Vendor :emotas I-CUBE-CANOPEN 1.3.0
2026-05-05 15:27:03,772 [INFO] ThirdParty:1030 - CMSIS Pack Vendor :STMicroelectronics MBEDTLS 2.14.1
2026-05-05 15:27:03,772 [INFO] ThirdParty:1030 - CMSIS Pack Vendor :STMicroelectronics X-CUBE-GNSS1 7.1.0
2026-05-05 15:27:03,772 [INFO] ThirdParty:1030 - CMSIS Pack Vendor :ITTIA_DB I-CUBE-ITTIADB 8.9.0
2026-05-05 15:27:03,772 [INFO] ThirdParty:1030 - CMSIS Pack Vendor :STMicroelectronics X-CUBE-TOUCHGFX 4.26.0
2026-05-05 15:27:03,772 [INFO] ThirdParty:1030 - CMSIS Pack Vendor :STMicroelectronics X-CUBE-STSE01 1.0.0
2026-05-05 15:27:03,772 [INFO] ThirdParty:1030 - CMSIS Pack Vendor :STMicroelectronics X-CUBE-TOUCHGFX 4.26.1
2026-05-05 15:27:03,772 [INFO] ThirdParty:1030 - CMSIS Pack Vendor :STMicroelectronics X-CUBE-NFC6 3.2.0
2026-05-05 15:27:03,772 [INFO] ThirdParty:1030 - CMSIS Pack Vendor :STMicroelectronics FP-SNS-STAIOTCFT 1.0.0
2026-05-05 15:27:03,772 [INFO] ThirdParty:1030 - CMSIS Pack Vendor :STMicroelectronics ThreadX 1.0.0
2026-05-05 15:27:03,772 [INFO] ThirdParty:1030 - CMSIS Pack Vendor :STMicroelectronics FP-SNS-SMARTAG2 1.2.0
2026-05-05 15:27:03,772 [INFO] ThirdParty:1030 - CMSIS Pack Vendor :STMicroelectronics X-CUBE-MEMS1 12.1.0
2026-05-05 15:27:03,772 [INFO] ThirdParty:1030 - CMSIS Pack Vendor :STMicroelectronics FP-SNS-FLIGHT1 5.1.0
2026-05-05 15:27:03,772 [INFO] ThirdParty:1030 - CMSIS Pack Vendor :STMicroelectronics X-CUBE-AZRTOS-WL 2.0.0
2026-05-05 15:27:03,772 [INFO] ThirdParty:1030 - CMSIS Pack Vendor :SEGGER I-CUBE-embOS 1.3.1
2026-05-05 15:27:03,772 [INFO] ThirdParty:1030 - CMSIS Pack Vendor :STMicroelectronics X-CUBE-ALGOBUILD 1.4.0
2026-05-05 15:27:03,772 [INFO] ThirdParty:1030 - CMSIS Pack Vendor :STMicroelectronics X-CUBE-DPower 1.3.0
2026-05-05 15:27:03,772 [INFO] ThirdParty:1030 - CMSIS Pack Vendor :STMicroelectronics X-CUBE-MEMS1 11.3.0
2026-05-05 15:27:03,772 [INFO] ThirdParty:1030 - CMSIS Pack Vendor :STMicroelectronics USB_DEVICE 1.0.0
2026-05-05 15:27:03,772 [INFO] ThirdParty:1030 - CMSIS Pack Vendor :STMicroelectronics X-CUBE-AZRTOS-H7RS 1.2.0
2026-05-05 15:27:03,772 [INFO] ThirdParty:1030 - CMSIS Pack Vendor :STMicroelectronics X-CUBE-AZRTOS-L4 2.0.0
2026-05-05 15:27:03,772 [INFO] ThirdParty:1030 - CMSIS Pack Vendor :STMicroelectronics ThreadX 0.0.2
2026-05-05 15:27:03,772 [INFO] ThirdParty:1030 - CMSIS Pack Vendor :STMicroelectronics lwIP 2.1.2
2026-05-05 15:27:03,772 [INFO] ThirdParty:1030 - CMSIS Pack Vendor :STMicroelectronics X-CUBE-SFXS2LP1 4.0.0
2026-05-05 15:27:03,772 [INFO] ThirdParty:1030 - CMSIS Pack Vendor :STMicroelectronics X-CUBE-BLE2 3.3.0
2026-05-05 15:27:03,772 [INFO] ThirdParty:1030 - CMSIS Pack Vendor :Avnet-IOTCONNECT X-CUBE-iotc-st67-sdk 1.0.0
2026-05-05 15:27:03,772 [INFO] ThirdParty:1030 - CMSIS Pack Vendor :STMicroelectronics X-CUBE-TOF1 3.4.3
2026-05-05 15:27:03,772 [INFO] ThirdParty:1030 - CMSIS Pack Vendor :STMicroelectronics PDM2PCM 3.2.0
2026-05-05 15:27:03,772 [INFO] ThirdParty:1030 - CMSIS Pack Vendor :STMicroelectronics X-CUBE-WB05N 2.1.0
2026-05-05 15:27:03,772 [INFO] ThirdParty:1030 - CMSIS Pack Vendor :STMicroelectronics X-CUBE-ST67W61 1.2.0
2026-05-05 15:27:03,772 [INFO] ThirdParty:841 - exiting critical section [change project]
2026-05-05 15:27:03,922 [INFO] PinOutPanel:1589 - setPackage(No Configuration,No Configuration)
2026-05-05 15:27:03,924 [INFO] PinOutPanel:1589 - setPackage(STM32C071RBTx,LQFP64_GP)
2026-05-05 15:27:04,077 [INFO] UtilMem:75 - Before build in PCC Used Memory: 751506992 Bytes (1073741824)
2026-05-05 15:27:04,498 [INFO] UtilMem:75 - After build in PCC Used Memory: 888348208 Bytes (1073741824)
2026-05-05 15:27:04,514 [INFO] IPUIPlugin:80 - create IPUIPlugin
2026-05-05 15:27:04,514 [INFO] IPUIPlugin:80 - create IPUIPlugin
2026-05-05 15:27:04,514 [INFO] IPUIPlugin:80 - create IPUIPlugin
2026-05-05 15:27:04,515 [INFO] IPUIPlugin:80 - create IPUIPlugin
2026-05-05 15:27:04,515 [INFO] IPUIPlugin:80 - create IPUIPlugin
2026-05-05 15:27:04,515 [INFO] IPUIPlugin:80 - create IPUIPlugin
2026-05-05 15:27:04,515 [INFO] IPUIPlugin:80 - create IPUIPlugin
2026-05-05 15:27:04,515 [INFO] IPUIPlugin:80 - create IPUIPlugin
2026-05-05 15:27:04,515 [INFO] IPUIPlugin:80 - create IPUIPlugin
2026-05-05 15:27:04,515 [INFO] IPUIPlugin:80 - create IPUIPlugin
2026-05-05 15:27:04,516 [INFO] IPUIPlugin:80 - create IPUIPlugin
2026-05-05 15:27:04,516 [INFO] IPUIPlugin:80 - create IPUIPlugin
2026-05-05 15:27:04,516 [INFO] IPUIPlugin:80 - create IPUIPlugin
2026-05-05 15:27:04,516 [INFO] IPUIPlugin:80 - create IPUIPlugin
2026-05-05 15:27:04,516 [INFO] IPUIPlugin:80 - create IPUIPlugin
2026-05-05 15:27:04,516 [INFO] IPUIPlugin:80 - create IPUIPlugin
2026-05-05 15:27:04,516 [INFO] IPUIPlugin:80 - create IPUIPlugin
2026-05-05 15:27:04,516 [INFO] IPUIPlugin:80 - create IPUIPlugin
2026-05-05 15:27:04,518 [INFO] IPUIPlugin:80 - create IPUIPlugin
2026-05-05 15:27:04,518 [INFO] IPUIPlugin:80 - create IPUIPlugin
2026-05-05 15:27:04,518 [INFO] IPUIPlugin:80 - create IPUIPlugin
2026-05-05 15:27:04,518 [INFO] IPUIPlugin:80 - create IPUIPlugin
2026-05-05 15:27:04,518 [INFO] IPUIPlugin:80 - create IPUIPlugin
2026-05-05 15:27:04,518 [INFO] IPUIPlugin:80 - create IPUIPlugin
2026-05-05 15:27:04,518 [INFO] IPUIPlugin:80 - create IPUIPlugin
2026-05-05 15:27:04,518 [INFO] IPUIPlugin:80 - create IPUIPlugin
2026-05-05 15:27:04,519 [INFO] IPUIPlugin:80 - create IPUIPlugin
2026-05-05 15:27:04,519 [INFO] IPUIPlugin:80 - create IPUIPlugin
2026-05-05 15:27:04,519 [INFO] IPUIPlugin:80 - create IPUIPlugin
2026-05-05 15:27:04,519 [INFO] IPUIPlugin:80 - create IPUIPlugin
2026-05-05 15:27:04,519 [INFO] IPUIPlugin:80 - create IPUIPlugin
2026-05-05 15:27:04,519 [INFO] IPUIPlugin:80 - create IPUIPlugin
2026-05-05 15:27:04,519 [INFO] IPUIPlugin:80 - create IPUIPlugin
2026-05-05 15:27:04,519 [INFO] IPUIPlugin:80 - create IPUIPlugin
2026-05-05 15:27:04,520 [INFO] IPUIPlugin:80 - create IPUIPlugin
2026-05-05 15:27:04,520 [INFO] IPUIPlugin:80 - create IPUIPlugin
2026-05-05 15:27:04,557 [INFO] CADModel:165 - CPN selected for project levelSTM32C071RBT6
2026-05-05 15:27:04,557 [INFO] CADModel:114 - Register for checkConnection events
2026-05-05 15:27:04,604 [INFO] OpenFileManager:386 - Restore cursor
2026-05-05 15:27:04,951 [INFO] UtilMem:75 - End SaveConfig() Used Memory: 970661424 Bytes (1073741824)
2026-05-05 15:27:05,002 [INFO] UtilMem:75 - End SaveConfig() Used Memory: 986202888 Bytes (1073741824)
2026-05-05 15:27:05,150 [INFO] BlockDiagram:2775 - set Specific Code input for plugin: NVIC
2026-05-05 15:27:05,150 [INFO] BlockDiagram:2775 - set Specific Code input for plugin: NUCLEO-C071RB
2026-05-05 15:27:05,150 [INFO] BlockDiagram:2775 - set Specific Code input for plugin: SYS
2026-05-05 15:27:05,150 [INFO] BlockDiagram:2775 - set Specific Code input for plugin: RCC
2026-05-05 15:27:05,150 [INFO] CodeGenerator:892 - code generatio: config db path: D:\STM32CubeIDE_1.19.0\STM32CubeIDE\plugins\com.st.stm32cube.common.mx_6.15.0.202507011659\\db\
2026-05-05 15:27:05,214 [INFO] CodeEngine:265 - oldGeneratedFile, D:\Strataroh_Git\25_SV09_Internship_Projects_FW\Asmita_04052026\DMA\MXTmpFiles\license.tmp_save
2026-05-05 15:27:05,459 [INFO] CodeEngine:289 - Generated code: D:\Strataroh_Git\25_SV09_Internship_Projects_FW\Asmita_04052026\DMA\MXTmpFiles\license.tmp
2026-05-05 15:27:05,490 [INFO] CodeEngine:265 - oldGeneratedFile, D:\Strataroh_Git\25_SV09_Internship_Projects_FW\Asmita_04052026\DMA\MXTmpFiles\cortex.tmp_save
2026-05-05 15:27:05,641 [INFO] CodeEngine:289 - Generated code: D:\Strataroh_Git\25_SV09_Internship_Projects_FW\Asmita_04052026\DMA\MXTmpFiles\cortex.tmp
2026-05-05 15:27:05,649 [INFO] CodeEngine:265 - oldGeneratedFile, D:\Strataroh_Git\25_SV09_Internship_Projects_FW\Asmita_04052026\DMA\Core\Inc\stm32c0xx_nucleo_conf.h_save
2026-05-05 15:27:05,762 [ERROR] IocParser:95 - Exception caught: Cannot invoke "java.lang.CharSequence.length()" because "this.text" is null
2026-05-05 15:27:05,781 [INFO] CodeEngine:289 - Generated code: D:\Strataroh_Git\25_SV09_Internship_Projects_FW\Asmita_04052026\DMA\Core\Inc\stm32c0xx_nucleo_conf.h
2026-05-05 15:27:05,785 [INFO] CodeEngine:265 - oldGeneratedFile, D:\Strataroh_Git\25_SV09_Internship_Projects_FW\Asmita_04052026\DMA\MXTmpFiles\bsp_inc.tmp_save
2026-05-05 15:27:05,870 [INFO] CodeEngine:289 - Generated code: D:\Strataroh_Git\25_SV09_Internship_Projects_FW\Asmita_04052026\DMA\MXTmpFiles\bsp_inc.tmp
2026-05-05 15:27:05,875 [INFO] CodeEngine:265 - oldGeneratedFile, D:\Strataroh_Git\25_SV09_Internship_Projects_FW\Asmita_04052026\DMA\MXTmpFiles\bsp_common_vars.tmp_save
2026-05-05 15:27:05,954 [INFO] CodeEngine:289 - Generated code: D:\Strataroh_Git\25_SV09_Internship_Projects_FW\Asmita_04052026\DMA\MXTmpFiles\bsp_common_vars.tmp
2026-05-05 15:27:05,958 [INFO] CodeEngine:265 - oldGeneratedFile, D:\Strataroh_Git\25_SV09_Internship_Projects_FW\Asmita_04052026\DMA\MXTmpFiles\bsp_common_init.tmp_save
2026-05-05 15:27:06,044 [INFO] CodeEngine:289 - Generated code: D:\Strataroh_Git\25_SV09_Internship_Projects_FW\Asmita_04052026\DMA\MXTmpFiles\bsp_common_init.tmp
2026-05-05 15:27:06,049 [INFO] CodeEngine:265 - oldGeneratedFile, D:\Strataroh_Git\25_SV09_Internship_Projects_FW\Asmita_04052026\DMA\MXTmpFiles\bsp_common_demo_before_while.tmp_save
2026-05-05 15:27:06,108 [INFO] CodeEngine:289 - Generated code: D:\Strataroh_Git\25_SV09_Internship_Projects_FW\Asmita_04052026\DMA\MXTmpFiles\bsp_common_demo_before_while.tmp
2026-05-05 15:27:06,112 [INFO] CodeEngine:265 - oldGeneratedFile, D:\Strataroh_Git\25_SV09_Internship_Projects_FW\Asmita_04052026\DMA\MXTmpFiles\bsp_common_demo_inside_while.tmp_save
2026-05-05 15:27:06,168 [INFO] CodeEngine:289 - Generated code: D:\Strataroh_Git\25_SV09_Internship_Projects_FW\Asmita_04052026\DMA\MXTmpFiles\bsp_common_demo_inside_while.tmp
2026-05-05 15:27:06,172 [INFO] CodeEngine:265 - oldGeneratedFile, D:\Strataroh_Git\25_SV09_Internship_Projects_FW\Asmita_04052026\DMA\MXTmpFiles\bsp_common_demo_fct.tmp_save
2026-05-05 15:27:06,225 [INFO] CodeEngine:289 - Generated code: D:\Strataroh_Git\25_SV09_Internship_Projects_FW\Asmita_04052026\DMA\MXTmpFiles\bsp_common_demo_fct.tmp
2026-05-05 15:27:06,231 [INFO] CodeEngine:265 - oldGeneratedFile, D:\Strataroh_Git\25_SV09_Internship_Projects_FW\Asmita_04052026\DMA\Core\Src\stm32c0xx_it.c_save
2026-05-05 15:27:06,442 [INFO] CodeEngine:289 - Generated code: D:\Strataroh_Git\25_SV09_Internship_Projects_FW\Asmita_04052026\DMA\Core\Src\stm32c0xx_it.c
2026-05-05 15:27:06,446 [INFO] CodeEngine:265 - oldGeneratedFile, D:\Strataroh_Git\25_SV09_Internship_Projects_FW\Asmita_04052026\DMA\Core\Inc\stm32c0xx_it.h_save
2026-05-05 15:27:06,496 [INFO] CodeEngine:289 - Generated code: D:\Strataroh_Git\25_SV09_Internship_Projects_FW\Asmita_04052026\DMA\Core\Inc\stm32c0xx_it.h
2026-05-05 15:27:06,515 [INFO] CodeEngine:265 - oldGeneratedFile, D:\Strataroh_Git\25_SV09_Internship_Projects_FW\Asmita_04052026\DMA\Core\Src\stm32c0xx_hal_msp.c_save
2026-05-05 15:27:06,631 [INFO] CodeEngine:289 - Generated code: D:\Strataroh_Git\25_SV09_Internship_Projects_FW\Asmita_04052026\DMA\Core\Src\stm32c0xx_hal_msp.c
2026-05-05 15:27:06,634 [INFO] CodeEngine:265 - oldGeneratedFile, D:\Strataroh_Git\25_SV09_Internship_Projects_FW\Asmita_04052026\DMA\MXTmpFiles\system.tmp_save
2026-05-05 15:27:06,681 [INFO] CodeEngine:289 - Generated code: D:\Strataroh_Git\25_SV09_Internship_Projects_FW\Asmita_04052026\DMA\MXTmpFiles\system.tmp
2026-05-05 15:27:06,688 [INFO] CodeEngine:321 - oldGeneratedFile, D:\Strataroh_Git\25_SV09_Internship_Projects_FW\Asmita_04052026\DMA\Core\Inc\stm32c0xx_hal_conf.h_save
2026-05-05 15:27:06,801 [INFO] CodeEngine:345 - Generated code: D:\Strataroh_Git\25_SV09_Internship_Projects_FW\Asmita_04052026\DMA\Core\Inc\stm32c0xx_hal_conf.h
2026-05-05 15:27:06,824 [WARN] IPConfigManager:3238 - Warning: the RefConfig RCC_PClockConfig is not available in your config.xml file
2026-05-05 15:27:06,825 [WARN] IPConfigManager:3238 - Warning: the RefConfig RCC_interrupt_Time_SYSTICK_Config is not available in your config.xml file
2026-05-05 15:27:06,828 [INFO] ApiDbMcu:532 - Load IP Config File for RCC
2026-05-05 15:27:06,834 [INFO] CodeEngine:265 - oldGeneratedFile, D:\Strataroh_Git\25_SV09_Internship_Projects_FW\Asmita_04052026\DMA\Core\Inc\main.h_save
2026-05-05 15:27:06,944 [INFO] CodeEngine:289 - Generated code: D:\Strataroh_Git\25_SV09_Internship_Projects_FW\Asmita_04052026\DMA\Core\Inc\main.h
2026-05-05 15:27:06,948 [INFO] CodeEngine:265 - oldGeneratedFile, D:\Strataroh_Git\25_SV09_Internship_Projects_FW\Asmita_04052026\DMA\Core\Src\main.c_save
2026-05-05 15:27:07,046 [INFO] CodeEngine:289 - Generated code: D:\Strataroh_Git\25_SV09_Internship_Projects_FW\Asmita_04052026\DMA\Core\Src\main.c
2026-05-05 15:27:07,305 [INFO] ProjectBuilder:3606 - Time for Copy HAL[1] : 93mS.
2026-05-05 15:27:07,309 [INFO] ProjectBuilder:5216 - Project Generator version: 4.7.0-B52
2026-05-05 15:27:07,391 [INFO] ConfigFileManager:1595 - The Die is : DIE493
2026-05-05 15:27:07,394 [INFO] ApiDbMcu:532 - Load IP Config File for FILEX
2026-05-05 15:27:07,396 [INFO] ApiDbMcu:532 - Load IP Config File for LEVELX
2026-05-05 15:27:07,397 [INFO] ApiDbMcu:532 - Load IP Config File for THREADX
2026-05-05 15:27:07,404 [INFO] ApiDbMcu:532 - Load IP Config File for USBX
2026-05-05 15:27:08,761 [INFO] ProjectBuilder:5496 - Time for Generating toolchain IDE Files: 1452mS.
2026-05-05 15:27:08,763 [INFO] ProjectBuilder:3463 - Time for Copy CMSIS : 0mS.
2026-05-05 15:27:08,764 [INFO] ProjectBuilder:3463 - Time for Copy CMSIS : 0mS.
2026-05-05 15:27:09,507 [INFO] McuFinderGlobals:76 - Set McuFinderConnectedMode to true
2026-05-05 15:27:09,511 [INFO] ApiDb:448 - Save user favorites file C:\Users\Asmita Milind Bagad/.stm32cubeide/favorites.mcus.txt: 0 item(s)
2026-05-05 15:27:09,511 [INFO] ApiDb:452 - User favorites MCUs=[]
2026-05-05 15:27:09,512 [INFO] ApiDb:448 - Save user favorites file C:\Users\Asmita Milind Bagad/.stm32cubeide/favorites.boards.txt: 1 item(s)
2026-05-05 15:27:09,513 [INFO] ApiDb:452 - User favorites Boards=[NUCLEO-C071RB]
2026-05-05 15:28:31,808 [INFO] DmaTabbedPanel:205 - Cannot restore the selected Tab for DMA
2026-05-05 15:30:17,460 [INFO] UtilMem:75 - End SaveConfig() Used Memory: 1013852824 Bytes (1073741824)
2026-05-05 15:30:17,586 [INFO] UtilMem:75 - End SaveConfig() Used Memory: 687795000 Bytes (1073741824)
2026-05-05 15:30:17,885 [ERROR] IocParser:95 - Exception caught: Cannot invoke "java.lang.CharSequence.length()" because "this.text" is null
2026-05-05 15:30:19,416 [INFO] UtilMem:75 - End SaveConfig() Used Memory: 787554024 Bytes (1073741824)
2026-05-05 15:30:19,756 [INFO] BlockDiagram:2775 - set Specific Code input for plugin: NVIC
2026-05-05 15:30:19,756 [INFO] BlockDiagram:2775 - set Specific Code input for plugin: DMA
2026-05-05 15:30:19,756 [INFO] BlockDiagram:2775 - set Specific Code input for plugin: NUCLEO-C071RB
2026-05-05 15:30:19,756 [INFO] BlockDiagram:2775 - set Specific Code input for plugin: SYS
2026-05-05 15:30:19,756 [INFO] BlockDiagram:2775 - set Specific Code input for plugin: RCC
2026-05-05 15:30:19,757 [INFO] CodeGenerator:892 - code generatio: config db path: D:\STM32CubeIDE_1.19.0\STM32CubeIDE\plugins\com.st.stm32cube.common.mx_6.15.0.202507011659\\db\
2026-05-05 15:30:19,847 [INFO] CodeEngine:265 - oldGeneratedFile, D:\Strataroh_Git\25_SV09_Internship_Projects_FW\Asmita_04052026\DMA\MXTmpFiles\license.tmp_save
2026-05-05 15:30:20,043 [INFO] CodeEngine:289 - Generated code: D:\Strataroh_Git\25_SV09_Internship_Projects_FW\Asmita_04052026\DMA\MXTmpFiles\license.tmp
2026-05-05 15:30:20,098 [INFO] CodeEngine:265 - oldGeneratedFile, D:\Strataroh_Git\25_SV09_Internship_Projects_FW\Asmita_04052026\DMA\MXTmpFiles\cortex.tmp_save
2026-05-05 15:30:20,215 [INFO] CodeEngine:289 - Generated code: D:\Strataroh_Git\25_SV09_Internship_Projects_FW\Asmita_04052026\DMA\MXTmpFiles\cortex.tmp
2026-05-05 15:30:20,226 [INFO] CodeEngine:265 - oldGeneratedFile, D:\Strataroh_Git\25_SV09_Internship_Projects_FW\Asmita_04052026\DMA\MXTmpFiles\dma.tmp_save
2026-05-05 15:30:20,363 [INFO] CodeEngine:289 - Generated code: D:\Strataroh_Git\25_SV09_Internship_Projects_FW\Asmita_04052026\DMA\MXTmpFiles\dma.tmp
2026-05-05 15:30:20,377 [INFO] CodeEngine:265 - oldGeneratedFile, D:\Strataroh_Git\25_SV09_Internship_Projects_FW\Asmita_04052026\DMA\MXTmpFiles\dma_GV.tmp_save
2026-05-05 15:30:20,454 [INFO] CodeEngine:289 - Generated code: D:\Strataroh_Git\25_SV09_Internship_Projects_FW\Asmita_04052026\DMA\MXTmpFiles\dma_GV.tmp
2026-05-05 15:30:20,472 [INFO] CodeEngine:265 - oldGeneratedFile, D:\Strataroh_Git\25_SV09_Internship_Projects_FW\Asmita_04052026\DMA\Core\Inc\stm32c0xx_nucleo_conf.h_save
2026-05-05 15:30:20,578 [INFO] CodeEngine:289 - Generated code: D:\Strataroh_Git\25_SV09_Internship_Projects_FW\Asmita_04052026\DMA\Core\Inc\stm32c0xx_nucleo_conf.h
2026-05-05 15:30:20,582 [INFO] CodeEngine:265 - oldGeneratedFile, D:\Strataroh_Git\25_SV09_Internship_Projects_FW\Asmita_04052026\DMA\MXTmpFiles\bsp_inc.tmp_save
2026-05-05 15:30:20,638 [INFO] CodeEngine:289 - Generated code: D:\Strataroh_Git\25_SV09_Internship_Projects_FW\Asmita_04052026\DMA\MXTmpFiles\bsp_inc.tmp
2026-05-05 15:30:20,643 [INFO] CodeEngine:265 - oldGeneratedFile, D:\Strataroh_Git\25_SV09_Internship_Projects_FW\Asmita_04052026\DMA\MXTmpFiles\bsp_common_vars.tmp_save
2026-05-05 15:30:20,705 [INFO] CodeEngine:289 - Generated code: D:\Strataroh_Git\25_SV09_Internship_Projects_FW\Asmita_04052026\DMA\MXTmpFiles\bsp_common_vars.tmp
2026-05-05 15:30:20,709 [INFO] CodeEngine:265 - oldGeneratedFile, D:\Strataroh_Git\25_SV09_Internship_Projects_FW\Asmita_04052026\DMA\MXTmpFiles\bsp_common_init.tmp_save
2026-05-05 15:30:20,768 [INFO] CodeEngine:289 - Generated code: D:\Strataroh_Git\25_SV09_Internship_Projects_FW\Asmita_04052026\DMA\MXTmpFiles\bsp_common_init.tmp
2026-05-05 15:30:20,772 [INFO] CodeEngine:265 - oldGeneratedFile, D:\Strataroh_Git\25_SV09_Internship_Projects_FW\Asmita_04052026\DMA\MXTmpFiles\bsp_common_demo_before_while.tmp_save
2026-05-05 15:30:20,822 [INFO] CodeEngine:289 - Generated code: D:\Strataroh_Git\25_SV09_Internship_Projects_FW\Asmita_04052026\DMA\MXTmpFiles\bsp_common_demo_before_while.tmp
2026-05-05 15:30:20,825 [INFO] CodeEngine:265 - oldGeneratedFile, D:\Strataroh_Git\25_SV09_Internship_Projects_FW\Asmita_04052026\DMA\MXTmpFiles\bsp_common_demo_inside_while.tmp_save
2026-05-05 15:30:20,876 [INFO] CodeEngine:289 - Generated code: D:\Strataroh_Git\25_SV09_Internship_Projects_FW\Asmita_04052026\DMA\MXTmpFiles\bsp_common_demo_inside_while.tmp
2026-05-05 15:30:20,879 [INFO] CodeEngine:265 - oldGeneratedFile, D:\Strataroh_Git\25_SV09_Internship_Projects_FW\Asmita_04052026\DMA\MXTmpFiles\bsp_common_demo_fct.tmp_save
2026-05-05 15:30:20,926 [INFO] CodeEngine:289 - Generated code: D:\Strataroh_Git\25_SV09_Internship_Projects_FW\Asmita_04052026\DMA\MXTmpFiles\bsp_common_demo_fct.tmp
2026-05-05 15:30:20,935 [INFO] CodeEngine:265 - oldGeneratedFile, D:\Strataroh_Git\25_SV09_Internship_Projects_FW\Asmita_04052026\DMA\Core\Src\stm32c0xx_it.c_save
2026-05-05 15:30:21,041 [INFO] CodeEngine:289 - Generated code: D:\Strataroh_Git\25_SV09_Internship_Projects_FW\Asmita_04052026\DMA\Core\Src\stm32c0xx_it.c
2026-05-05 15:30:21,046 [INFO] CodeEngine:265 - oldGeneratedFile, D:\Strataroh_Git\25_SV09_Internship_Projects_FW\Asmita_04052026\DMA\Core\Inc\stm32c0xx_it.h_save
2026-05-05 15:30:21,103 [INFO] CodeEngine:289 - Generated code: D:\Strataroh_Git\25_SV09_Internship_Projects_FW\Asmita_04052026\DMA\Core\Inc\stm32c0xx_it.h
2026-05-05 15:30:21,113 [INFO] CodeEngine:265 - oldGeneratedFile, D:\Strataroh_Git\25_SV09_Internship_Projects_FW\Asmita_04052026\DMA\Core\Src\stm32c0xx_hal_msp.c_save
2026-05-05 15:30:21,230 [INFO] CodeEngine:289 - Generated code: D:\Strataroh_Git\25_SV09_Internship_Projects_FW\Asmita_04052026\DMA\Core\Src\stm32c0xx_hal_msp.c
2026-05-05 15:30:21,234 [INFO] CodeEngine:265 - oldGeneratedFile, D:\Strataroh_Git\25_SV09_Internship_Projects_FW\Asmita_04052026\DMA\MXTmpFiles\system.tmp_save
2026-05-05 15:30:21,282 [INFO] CodeEngine:289 - Generated code: D:\Strataroh_Git\25_SV09_Internship_Projects_FW\Asmita_04052026\DMA\MXTmpFiles\system.tmp
2026-05-05 15:30:21,289 [INFO] CodeEngine:321 - oldGeneratedFile, D:\Strataroh_Git\25_SV09_Internship_Projects_FW\Asmita_04052026\DMA\Core\Inc\stm32c0xx_hal_conf.h_save
2026-05-05 15:30:21,413 [INFO] CodeEngine:345 - Generated code: D:\Strataroh_Git\25_SV09_Internship_Projects_FW\Asmita_04052026\DMA\Core\Inc\stm32c0xx_hal_conf.h
2026-05-05 15:30:21,428 [WARN] IPConfigManager:3238 - Warning: the RefConfig RCC_PClockConfig is not available in your config.xml file
2026-05-05 15:30:21,429 [WARN] IPConfigManager:3238 - Warning: the RefConfig RCC_interrupt_Time_SYSTICK_Config is not available in your config.xml file
2026-05-05 15:30:21,437 [INFO] CodeEngine:265 - oldGeneratedFile, D:\Strataroh_Git\25_SV09_Internship_Projects_FW\Asmita_04052026\DMA\Core\Inc\main.h_save
2026-05-05 15:30:21,536 [INFO] CodeEngine:289 - Generated code: D:\Strataroh_Git\25_SV09_Internship_Projects_FW\Asmita_04052026\DMA\Core\Inc\main.h
2026-05-05 15:30:21,539 [INFO] CodeEngine:265 - oldGeneratedFile, D:\Strataroh_Git\25_SV09_Internship_Projects_FW\Asmita_04052026\DMA\Core\Src\main.c_save
2026-05-05 15:30:21,655 [INFO] CodeEngine:289 - Generated code: D:\Strataroh_Git\25_SV09_Internship_Projects_FW\Asmita_04052026\DMA\Core\Src\main.c
2026-05-05 15:30:21,899 [INFO] ProjectBuilder:3606 - Time for Copy HAL[1] : 108mS.
2026-05-05 15:30:21,902 [INFO] ProjectBuilder:5216 - Project Generator version: 4.7.0-B52
2026-05-05 15:30:21,970 [INFO] ConfigFileManager:1595 - The Die is : DIE493
2026-05-05 15:30:22,656 [INFO] ProjectBuilder:5496 - Time for Generating toolchain IDE Files: 754mS.
2026-05-05 15:30:22,658 [INFO] ProjectBuilder:3463 - Time for Copy CMSIS : 2mS.
2026-05-05 15:30:22,659 [INFO] ProjectBuilder:3463 - Time for Copy CMSIS : 0mS.
2026-05-05 15:46:05,105 [INFO] UtilMem:75 - End SaveConfig() Used Memory: 879609200 Bytes (1073741824)
2026-05-05 15:46:05,182 [INFO] UtilMem:75 - End SaveConfig() Used Memory: 894971968 Bytes (1073741824)
2026-05-05 15:46:05,694 [INFO] UtilMem:75 - End SaveConfig() Used Memory: 951591728 Bytes (1073741824)
2026-05-05 15:46:05,784 [INFO] BlockDiagram:2775 - set Specific Code input for plugin: NVIC
2026-05-05 15:46:05,784 [INFO] BlockDiagram:2775 - set Specific Code input for plugin: DMA
2026-05-05 15:46:05,784 [INFO] BlockDiagram:2775 - set Specific Code input for plugin: NUCLEO-C071RB
2026-05-05 15:46:05,784 [INFO] BlockDiagram:2775 - set Specific Code input for plugin: SYS
2026-05-05 15:46:05,784 [INFO] BlockDiagram:2775 - set Specific Code input for plugin: RCC
2026-05-05 15:46:05,785 [INFO] CodeGenerator:892 - code generatio: config db path: D:\STM32CubeIDE_1.19.0\STM32CubeIDE\plugins\com.st.stm32cube.common.mx_6.15.0.202507011659\\db\
2026-05-05 15:46:05,786 [INFO] Argument:325 - Argument : hdmavalue: null
2026-05-05 15:46:05,786 [INFO] Argument:327 - 	 sub Args: 
2026-05-05 15:46:05,786 [INFO] Argument:325 - Argument : Instancevalue: DMA1_Channel1
2026-05-05 15:46:05,786 [INFO] Argument:335 - Argument : Instancevalue: DMA1_Channel1
2026-05-05 15:46:05,786 [INFO] Argument:325 - Argument : Initvalue: null
2026-05-05 15:46:05,786 [INFO] Argument:327 - 	 sub Args: 
2026-05-05 15:46:05,786 [INFO] Argument:325 - Argument : Requestvalue: DMA_REQUEST_MEM2MEM
2026-05-05 15:46:05,786 [INFO] Argument:335 - Argument : Requestvalue: DMA_REQUEST_MEM2MEM
2026-05-05 15:46:05,786 [INFO] Argument:325 - Argument : Directionvalue: DMA_MEMORY_TO_MEMORY
2026-05-05 15:46:05,786 [INFO] Argument:335 - Argument : Directionvalue: DMA_MEMORY_TO_MEMORY
2026-05-05 15:46:05,786 [INFO] Argument:325 - Argument : PeriphIncvalue: DMA_PINC_ENABLE
2026-05-05 15:46:05,786 [INFO] Argument:335 - Argument : PeriphIncvalue: DMA_PINC_ENABLE
2026-05-05 15:46:05,786 [INFO] Argument:325 - Argument : MemIncvalue: DMA_MINC_ENABLE
2026-05-05 15:46:05,786 [INFO] Argument:335 - Argument : MemIncvalue: DMA_MINC_ENABLE
2026-05-05 15:46:05,786 [INFO] Argument:325 - Argument : PeriphDataAlignmentvalue: DMA_PDATAALIGN_BYTE
2026-05-05 15:46:05,786 [INFO] Argument:335 - Argument : PeriphDataAlignmentvalue: DMA_PDATAALIGN_BYTE
2026-05-05 15:46:05,787 [INFO] Argument:325 - Argument : MemDataAlignmentvalue: DMA_MDATAALIGN_BYTE
2026-05-05 15:46:05,787 [INFO] Argument:335 - Argument : MemDataAlignmentvalue: DMA_MDATAALIGN_BYTE
2026-05-05 15:46:05,787 [INFO] Argument:325 - Argument : Modevalue: DMA_NORMAL
2026-05-05 15:46:05,787 [INFO] Argument:335 - Argument : Modevalue: DMA_NORMAL
2026-05-05 15:46:05,787 [INFO] Argument:325 - Argument : Priorityvalue: DMA_PRIORITY_LOW
2026-05-05 15:46:05,787 [INFO] Argument:335 - Argument : Priorityvalue: DMA_PRIORITY_LOW
2026-05-05 15:46:05,787 [INFO] Argument:325 - Argument : Lockvalue: null
2026-05-05 15:46:05,787 [INFO] Argument:335 - Argument : Lockvalue: null
2026-05-05 15:46:05,787 [INFO] Argument:325 - Argument : Statevalue: null
2026-05-05 15:46:05,787 [INFO] Argument:335 - Argument : Statevalue: null
2026-05-05 15:46:05,787 [INFO] Argument:325 - Argument : Parentvalue: null
2026-05-05 15:46:05,787 [INFO] Argument:335 - Argument : Parentvalue: null
2026-05-05 15:46:05,787 [INFO] Argument:325 - Argument : XferCpltCallbackvalue: null
2026-05-05 15:46:05,787 [INFO] Argument:335 - Argument : XferCpltCallbackvalue: null
2026-05-05 15:46:05,787 [INFO] Argument:325 - Argument : XferHalfCpltCallbackvalue: null
2026-05-05 15:46:05,787 [INFO] Argument:335 - Argument : XferHalfCpltCallbackvalue: null
2026-05-05 15:46:05,787 [INFO] Argument:325 - Argument : XferErrorCallbackvalue: null
2026-05-05 15:46:05,787 [INFO] Argument:335 - Argument : XferErrorCallbackvalue: null
2026-05-05 15:46:05,787 [INFO] Argument:325 - Argument : XferAbortCallbackvalue: null
2026-05-05 15:46:05,787 [INFO] Argument:335 - Argument : XferAbortCallbackvalue: null
2026-05-05 15:46:05,787 [INFO] Argument:325 - Argument : ErrorCodevalue: null
2026-05-05 15:46:05,787 [INFO] Argument:335 - Argument : ErrorCodevalue: null
2026-05-05 15:46:05,787 [INFO] Argument:325 - Argument : ChannelIndexvalue: null
2026-05-05 15:46:05,787 [INFO] Argument:335 - Argument : ChannelIndexvalue: null
2026-05-05 15:46:05,787 [INFO] Argument:325 - Argument : DMAmuxChannelvalue: null
2026-05-05 15:46:05,787 [INFO] Argument:335 - Argument : DMAmuxChannelvalue: null
2026-05-05 15:46:05,787 [INFO] Argument:325 - Argument : DMAmuxChannelStatusvalue: null
2026-05-05 15:46:05,787 [INFO] Argument:335 - Argument : DMAmuxChannelStatusvalue: null
2026-05-05 15:46:05,788 [INFO] Argument:325 - Argument : DMAmuxChannelStatusMaskvalue: null
2026-05-05 15:46:05,788 [INFO] Argument:335 - Argument : DMAmuxChannelStatusMaskvalue: null
2026-05-05 15:46:05,788 [INFO] Argument:325 - Argument : DMAmuxRequestGenvalue: null
2026-05-05 15:46:05,788 [INFO] Argument:335 - Argument : DMAmuxRequestGenvalue: null
2026-05-05 15:46:05,788 [INFO] Argument:325 - Argument : DMAmuxRequestGenStatusvalue: null
2026-05-05 15:46:05,788 [INFO] Argument:335 - Argument : DMAmuxRequestGenStatusvalue: null
2026-05-05 15:46:05,788 [INFO] Argument:325 - Argument : DMAmuxRequestGenStatusMaskvalue: null
2026-05-05 15:46:05,788 [INFO] Argument:335 - Argument : DMAmuxRequestGenStatusMaskvalue: null
2026-05-05 15:46:05,788 [INFO] Argument:325 - Argument : hdmavalue: null
2026-05-05 15:46:05,788 [INFO] Argument:327 - 	 sub Args: 
2026-05-05 15:46:05,788 [INFO] Argument:325 - Argument : Instancevalue: DMA1_Channel2
2026-05-05 15:46:05,788 [INFO] Argument:335 - Argument : Instancevalue: DMA1_Channel2
2026-05-05 15:46:05,788 [INFO] Argument:325 - Argument : Initvalue: null
2026-05-05 15:46:05,788 [INFO] Argument:327 - 	 sub Args: 
2026-05-05 15:46:05,788 [INFO] Argument:325 - Argument : Requestvalue: DMA_REQUEST_MEM2MEM
2026-05-05 15:46:05,788 [INFO] Argument:335 - Argument : Requestvalue: DMA_REQUEST_MEM2MEM
2026-05-05 15:46:05,788 [INFO] Argument:325 - Argument : Directionvalue: DMA_MEMORY_TO_MEMORY
2026-05-05 15:46:05,788 [INFO] Argument:335 - Argument : Directionvalue: DMA_MEMORY_TO_MEMORY
2026-05-05 15:46:05,788 [INFO] Argument:325 - Argument : PeriphIncvalue: DMA_PINC_ENABLE
2026-05-05 15:46:05,788 [INFO] Argument:335 - Argument : PeriphIncvalue: DMA_PINC_ENABLE
2026-05-05 15:46:05,788 [INFO] Argument:325 - Argument : MemIncvalue: DMA_MINC_ENABLE
2026-05-05 15:46:05,788 [INFO] Argument:335 - Argument : MemIncvalue: DMA_MINC_ENABLE
2026-05-05 15:46:05,788 [INFO] Argument:325 - Argument : PeriphDataAlignmentvalue: DMA_PDATAALIGN_BYTE
2026-05-05 15:46:05,788 [INFO] Argument:335 - Argument : PeriphDataAlignmentvalue: DMA_PDATAALIGN_BYTE
2026-05-05 15:46:05,788 [INFO] Argument:325 - Argument : MemDataAlignmentvalue: DMA_MDATAALIGN_BYTE
2026-05-05 15:46:05,788 [INFO] Argument:335 - Argument : MemDataAlignmentvalue: DMA_MDATAALIGN_BYTE
2026-05-05 15:46:05,788 [INFO] Argument:325 - Argument : Modevalue: DMA_NORMAL
2026-05-05 15:46:05,789 [INFO] Argument:335 - Argument : Modevalue: DMA_NORMAL
2026-05-05 15:46:05,789 [INFO] Argument:325 - Argument : Priorityvalue: DMA_PRIORITY_LOW
2026-05-05 15:46:05,789 [INFO] Argument:335 - Argument : Priorityvalue: DMA_PRIORITY_LOW
2026-05-05 15:46:05,789 [INFO] Argument:325 - Argument : Lockvalue: null
2026-05-05 15:46:05,789 [INFO] Argument:335 - Argument : Lockvalue: null
2026-05-05 15:46:05,789 [INFO] Argument:325 - Argument : Statevalue: null
2026-05-05 15:46:05,789 [INFO] Argument:335 - Argument : Statevalue: null
2026-05-05 15:46:05,789 [INFO] Argument:325 - Argument : Parentvalue: null
2026-05-05 15:46:05,789 [INFO] Argument:335 - Argument : Parentvalue: null
2026-05-05 15:46:05,789 [INFO] Argument:325 - Argument : XferCpltCallbackvalue: null
2026-05-05 15:46:05,789 [INFO] Argument:335 - Argument : XferCpltCallbackvalue: null
2026-05-05 15:46:05,789 [INFO] Argument:325 - Argument : XferHalfCpltCallbackvalue: null
2026-05-05 15:46:05,789 [INFO] Argument:335 - Argument : XferHalfCpltCallbackvalue: null
2026-05-05 15:46:05,789 [INFO] Argument:325 - Argument : XferErrorCallbackvalue: null
2026-05-05 15:46:05,789 [INFO] Argument:335 - Argument : XferErrorCallbackvalue: null
2026-05-05 15:46:05,789 [INFO] Argument:325 - Argument : XferAbortCallbackvalue: null
2026-05-05 15:46:05,789 [INFO] Argument:335 - Argument : XferAbortCallbackvalue: null
2026-05-05 15:46:05,789 [INFO] Argument:325 - Argument : ErrorCodevalue: null
2026-05-05 15:46:05,789 [INFO] Argument:335 - Argument : ErrorCodevalue: null
2026-05-05 15:46:05,789 [INFO] Argument:325 - Argument : ChannelIndexvalue: null
2026-05-05 15:46:05,789 [INFO] Argument:335 - Argument : ChannelIndexvalue: null
2026-05-05 15:46:05,789 [INFO] Argument:325 - Argument : DMAmuxChannelvalue: null
2026-05-05 15:46:05,789 [INFO] Argument:335 - Argument : DMAmuxChannelvalue: null
2026-05-05 15:46:05,789 [INFO] Argument:325 - Argument : DMAmuxChannelStatusvalue: null
2026-05-05 15:46:05,789 [INFO] Argument:335 - Argument : DMAmuxChannelStatusvalue: null
2026-05-05 15:46:05,789 [INFO] Argument:325 - Argument : DMAmuxChannelStatusMaskvalue: null
2026-05-05 15:46:05,789 [INFO] Argument:335 - Argument : DMAmuxChannelStatusMaskvalue: null
2026-05-05 15:46:05,789 [INFO] Argument:325 - Argument : DMAmuxRequestGenvalue: null
2026-05-05 15:46:05,789 [INFO] Argument:335 - Argument : DMAmuxRequestGenvalue: null
2026-05-05 15:46:05,789 [INFO] Argument:325 - Argument : DMAmuxRequestGenStatusvalue: null
2026-05-05 15:46:05,789 [INFO] Argument:335 - Argument : DMAmuxRequestGenStatusvalue: null
2026-05-05 15:46:05,789 [INFO] Argument:325 - Argument : DMAmuxRequestGenStatusMaskvalue: null
2026-05-05 15:46:05,789 [INFO] Argument:335 - Argument : DMAmuxRequestGenStatusMaskvalue: null
2026-05-05 15:46:05,791 [INFO] Argument:325 - Argument : hdmavalue: null
2026-05-05 15:46:05,791 [INFO] Argument:327 - 	 sub Args: 
2026-05-05 15:46:05,791 [INFO] Argument:325 - Argument : Instancevalue: DMA1_Channel1
2026-05-05 15:46:05,791 [INFO] Argument:335 - Argument : Instancevalue: DMA1_Channel1
2026-05-05 15:46:05,791 [INFO] Argument:325 - Argument : Initvalue: null
2026-05-05 15:46:05,791 [INFO] Argument:327 - 	 sub Args: 
2026-05-05 15:46:05,791 [INFO] Argument:325 - Argument : Requestvalue: DMA_REQUEST_MEM2MEM
2026-05-05 15:46:05,791 [INFO] Argument:335 - Argument : Requestvalue: DMA_REQUEST_MEM2MEM
2026-05-05 15:46:05,791 [INFO] Argument:325 - Argument : Directionvalue: DMA_MEMORY_TO_MEMORY
2026-05-05 15:46:05,791 [INFO] Argument:335 - Argument : Directionvalue: DMA_MEMORY_TO_MEMORY
2026-05-05 15:46:05,791 [INFO] Argument:325 - Argument : PeriphIncvalue: DMA_PINC_ENABLE
2026-05-05 15:46:05,791 [INFO] Argument:335 - Argument : PeriphIncvalue: DMA_PINC_ENABLE
2026-05-05 15:46:05,791 [INFO] Argument:325 - Argument : MemIncvalue: DMA_MINC_ENABLE
2026-05-05 15:46:05,791 [INFO] Argument:335 - Argument : MemIncvalue: DMA_MINC_ENABLE
2026-05-05 15:46:05,791 [INFO] Argument:325 - Argument : PeriphDataAlignmentvalue: DMA_PDATAALIGN_BYTE
2026-05-05 15:46:05,791 [INFO] Argument:335 - Argument : PeriphDataAlignmentvalue: DMA_PDATAALIGN_BYTE
2026-05-05 15:46:05,791 [INFO] Argument:325 - Argument : MemDataAlignmentvalue: DMA_MDATAALIGN_BYTE
2026-05-05 15:46:05,791 [INFO] Argument:335 - Argument : MemDataAlignmentvalue: DMA_MDATAALIGN_BYTE
2026-05-05 15:46:05,791 [INFO] Argument:325 - Argument : Modevalue: DMA_NORMAL
2026-05-05 15:46:05,791 [INFO] Argument:335 - Argument : Modevalue: DMA_NORMAL
2026-05-05 15:46:05,791 [INFO] Argument:325 - Argument : Priorityvalue: DMA_PRIORITY_LOW
2026-05-05 15:46:05,791 [INFO] Argument:335 - Argument : Priorityvalue: DMA_PRIORITY_LOW
2026-05-05 15:46:05,791 [INFO] Argument:325 - Argument : Lockvalue: null
2026-05-05 15:46:05,791 [INFO] Argument:335 - Argument : Lockvalue: null
2026-05-05 15:46:05,791 [INFO] Argument:325 - Argument : Statevalue: null
2026-05-05 15:46:05,791 [INFO] Argument:335 - Argument : Statevalue: null
2026-05-05 15:46:05,791 [INFO] Argument:325 - Argument : Parentvalue: null
2026-05-05 15:46:05,791 [INFO] Argument:335 - Argument : Parentvalue: null
2026-05-05 15:46:05,791 [INFO] Argument:325 - Argument : XferCpltCallbackvalue: null
2026-05-05 15:46:05,791 [INFO] Argument:335 - Argument : XferCpltCallbackvalue: null
2026-05-05 15:46:05,791 [INFO] Argument:325 - Argument : XferHalfCpltCallbackvalue: null
2026-05-05 15:46:05,791 [INFO] Argument:335 - Argument : XferHalfCpltCallbackvalue: null
2026-05-05 15:46:05,791 [INFO] Argument:325 - Argument : XferErrorCallbackvalue: null
2026-05-05 15:46:05,791 [INFO] Argument:335 - Argument : XferErrorCallbackvalue: null
2026-05-05 15:46:05,791 [INFO] Argument:325 - Argument : XferAbortCallbackvalue: null
2026-05-05 15:46:05,792 [INFO] Argument:335 - Argument : XferAbortCallbackvalue: null
2026-05-05 15:46:05,792 [INFO] Argument:325 - Argument : ErrorCodevalue: null
2026-05-05 15:46:05,792 [INFO] Argument:335 - Argument : ErrorCodevalue: null
2026-05-05 15:46:05,792 [INFO] Argument:325 - Argument : ChannelIndexvalue: null
2026-05-05 15:46:05,792 [INFO] Argument:335 - Argument : ChannelIndexvalue: null
2026-05-05 15:46:05,792 [INFO] Argument:325 - Argument : DMAmuxChannelvalue: null
2026-05-05 15:46:05,792 [INFO] Argument:335 - Argument : DMAmuxChannelvalue: null
2026-05-05 15:46:05,792 [INFO] Argument:325 - Argument : DMAmuxChannelStatusvalue: null
2026-05-05 15:46:05,792 [INFO] Argument:335 - Argument : DMAmuxChannelStatusvalue: null
2026-05-05 15:46:05,792 [INFO] Argument:325 - Argument : DMAmuxChannelStatusMaskvalue: null
2026-05-05 15:46:05,792 [INFO] Argument:335 - Argument : DMAmuxChannelStatusMaskvalue: null
2026-05-05 15:46:05,792 [INFO] Argument:325 - Argument : DMAmuxRequestGenvalue: null
2026-05-05 15:46:05,792 [INFO] Argument:335 - Argument : DMAmuxRequestGenvalue: null
2026-05-05 15:46:05,792 [INFO] Argument:325 - Argument : DMAmuxRequestGenStatusvalue: null
2026-05-05 15:46:05,792 [INFO] Argument:335 - Argument : DMAmuxRequestGenStatusvalue: null
2026-05-05 15:46:05,792 [INFO] Argument:325 - Argument : DMAmuxRequestGenStatusMaskvalue: null
2026-05-05 15:46:05,792 [INFO] Argument:335 - Argument : DMAmuxRequestGenStatusMaskvalue: null
2026-05-05 15:46:05,793 [INFO] Argument:325 - Argument : hdmavalue: null
2026-05-05 15:46:05,793 [INFO] Argument:327 - 	 sub Args: 
2026-05-05 15:46:05,793 [INFO] Argument:325 - Argument : Instancevalue: DMA1_Channel2
2026-05-05 15:46:05,793 [INFO] Argument:335 - Argument : Instancevalue: DMA1_Channel2
2026-05-05 15:46:05,793 [INFO] Argument:325 - Argument : Initvalue: null
2026-05-05 15:46:05,793 [INFO] Argument:327 - 	 sub Args: 
2026-05-05 15:46:05,793 [INFO] Argument:325 - Argument : Requestvalue: DMA_REQUEST_MEM2MEM
2026-05-05 15:46:05,793 [INFO] Argument:335 - Argument : Requestvalue: DMA_REQUEST_MEM2MEM
2026-05-05 15:46:05,793 [INFO] Argument:325 - Argument : Directionvalue: DMA_MEMORY_TO_MEMORY
2026-05-05 15:46:05,793 [INFO] Argument:335 - Argument : Directionvalue: DMA_MEMORY_TO_MEMORY
2026-05-05 15:46:05,793 [INFO] Argument:325 - Argument : PeriphIncvalue: DMA_PINC_ENABLE
2026-05-05 15:46:05,793 [INFO] Argument:335 - Argument : PeriphIncvalue: DMA_PINC_ENABLE
2026-05-05 15:46:05,793 [INFO] Argument:325 - Argument : MemIncvalue: DMA_MINC_ENABLE
2026-05-05 15:46:05,793 [INFO] Argument:335 - Argument : MemIncvalue: DMA_MINC_ENABLE
2026-05-05 15:46:05,793 [INFO] Argument:325 - Argument : PeriphDataAlignmentvalue: DMA_PDATAALIGN_BYTE
2026-05-05 15:46:05,793 [INFO] Argument:335 - Argument : PeriphDataAlignmentvalue: DMA_PDATAALIGN_BYTE
2026-05-05 15:46:05,793 [INFO] Argument:325 - Argument : MemDataAlignmentvalue: DMA_MDATAALIGN_BYTE
2026-05-05 15:46:05,794 [INFO] Argument:335 - Argument : MemDataAlignmentvalue: DMA_MDATAALIGN_BYTE
2026-05-05 15:46:05,794 [INFO] Argument:325 - Argument : Modevalue: DMA_NORMAL
2026-05-05 15:46:05,794 [INFO] Argument:335 - Argument : Modevalue: DMA_NORMAL
2026-05-05 15:46:05,794 [INFO] Argument:325 - Argument : Priorityvalue: DMA_PRIORITY_LOW
2026-05-05 15:46:05,794 [INFO] Argument:335 - Argument : Priorityvalue: DMA_PRIORITY_LOW
2026-05-05 15:46:05,794 [INFO] Argument:325 - Argument : Lockvalue: null
2026-05-05 15:46:05,794 [INFO] Argument:335 - Argument : Lockvalue: null
2026-05-05 15:46:05,794 [INFO] Argument:325 - Argument : Statevalue: null
2026-05-05 15:46:05,794 [INFO] Argument:335 - Argument : Statevalue: null
2026-05-05 15:46:05,794 [INFO] Argument:325 - Argument : Parentvalue: null
2026-05-05 15:46:05,794 [INFO] Argument:335 - Argument : Parentvalue: null
2026-05-05 15:46:05,794 [INFO] Argument:325 - Argument : XferCpltCallbackvalue: null
2026-05-05 15:46:05,794 [INFO] Argument:335 - Argument : XferCpltCallbackvalue: null
2026-05-05 15:46:05,794 [INFO] Argument:325 - Argument : XferHalfCpltCallbackvalue: null
2026-05-05 15:46:05,794 [INFO] Argument:335 - Argument : XferHalfCpltCallbackvalue: null
2026-05-05 15:46:05,794 [INFO] Argument:325 - Argument : XferErrorCallbackvalue: null
2026-05-05 15:46:05,794 [INFO] Argument:335 - Argument : XferErrorCallbackvalue: null
2026-05-05 15:46:05,794 [INFO] Argument:325 - Argument : XferAbortCallbackvalue: null
2026-05-05 15:46:05,794 [INFO] Argument:335 - Argument : XferAbortCallbackvalue: null
2026-05-05 15:46:05,794 [INFO] Argument:325 - Argument : ErrorCodevalue: null
2026-05-05 15:46:05,794 [INFO] Argument:335 - Argument : ErrorCodevalue: null
2026-05-05 15:46:05,794 [INFO] Argument:325 - Argument : ChannelIndexvalue: null
2026-05-05 15:46:05,794 [INFO] Argument:335 - Argument : ChannelIndexvalue: null
2026-05-05 15:46:05,794 [INFO] Argument:325 - Argument : DMAmuxChannelvalue: null
2026-05-05 15:46:05,794 [INFO] Argument:335 - Argument : DMAmuxChannelvalue: null
2026-05-05 15:46:05,794 [INFO] Argument:325 - Argument : DMAmuxChannelStatusvalue: null
2026-05-05 15:46:05,794 [INFO] Argument:335 - Argument : DMAmuxChannelStatusvalue: null
2026-05-05 15:46:05,794 [INFO] Argument:325 - Argument : DMAmuxChannelStatusMaskvalue: null
2026-05-05 15:46:05,794 [INFO] Argument:335 - Argument : DMAmuxChannelStatusMaskvalue: null
2026-05-05 15:46:05,794 [INFO] Argument:325 - Argument : DMAmuxRequestGenvalue: null
2026-05-05 15:46:05,794 [INFO] Argument:335 - Argument : DMAmuxRequestGenvalue: null
2026-05-05 15:46:05,794 [INFO] Argument:325 - Argument : DMAmuxRequestGenStatusvalue: null
2026-05-05 15:46:05,794 [INFO] Argument:335 - Argument : DMAmuxRequestGenStatusvalue: null
2026-05-05 15:46:05,795 [INFO] Argument:325 - Argument : DMAmuxRequestGenStatusMaskvalue: null
2026-05-05 15:46:05,795 [INFO] Argument:335 - Argument : DMAmuxRequestGenStatusMaskvalue: null
2026-05-05 15:46:05,858 [INFO] CodeEngine:265 - oldGeneratedFile, D:\Strataroh_Git\25_SV09_Internship_Projects_FW\Asmita_04052026\DMA\MXTmpFiles\license.tmp_save
2026-05-05 15:46:05,986 [INFO] CodeEngine:289 - Generated code: D:\Strataroh_Git\25_SV09_Internship_Projects_FW\Asmita_04052026\DMA\MXTmpFiles\license.tmp
2026-05-05 15:46:06,003 [INFO] CodeEngine:265 - oldGeneratedFile, D:\Strataroh_Git\25_SV09_Internship_Projects_FW\Asmita_04052026\DMA\MXTmpFiles\cortex.tmp_save
2026-05-05 15:46:06,112 [INFO] CodeEngine:289 - Generated code: D:\Strataroh_Git\25_SV09_Internship_Projects_FW\Asmita_04052026\DMA\MXTmpFiles\cortex.tmp
2026-05-05 15:46:06,122 [INFO] CodeEngine:265 - oldGeneratedFile, D:\Strataroh_Git\25_SV09_Internship_Projects_FW\Asmita_04052026\DMA\MXTmpFiles\dma.tmp_save
2026-05-05 15:46:06,243 [INFO] CodeEngine:289 - Generated code: D:\Strataroh_Git\25_SV09_Internship_Projects_FW\Asmita_04052026\DMA\MXTmpFiles\dma.tmp
2026-05-05 15:46:06,255 [INFO] CodeEngine:265 - oldGeneratedFile, D:\Strataroh_Git\25_SV09_Internship_Projects_FW\Asmita_04052026\DMA\MXTmpFiles\dma_GV.tmp_save
2026-05-05 15:46:06,299 [ERROR] IocParser:95 - Exception caught: Cannot invoke "java.lang.CharSequence.length()" because "this.text" is null
2026-05-05 15:46:06,302 [INFO] CodeEngine:289 - Generated code: D:\Strataroh_Git\25_SV09_Internship_Projects_FW\Asmita_04052026\DMA\MXTmpFiles\dma_GV.tmp
2026-05-05 15:46:06,312 [INFO] CodeEngine:265 - oldGeneratedFile, D:\Strataroh_Git\25_SV09_Internship_Projects_FW\Asmita_04052026\DMA\Core\Inc\stm32c0xx_nucleo_conf.h_save
2026-05-05 15:46:06,395 [INFO] CodeEngine:289 - Generated code: D:\Strataroh_Git\25_SV09_Internship_Projects_FW\Asmita_04052026\DMA\Core\Inc\stm32c0xx_nucleo_conf.h
2026-05-05 15:46:06,398 [INFO] CodeEngine:265 - oldGeneratedFile, D:\Strataroh_Git\25_SV09_Internship_Projects_FW\Asmita_04052026\DMA\MXTmpFiles\bsp_inc.tmp_save
2026-05-05 15:46:06,442 [INFO] CodeEngine:289 - Generated code: D:\Strataroh_Git\25_SV09_Internship_Projects_FW\Asmita_04052026\DMA\MXTmpFiles\bsp_inc.tmp
2026-05-05 15:46:06,444 [INFO] CodeEngine:265 - oldGeneratedFile, D:\Strataroh_Git\25_SV09_Internship_Projects_FW\Asmita_04052026\DMA\MXTmpFiles\bsp_common_vars.tmp_save
2026-05-05 15:46:06,489 [INFO] CodeEngine:289 - Generated code: D:\Strataroh_Git\25_SV09_Internship_Projects_FW\Asmita_04052026\DMA\MXTmpFiles\bsp_common_vars.tmp
2026-05-05 15:46:06,492 [INFO] CodeEngine:265 - oldGeneratedFile, D:\Strataroh_Git\25_SV09_Internship_Projects_FW\Asmita_04052026\DMA\MXTmpFiles\bsp_common_init.tmp_save
2026-05-05 15:46:06,542 [INFO] CodeEngine:289 - Generated code: D:\Strataroh_Git\25_SV09_Internship_Projects_FW\Asmita_04052026\DMA\MXTmpFiles\bsp_common_init.tmp
2026-05-05 15:46:06,545 [INFO] CodeEngine:265 - oldGeneratedFile, D:\Strataroh_Git\25_SV09_Internship_Projects_FW\Asmita_04052026\DMA\MXTmpFiles\bsp_common_demo_before_while.tmp_save
2026-05-05 15:46:06,588 [INFO] CodeEngine:289 - Generated code: D:\Strataroh_Git\25_SV09_Internship_Projects_FW\Asmita_04052026\DMA\MXTmpFiles\bsp_common_demo_before_while.tmp
2026-05-05 15:46:06,591 [INFO] CodeEngine:265 - oldGeneratedFile, D:\Strataroh_Git\25_SV09_Internship_Projects_FW\Asmita_04052026\DMA\MXTmpFiles\bsp_common_demo_inside_while.tmp_save
2026-05-05 15:46:06,634 [INFO] CodeEngine:289 - Generated code: D:\Strataroh_Git\25_SV09_Internship_Projects_FW\Asmita_04052026\DMA\MXTmpFiles\bsp_common_demo_inside_while.tmp
2026-05-05 15:46:06,637 [INFO] CodeEngine:265 - oldGeneratedFile, D:\Strataroh_Git\25_SV09_Internship_Projects_FW\Asmita_04052026\DMA\MXTmpFiles\bsp_common_demo_fct.tmp_save
2026-05-05 15:46:06,685 [INFO] CodeEngine:289 - Generated code: D:\Strataroh_Git\25_SV09_Internship_Projects_FW\Asmita_04052026\DMA\MXTmpFiles\bsp_common_demo_fct.tmp
2026-05-05 15:46:06,693 [INFO] CodeEngine:265 - oldGeneratedFile, D:\Strataroh_Git\25_SV09_Internship_Projects_FW\Asmita_04052026\DMA\Core\Src\stm32c0xx_it.c_save
2026-05-05 15:46:06,889 [INFO] CodeEngine:289 - Generated code: D:\Strataroh_Git\25_SV09_Internship_Projects_FW\Asmita_04052026\DMA\Core\Src\stm32c0xx_it.c
2026-05-05 15:46:06,894 [INFO] CodeEngine:265 - oldGeneratedFile, D:\Strataroh_Git\25_SV09_Internship_Projects_FW\Asmita_04052026\DMA\Core\Inc\stm32c0xx_it.h_save
2026-05-05 15:46:06,968 [INFO] CodeEngine:289 - Generated code: D:\Strataroh_Git\25_SV09_Internship_Projects_FW\Asmita_04052026\DMA\Core\Inc\stm32c0xx_it.h
2026-05-05 15:46:06,976 [INFO] CodeEngine:265 - oldGeneratedFile, D:\Strataroh_Git\25_SV09_Internship_Projects_FW\Asmita_04052026\DMA\Core\Src\stm32c0xx_hal_msp.c_save
2026-05-05 15:46:07,093 [INFO] CodeEngine:289 - Generated code: D:\Strataroh_Git\25_SV09_Internship_Projects_FW\Asmita_04052026\DMA\Core\Src\stm32c0xx_hal_msp.c
2026-05-05 15:46:07,096 [INFO] CodeEngine:265 - oldGeneratedFile, D:\Strataroh_Git\25_SV09_Internship_Projects_FW\Asmita_04052026\DMA\MXTmpFiles\system.tmp_save
2026-05-05 15:46:07,180 [INFO] CodeEngine:289 - Generated code: D:\Strataroh_Git\25_SV09_Internship_Projects_FW\Asmita_04052026\DMA\MXTmpFiles\system.tmp
2026-05-05 15:46:07,187 [INFO] CodeEngine:321 - oldGeneratedFile, D:\Strataroh_Git\25_SV09_Internship_Projects_FW\Asmita_04052026\DMA\Core\Inc\stm32c0xx_hal_conf.h_save
2026-05-05 15:46:07,303 [INFO] CodeEngine:345 - Generated code: D:\Strataroh_Git\25_SV09_Internship_Projects_FW\Asmita_04052026\DMA\Core\Inc\stm32c0xx_hal_conf.h
2026-05-05 15:46:07,315 [WARN] IPConfigManager:3238 - Warning: the RefConfig RCC_PClockConfig is not available in your config.xml file
2026-05-05 15:46:07,316 [WARN] IPConfigManager:3238 - Warning: the RefConfig RCC_interrupt_Time_SYSTICK_Config is not available in your config.xml file
2026-05-05 15:46:07,321 [INFO] CodeEngine:265 - oldGeneratedFile, D:\Strataroh_Git\25_SV09_Internship_Projects_FW\Asmita_04052026\DMA\Core\Inc\main.h_save
2026-05-05 15:46:07,425 [INFO] CodeEngine:289 - Generated code: D:\Strataroh_Git\25_SV09_Internship_Projects_FW\Asmita_04052026\DMA\Core\Inc\main.h
2026-05-05 15:46:07,429 [INFO] CodeEngine:265 - oldGeneratedFile, D:\Strataroh_Git\25_SV09_Internship_Projects_FW\Asmita_04052026\DMA\Core\Src\main.c_save
2026-05-05 15:46:07,530 [INFO] CodeEngine:289 - Generated code: D:\Strataroh_Git\25_SV09_Internship_Projects_FW\Asmita_04052026\DMA\Core\Src\main.c
2026-05-05 15:46:07,751 [INFO] ProjectBuilder:3606 - Time for Copy HAL[1] : 92mS.
2026-05-05 15:46:07,753 [INFO] ProjectBuilder:5216 - Project Generator version: 4.7.0-B52
2026-05-05 15:46:07,815 [INFO] ConfigFileManager:1595 - The Die is : DIE493
2026-05-05 15:46:08,332 [INFO] ProjectBuilder:5496 - Time for Generating toolchain IDE Files: 579mS.
2026-05-05 15:46:08,333 [INFO] ProjectBuilder:3463 - Time for Copy CMSIS : 0mS.
2026-05-05 15:46:08,335 [INFO] ProjectBuilder:3463 - Time for Copy CMSIS : 0mS.
2026-05-05 16:00:18,778 [INFO] NvicIntPanel:101 - NVIC parent = com.st.microxplorer.plugins.ip.nvic.MultiNvicIntPanel[,0,0,450x170,layout=javax.swing.BoxLayout,alignmentX=0.0,alignmentY=0.0,border=,flags=9,maximumSize=,minimumSize=,preferredSize=]
2026-05-05 16:00:20,726 [INFO] NvicIntPanel:101 - NVIC parent = com.st.microxplorer.plugins.ip.nvic.MultiNvicIntPanel[,0,0,0x0,invalid,layout=javax.swing.BoxLayout,alignmentX=0.0,alignmentY=0.0,border=,flags=9,maximumSize=,minimumSize=,preferredSize=]
2026-05-05 16:00:58,137 [INFO] NvicIntPanel:101 - NVIC parent = com.st.microxplorer.plugins.ip.nvic.MultiNvicIntPanel[,0,0,0x0,invalid,layout=javax.swing.BoxLayout,alignmentX=0.0,alignmentY=0.0,border=,flags=9,maximumSize=,minimumSize=,preferredSize=]
2026-05-05 16:03:21,160 [INFO] UtilMem:75 - End SaveConfig() Used Memory: 985947872 Bytes (1073741824)
2026-05-05 16:03:21,276 [INFO] UtilMem:75 - End SaveConfig() Used Memory: 1002694456 Bytes (1073741824)
2026-05-05 16:03:22,031 [INFO] UtilMem:75 - End SaveConfig() Used Memory: 717040768 Bytes (1073741824)
2026-05-05 16:03:22,163 [INFO] BlockDiagram:2775 - set Specific Code input for plugin: NVIC
2026-05-05 16:03:22,164 [INFO] BlockDiagram:2775 - set Specific Code input for plugin: USART
2026-05-05 16:03:22,164 [INFO] BlockDiagram:2775 - set Specific Code input for plugin: DMA
2026-05-05 16:03:22,164 [INFO] BlockDiagram:2775 - set Specific Code input for plugin: NUCLEO-C071RB
2026-05-05 16:03:22,164 [INFO] BlockDiagram:2775 - set Specific Code input for plugin: SYS
2026-05-05 16:03:22,164 [INFO] BlockDiagram:2775 - set Specific Code input for plugin: GPIO
2026-05-05 16:03:22,164 [INFO] BlockDiagram:2775 - set Specific Code input for plugin: RCC
2026-05-05 16:03:22,165 [INFO] CodeGenerator:892 - code generatio: config db path: D:\STM32CubeIDE_1.19.0\STM32CubeIDE\plugins\com.st.stm32cube.common.mx_6.15.0.202507011659\\db\
2026-05-05 16:03:22,167 [INFO] Argument:325 - Argument : hdmavalue: null
2026-05-05 16:03:22,167 [INFO] Argument:327 - 	 sub Args: 
2026-05-05 16:03:22,167 [INFO] Argument:325 - Argument : Instancevalue: DMA1_Channel1
2026-05-05 16:03:22,167 [INFO] Argument:335 - Argument : Instancevalue: DMA1_Channel1
2026-05-05 16:03:22,167 [INFO] Argument:325 - Argument : Initvalue: null
2026-05-05 16:03:22,168 [INFO] Argument:327 - 	 sub Args: 
2026-05-05 16:03:22,168 [INFO] Argument:325 - Argument : Requestvalue: DMA_REQUEST_MEM2MEM
2026-05-05 16:03:22,168 [INFO] Argument:335 - Argument : Requestvalue: DMA_REQUEST_MEM2MEM
2026-05-05 16:03:22,168 [INFO] Argument:325 - Argument : Directionvalue: DMA_MEMORY_TO_MEMORY
2026-05-05 16:03:22,168 [INFO] Argument:335 - Argument : Directionvalue: DMA_MEMORY_TO_MEMORY
2026-05-05 16:03:22,168 [INFO] Argument:325 - Argument : PeriphIncvalue: DMA_PINC_ENABLE
2026-05-05 16:03:22,168 [INFO] Argument:335 - Argument : PeriphIncvalue: DMA_PINC_ENABLE
2026-05-05 16:03:22,168 [INFO] Argument:325 - Argument : MemIncvalue: DMA_MINC_ENABLE
2026-05-05 16:03:22,168 [INFO] Argument:335 - Argument : MemIncvalue: DMA_MINC_ENABLE
2026-05-05 16:03:22,168 [INFO] Argument:325 - Argument : PeriphDataAlignmentvalue: DMA_PDATAALIGN_BYTE
2026-05-05 16:03:22,168 [INFO] Argument:335 - Argument : PeriphDataAlignmentvalue: DMA_PDATAALIGN_BYTE
2026-05-05 16:03:22,168 [INFO] Argument:325 - Argument : MemDataAlignmentvalue: DMA_MDATAALIGN_BYTE
2026-05-05 16:03:22,168 [INFO] Argument:335 - Argument : MemDataAlignmentvalue: DMA_MDATAALIGN_BYTE
2026-05-05 16:03:22,168 [INFO] Argument:325 - Argument : Modevalue: DMA_NORMAL
2026-05-05 16:03:22,168 [INFO] Argument:335 - Argument : Modevalue: DMA_NORMAL
2026-05-05 16:03:22,168 [INFO] Argument:325 - Argument : Priorityvalue: DMA_PRIORITY_LOW
2026-05-05 16:03:22,168 [INFO] Argument:335 - Argument : Priorityvalue: DMA_PRIORITY_LOW
2026-05-05 16:03:22,168 [INFO] Argument:325 - Argument : Lockvalue: null
2026-05-05 16:03:22,168 [INFO] Argument:335 - Argument : Lockvalue: null
2026-05-05 16:03:22,168 [INFO] Argument:325 - Argument : Statevalue: null
2026-05-05 16:03:22,168 [INFO] Argument:335 - Argument : Statevalue: null
2026-05-05 16:03:22,169 [INFO] Argument:325 - Argument : Parentvalue: null
2026-05-05 16:03:22,169 [INFO] Argument:335 - Argument : Parentvalue: null
2026-05-05 16:03:22,169 [INFO] Argument:325 - Argument : XferCpltCallbackvalue: null
2026-05-05 16:03:22,169 [INFO] Argument:335 - Argument : XferCpltCallbackvalue: null
2026-05-05 16:03:22,169 [INFO] Argument:325 - Argument : XferHalfCpltCallbackvalue: null
2026-05-05 16:03:22,169 [INFO] Argument:335 - Argument : XferHalfCpltCallbackvalue: null
2026-05-05 16:03:22,169 [INFO] Argument:325 - Argument : XferErrorCallbackvalue: null
2026-05-05 16:03:22,169 [INFO] Argument:335 - Argument : XferErrorCallbackvalue: null
2026-05-05 16:03:22,169 [INFO] Argument:325 - Argument : XferAbortCallbackvalue: null
2026-05-05 16:03:22,169 [INFO] Argument:335 - Argument : XferAbortCallbackvalue: null
2026-05-05 16:03:22,169 [INFO] Argument:325 - Argument : ErrorCodevalue: null
2026-05-05 16:03:22,169 [INFO] Argument:335 - Argument : ErrorCodevalue: null
2026-05-05 16:03:22,169 [INFO] Argument:325 - Argument : ChannelIndexvalue: null
2026-05-05 16:03:22,169 [INFO] Argument:335 - Argument : ChannelIndexvalue: null
2026-05-05 16:03:22,169 [INFO] Argument:325 - Argument : DMAmuxChannelvalue: null
2026-05-05 16:03:22,169 [INFO] Argument:335 - Argument : DMAmuxChannelvalue: null
2026-05-05 16:03:22,169 [INFO] Argument:325 - Argument : DMAmuxChannelStatusvalue: null
2026-05-05 16:03:22,169 [INFO] Argument:335 - Argument : DMAmuxChannelStatusvalue: null
2026-05-05 16:03:22,169 [INFO] Argument:325 - Argument : DMAmuxChannelStatusMaskvalue: null
2026-05-05 16:03:22,169 [INFO] Argument:335 - Argument : DMAmuxChannelStatusMaskvalue: null
2026-05-05 16:03:22,169 [INFO] Argument:325 - Argument : DMAmuxRequestGenvalue: null
2026-05-05 16:03:22,169 [INFO] Argument:335 - Argument : DMAmuxRequestGenvalue: null
2026-05-05 16:03:22,169 [INFO] Argument:325 - Argument : DMAmuxRequestGenStatusvalue: null
2026-05-05 16:03:22,169 [INFO] Argument:335 - Argument : DMAmuxRequestGenStatusvalue: null
2026-05-05 16:03:22,169 [INFO] Argument:325 - Argument : DMAmuxRequestGenStatusMaskvalue: null
2026-05-05 16:03:22,169 [INFO] Argument:335 - Argument : DMAmuxRequestGenStatusMaskvalue: null
2026-05-05 16:03:22,170 [INFO] Argument:325 - Argument : hdmavalue: null
2026-05-05 16:03:22,170 [INFO] Argument:327 - 	 sub Args: 
2026-05-05 16:03:22,170 [INFO] Argument:325 - Argument : Instancevalue: DMA1_Channel2
2026-05-05 16:03:22,170 [INFO] Argument:335 - Argument : Instancevalue: DMA1_Channel2
2026-05-05 16:03:22,170 [INFO] Argument:325 - Argument : Initvalue: null
2026-05-05 16:03:22,170 [INFO] Argument:327 - 	 sub Args: 
2026-05-05 16:03:22,170 [INFO] Argument:325 - Argument : Requestvalue: DMA_REQUEST_MEM2MEM
2026-05-05 16:03:22,170 [INFO] Argument:335 - Argument : Requestvalue: DMA_REQUEST_MEM2MEM
2026-05-05 16:03:22,170 [INFO] Argument:325 - Argument : Directionvalue: DMA_MEMORY_TO_MEMORY
2026-05-05 16:03:22,170 [INFO] Argument:335 - Argument : Directionvalue: DMA_MEMORY_TO_MEMORY
2026-05-05 16:03:22,170 [INFO] Argument:325 - Argument : PeriphIncvalue: DMA_PINC_ENABLE
2026-05-05 16:03:22,170 [INFO] Argument:335 - Argument : PeriphIncvalue: DMA_PINC_ENABLE
2026-05-05 16:03:22,170 [INFO] Argument:325 - Argument : MemIncvalue: DMA_MINC_ENABLE
2026-05-05 16:03:22,170 [INFO] Argument:335 - Argument : MemIncvalue: DMA_MINC_ENABLE
2026-05-05 16:03:22,170 [INFO] Argument:325 - Argument : PeriphDataAlignmentvalue: DMA_PDATAALIGN_BYTE
2026-05-05 16:03:22,170 [INFO] Argument:335 - Argument : PeriphDataAlignmentvalue: DMA_PDATAALIGN_BYTE
2026-05-05 16:03:22,170 [INFO] Argument:325 - Argument : MemDataAlignmentvalue: DMA_MDATAALIGN_BYTE
2026-05-05 16:03:22,170 [INFO] Argument:335 - Argument : MemDataAlignmentvalue: DMA_MDATAALIGN_BYTE
2026-05-05 16:03:22,170 [INFO] Argument:325 - Argument : Modevalue: DMA_NORMAL
2026-05-05 16:03:22,170 [INFO] Argument:335 - Argument : Modevalue: DMA_NORMAL
2026-05-05 16:03:22,170 [INFO] Argument:325 - Argument : Priorityvalue: DMA_PRIORITY_LOW
2026-05-05 16:03:22,170 [INFO] Argument:335 - Argument : Priorityvalue: DMA_PRIORITY_LOW
2026-05-05 16:03:22,170 [INFO] Argument:325 - Argument : Lockvalue: null
2026-05-05 16:03:22,172 [INFO] Argument:335 - Argument : Lockvalue: null
2026-05-05 16:03:22,172 [INFO] Argument:325 - Argument : Statevalue: null
2026-05-05 16:03:22,172 [INFO] Argument:335 - Argument : Statevalue: null
2026-05-05 16:03:22,172 [INFO] Argument:325 - Argument : Parentvalue: null
2026-05-05 16:03:22,172 [INFO] Argument:335 - Argument : Parentvalue: null
2026-05-05 16:03:22,172 [INFO] Argument:325 - Argument : XferCpltCallbackvalue: null
2026-05-05 16:03:22,172 [INFO] Argument:335 - Argument : XferCpltCallbackvalue: null
2026-05-05 16:03:22,172 [INFO] Argument:325 - Argument : XferHalfCpltCallbackvalue: null
2026-05-05 16:03:22,172 [INFO] Argument:335 - Argument : XferHalfCpltCallbackvalue: null
2026-05-05 16:03:22,172 [INFO] Argument:325 - Argument : XferErrorCallbackvalue: null
2026-05-05 16:03:22,172 [INFO] Argument:335 - Argument : XferErrorCallbackvalue: null
2026-05-05 16:03:22,172 [INFO] Argument:325 - Argument : XferAbortCallbackvalue: null
2026-05-05 16:03:22,172 [INFO] Argument:335 - Argument : XferAbortCallbackvalue: null
2026-05-05 16:03:22,172 [INFO] Argument:325 - Argument : ErrorCodevalue: null
2026-05-05 16:03:22,172 [INFO] Argument:335 - Argument : ErrorCodevalue: null
2026-05-05 16:03:22,172 [INFO] Argument:325 - Argument : ChannelIndexvalue: null
2026-05-05 16:03:22,172 [INFO] Argument:335 - Argument : ChannelIndexvalue: null
2026-05-05 16:03:22,173 [INFO] Argument:325 - Argument : DMAmuxChannelvalue: null
2026-05-05 16:03:22,173 [INFO] Argument:335 - Argument : DMAmuxChannelvalue: null
2026-05-05 16:03:22,173 [INFO] Argument:325 - Argument : DMAmuxChannelStatusvalue: null
2026-05-05 16:03:22,173 [INFO] Argument:335 - Argument : DMAmuxChannelStatusvalue: null
2026-05-05 16:03:22,173 [INFO] Argument:325 - Argument : DMAmuxChannelStatusMaskvalue: null
2026-05-05 16:03:22,173 [INFO] Argument:335 - Argument : DMAmuxChannelStatusMaskvalue: null
2026-05-05 16:03:22,173 [INFO] Argument:325 - Argument : DMAmuxRequestGenvalue: null
2026-05-05 16:03:22,173 [INFO] Argument:335 - Argument : DMAmuxRequestGenvalue: null
2026-05-05 16:03:22,173 [INFO] Argument:325 - Argument : DMAmuxRequestGenStatusvalue: null
2026-05-05 16:03:22,173 [INFO] Argument:335 - Argument : DMAmuxRequestGenStatusvalue: null
2026-05-05 16:03:22,173 [INFO] Argument:325 - Argument : DMAmuxRequestGenStatusMaskvalue: null
2026-05-05 16:03:22,173 [INFO] Argument:335 - Argument : DMAmuxRequestGenStatusMaskvalue: null
2026-05-05 16:03:22,173 [INFO] Argument:325 - Argument : hdmavalue: null
2026-05-05 16:03:22,173 [INFO] Argument:327 - 	 sub Args: 
2026-05-05 16:03:22,173 [INFO] Argument:325 - Argument : Instancevalue: DMA1_Channel1
2026-05-05 16:03:22,173 [INFO] Argument:335 - Argument : Instancevalue: DMA1_Channel1
2026-05-05 16:03:22,173 [INFO] Argument:325 - Argument : Initvalue: null
2026-05-05 16:03:22,173 [INFO] Argument:327 - 	 sub Args: 
2026-05-05 16:03:22,173 [INFO] Argument:325 - Argument : Requestvalue: DMA_REQUEST_MEM2MEM
2026-05-05 16:03:22,173 [INFO] Argument:335 - Argument : Requestvalue: DMA_REQUEST_MEM2MEM
2026-05-05 16:03:22,173 [INFO] Argument:325 - Argument : Directionvalue: DMA_MEMORY_TO_MEMORY
2026-05-05 16:03:22,174 [INFO] Argument:335 - Argument : Directionvalue: DMA_MEMORY_TO_MEMORY
2026-05-05 16:03:22,174 [INFO] Argument:325 - Argument : PeriphIncvalue: DMA_PINC_ENABLE
2026-05-05 16:03:22,174 [INFO] Argument:335 - Argument : PeriphIncvalue: DMA_PINC_ENABLE
2026-05-05 16:03:22,174 [INFO] Argument:325 - Argument : MemIncvalue: DMA_MINC_ENABLE
2026-05-05 16:03:22,174 [INFO] Argument:335 - Argument : MemIncvalue: DMA_MINC_ENABLE
2026-05-05 16:03:22,174 [INFO] Argument:325 - Argument : PeriphDataAlignmentvalue: DMA_PDATAALIGN_BYTE
2026-05-05 16:03:22,174 [INFO] Argument:335 - Argument : PeriphDataAlignmentvalue: DMA_PDATAALIGN_BYTE
2026-05-05 16:03:22,174 [INFO] Argument:325 - Argument : MemDataAlignmentvalue: DMA_MDATAALIGN_BYTE
2026-05-05 16:03:22,174 [INFO] Argument:335 - Argument : MemDataAlignmentvalue: DMA_MDATAALIGN_BYTE
2026-05-05 16:03:22,174 [INFO] Argument:325 - Argument : Modevalue: DMA_NORMAL
2026-05-05 16:03:22,174 [INFO] Argument:335 - Argument : Modevalue: DMA_NORMAL
2026-05-05 16:03:22,174 [INFO] Argument:325 - Argument : Priorityvalue: DMA_PRIORITY_LOW
2026-05-05 16:03:22,174 [INFO] Argument:335 - Argument : Priorityvalue: DMA_PRIORITY_LOW
2026-05-05 16:03:22,174 [INFO] Argument:325 - Argument : Lockvalue: null
2026-05-05 16:03:22,174 [INFO] Argument:335 - Argument : Lockvalue: null
2026-05-05 16:03:22,174 [INFO] Argument:325 - Argument : Statevalue: null
2026-05-05 16:03:22,174 [INFO] Argument:335 - Argument : Statevalue: null
2026-05-05 16:03:22,174 [INFO] Argument:325 - Argument : Parentvalue: null
2026-05-05 16:03:22,174 [INFO] Argument:335 - Argument : Parentvalue: null
2026-05-05 16:03:22,174 [INFO] Argument:325 - Argument : XferCpltCallbackvalue: null
2026-05-05 16:03:22,174 [INFO] Argument:335 - Argument : XferCpltCallbackvalue: null
2026-05-05 16:03:22,174 [INFO] Argument:325 - Argument : XferHalfCpltCallbackvalue: null
2026-05-05 16:03:22,174 [INFO] Argument:335 - Argument : XferHalfCpltCallbackvalue: null
2026-05-05 16:03:22,174 [INFO] Argument:325 - Argument : XferErrorCallbackvalue: null
2026-05-05 16:03:22,174 [INFO] Argument:335 - Argument : XferErrorCallbackvalue: null
2026-05-05 16:03:22,174 [INFO] Argument:325 - Argument : XferAbortCallbackvalue: null
2026-05-05 16:03:22,174 [INFO] Argument:335 - Argument : XferAbortCallbackvalue: null
2026-05-05 16:03:22,174 [INFO] Argument:325 - Argument : ErrorCodevalue: null
2026-05-05 16:03:22,174 [INFO] Argument:335 - Argument : ErrorCodevalue: null
2026-05-05 16:03:22,174 [INFO] Argument:325 - Argument : ChannelIndexvalue: null
2026-05-05 16:03:22,175 [INFO] Argument:335 - Argument : ChannelIndexvalue: null
2026-05-05 16:03:22,175 [INFO] Argument:325 - Argument : DMAmuxChannelvalue: null
2026-05-05 16:03:22,175 [INFO] Argument:335 - Argument : DMAmuxChannelvalue: null
2026-05-05 16:03:22,175 [INFO] Argument:325 - Argument : DMAmuxChannelStatusvalue: null
2026-05-05 16:03:22,175 [INFO] Argument:335 - Argument : DMAmuxChannelStatusvalue: null
2026-05-05 16:03:22,175 [INFO] Argument:325 - Argument : DMAmuxChannelStatusMaskvalue: null
2026-05-05 16:03:22,175 [INFO] Argument:335 - Argument : DMAmuxChannelStatusMaskvalue: null
2026-05-05 16:03:22,175 [INFO] Argument:325 - Argument : DMAmuxRequestGenvalue: null
2026-05-05 16:03:22,175 [INFO] Argument:335 - Argument : DMAmuxRequestGenvalue: null
2026-05-05 16:03:22,175 [INFO] Argument:325 - Argument : DMAmuxRequestGenStatusvalue: null
2026-05-05 16:03:22,175 [INFO] Argument:335 - Argument : DMAmuxRequestGenStatusvalue: null
2026-05-05 16:03:22,175 [INFO] Argument:325 - Argument : DMAmuxRequestGenStatusMaskvalue: null
2026-05-05 16:03:22,175 [INFO] Argument:335 - Argument : DMAmuxRequestGenStatusMaskvalue: null
2026-05-05 16:03:22,176 [INFO] Argument:325 - Argument : hdmavalue: null
2026-05-05 16:03:22,176 [INFO] Argument:327 - 	 sub Args: 
2026-05-05 16:03:22,176 [INFO] Argument:325 - Argument : Instancevalue: DMA1_Channel2
2026-05-05 16:03:22,176 [INFO] Argument:335 - Argument : Instancevalue: DMA1_Channel2
2026-05-05 16:03:22,176 [INFO] Argument:325 - Argument : Initvalue: null
2026-05-05 16:03:22,176 [INFO] Argument:327 - 	 sub Args: 
2026-05-05 16:03:22,176 [INFO] Argument:325 - Argument : Requestvalue: DMA_REQUEST_MEM2MEM
2026-05-05 16:03:22,176 [INFO] Argument:335 - Argument : Requestvalue: DMA_REQUEST_MEM2MEM
2026-05-05 16:03:22,176 [INFO] Argument:325 - Argument : Directionvalue: DMA_MEMORY_TO_MEMORY
2026-05-05 16:03:22,176 [INFO] Argument:335 - Argument : Directionvalue: DMA_MEMORY_TO_MEMORY
2026-05-05 16:03:22,176 [INFO] Argument:325 - Argument : PeriphIncvalue: DMA_PINC_ENABLE
2026-05-05 16:03:22,176 [INFO] Argument:335 - Argument : PeriphIncvalue: DMA_PINC_ENABLE
2026-05-05 16:03:22,176 [INFO] Argument:325 - Argument : MemIncvalue: DMA_MINC_ENABLE
2026-05-05 16:03:22,176 [INFO] Argument:335 - Argument : MemIncvalue: DMA_MINC_ENABLE
2026-05-05 16:03:22,176 [INFO] Argument:325 - Argument : PeriphDataAlignmentvalue: DMA_PDATAALIGN_BYTE
2026-05-05 16:03:22,176 [INFO] Argument:335 - Argument : PeriphDataAlignmentvalue: DMA_PDATAALIGN_BYTE
2026-05-05 16:03:22,176 [INFO] Argument:325 - Argument : MemDataAlignmentvalue: DMA_MDATAALIGN_BYTE
2026-05-05 16:03:22,176 [INFO] Argument:335 - Argument : MemDataAlignmentvalue: DMA_MDATAALIGN_BYTE
2026-05-05 16:03:22,176 [INFO] Argument:325 - Argument : Modevalue: DMA_NORMAL
2026-05-05 16:03:22,176 [INFO] Argument:335 - Argument : Modevalue: DMA_NORMAL
2026-05-05 16:03:22,176 [INFO] Argument:325 - Argument : Priorityvalue: DMA_PRIORITY_LOW
2026-05-05 16:03:22,176 [INFO] Argument:335 - Argument : Priorityvalue: DMA_PRIORITY_LOW
2026-05-05 16:03:22,176 [INFO] Argument:325 - Argument : Lockvalue: null
2026-05-05 16:03:22,176 [INFO] Argument:335 - Argument : Lockvalue: null
2026-05-05 16:03:22,176 [INFO] Argument:325 - Argument : Statevalue: null
2026-05-05 16:03:22,176 [INFO] Argument:335 - Argument : Statevalue: null
2026-05-05 16:03:22,178 [INFO] Argument:325 - Argument : Parentvalue: null
2026-05-05 16:03:22,178 [INFO] Argument:335 - Argument : Parentvalue: null
2026-05-05 16:03:22,178 [INFO] Argument:325 - Argument : XferCpltCallbackvalue: null
2026-05-05 16:03:22,178 [INFO] Argument:335 - Argument : XferCpltCallbackvalue: null
2026-05-05 16:03:22,178 [INFO] Argument:325 - Argument : XferHalfCpltCallbackvalue: null
2026-05-05 16:03:22,178 [INFO] Argument:335 - Argument : XferHalfCpltCallbackvalue: null
2026-05-05 16:03:22,178 [INFO] Argument:325 - Argument : XferErrorCallbackvalue: null
2026-05-05 16:03:22,178 [INFO] Argument:335 - Argument : XferErrorCallbackvalue: null
2026-05-05 16:03:22,178 [INFO] Argument:325 - Argument : XferAbortCallbackvalue: null
2026-05-05 16:03:22,178 [INFO] Argument:335 - Argument : XferAbortCallbackvalue: null
2026-05-05 16:03:22,178 [INFO] Argument:325 - Argument : ErrorCodevalue: null
2026-05-05 16:03:22,178 [INFO] Argument:335 - Argument : ErrorCodevalue: null
2026-05-05 16:03:22,178 [INFO] Argument:325 - Argument : ChannelIndexvalue: null
2026-05-05 16:03:22,178 [INFO] Argument:335 - Argument : ChannelIndexvalue: null
2026-05-05 16:03:22,178 [INFO] Argument:325 - Argument : DMAmuxChannelvalue: null
2026-05-05 16:03:22,178 [INFO] Argument:335 - Argument : DMAmuxChannelvalue: null
2026-05-05 16:03:22,178 [INFO] Argument:325 - Argument : DMAmuxChannelStatusvalue: null
2026-05-05 16:03:22,178 [INFO] Argument:335 - Argument : DMAmuxChannelStatusvalue: null
2026-05-05 16:03:22,178 [INFO] Argument:325 - Argument : DMAmuxChannelStatusMaskvalue: null
2026-05-05 16:03:22,178 [INFO] Argument:335 - Argument : DMAmuxChannelStatusMaskvalue: null
2026-05-05 16:03:22,178 [INFO] Argument:325 - Argument : DMAmuxRequestGenvalue: null
2026-05-05 16:03:22,178 [INFO] Argument:335 - Argument : DMAmuxRequestGenvalue: null
2026-05-05 16:03:22,178 [INFO] Argument:325 - Argument : DMAmuxRequestGenStatusvalue: null
2026-05-05 16:03:22,179 [INFO] Argument:335 - Argument : DMAmuxRequestGenStatusvalue: null
2026-05-05 16:03:22,179 [INFO] Argument:325 - Argument : DMAmuxRequestGenStatusMaskvalue: null
2026-05-05 16:03:22,179 [INFO] Argument:335 - Argument : DMAmuxRequestGenStatusMaskvalue: null
2026-05-05 16:03:22,247 [INFO] CodeEngine:265 - oldGeneratedFile, D:\Strataroh_Git\25_SV09_Internship_Projects_FW\Asmita_04052026\DMA\MXTmpFiles\license.tmp_save
2026-05-05 16:03:22,505 [INFO] CodeEngine:289 - Generated code: D:\Strataroh_Git\25_SV09_Internship_Projects_FW\Asmita_04052026\DMA\MXTmpFiles\license.tmp
2026-05-05 16:03:22,568 [INFO] CodeEngine:265 - oldGeneratedFile, D:\Strataroh_Git\25_SV09_Internship_Projects_FW\Asmita_04052026\DMA\MXTmpFiles\gpio.tmp_save
2026-05-05 16:03:22,637 [ERROR] IocParser:95 - Exception caught: Cannot invoke "java.lang.CharSequence.length()" because "this.text" is null
2026-05-05 16:03:22,749 [INFO] CodeEngine:289 - Generated code: D:\Strataroh_Git\25_SV09_Internship_Projects_FW\Asmita_04052026\DMA\MXTmpFiles\gpio.tmp
2026-05-05 16:03:23,055 [INFO] CodeEngine:265 - oldGeneratedFile, D:\Strataroh_Git\25_SV09_Internship_Projects_FW\Asmita_04052026\DMA\MXTmpFiles\cortex.tmp_save
2026-05-05 16:03:23,188 [INFO] CodeEngine:289 - Generated code: D:\Strataroh_Git\25_SV09_Internship_Projects_FW\Asmita_04052026\DMA\MXTmpFiles\cortex.tmp
2026-05-05 16:03:23,223 [INFO] CodeEngine:265 - oldGeneratedFile, D:\Strataroh_Git\25_SV09_Internship_Projects_FW\Asmita_04052026\DMA\MXTmpFiles\dma.tmp_save
2026-05-05 16:03:23,367 [INFO] CodeEngine:289 - Generated code: D:\Strataroh_Git\25_SV09_Internship_Projects_FW\Asmita_04052026\DMA\MXTmpFiles\dma.tmp
2026-05-05 16:03:23,379 [INFO] CodeEngine:265 - oldGeneratedFile, D:\Strataroh_Git\25_SV09_Internship_Projects_FW\Asmita_04052026\DMA\MXTmpFiles\dma_GV.tmp_save
2026-05-05 16:03:23,454 [INFO] CodeEngine:289 - Generated code: D:\Strataroh_Git\25_SV09_Internship_Projects_FW\Asmita_04052026\DMA\MXTmpFiles\dma_GV.tmp
2026-05-05 16:03:23,474 [INFO] CodeEngine:265 - oldGeneratedFile, D:\Strataroh_Git\25_SV09_Internship_Projects_FW\Asmita_04052026\DMA\Core\Inc\stm32c0xx_nucleo_conf.h_save
2026-05-05 16:03:23,592 [INFO] CodeEngine:289 - Generated code: D:\Strataroh_Git\25_SV09_Internship_Projects_FW\Asmita_04052026\DMA\Core\Inc\stm32c0xx_nucleo_conf.h
2026-05-05 16:03:23,597 [INFO] CodeEngine:265 - oldGeneratedFile, D:\Strataroh_Git\25_SV09_Internship_Projects_FW\Asmita_04052026\DMA\MXTmpFiles\bsp_inc.tmp_save
2026-05-05 16:03:23,678 [INFO] CodeEngine:289 - Generated code: D:\Strataroh_Git\25_SV09_Internship_Projects_FW\Asmita_04052026\DMA\MXTmpFiles\bsp_inc.tmp
2026-05-05 16:03:23,688 [INFO] CodeEngine:265 - oldGeneratedFile, D:\Strataroh_Git\25_SV09_Internship_Projects_FW\Asmita_04052026\DMA\MXTmpFiles\bsp_common_vars.tmp_save
2026-05-05 16:03:23,757 [INFO] CodeEngine:289 - Generated code: D:\Strataroh_Git\25_SV09_Internship_Projects_FW\Asmita_04052026\DMA\MXTmpFiles\bsp_common_vars.tmp
2026-05-05 16:03:23,761 [INFO] CodeEngine:265 - oldGeneratedFile, D:\Strataroh_Git\25_SV09_Internship_Projects_FW\Asmita_04052026\DMA\MXTmpFiles\bsp_common_init.tmp_save
2026-05-05 16:03:23,817 [INFO] CodeEngine:289 - Generated code: D:\Strataroh_Git\25_SV09_Internship_Projects_FW\Asmita_04052026\DMA\MXTmpFiles\bsp_common_init.tmp
2026-05-05 16:03:23,821 [INFO] CodeEngine:265 - oldGeneratedFile, D:\Strataroh_Git\25_SV09_Internship_Projects_FW\Asmita_04052026\DMA\MXTmpFiles\bsp_common_demo_before_while.tmp_save
2026-05-05 16:03:23,877 [INFO] CodeEngine:289 - Generated code: D:\Strataroh_Git\25_SV09_Internship_Projects_FW\Asmita_04052026\DMA\MXTmpFiles\bsp_common_demo_before_while.tmp
2026-05-05 16:03:23,879 [INFO] CodeEngine:265 - oldGeneratedFile, D:\Strataroh_Git\25_SV09_Internship_Projects_FW\Asmita_04052026\DMA\MXTmpFiles\bsp_common_demo_inside_while.tmp_save
2026-05-05 16:03:23,933 [INFO] CodeEngine:289 - Generated code: D:\Strataroh_Git\25_SV09_Internship_Projects_FW\Asmita_04052026\DMA\MXTmpFiles\bsp_common_demo_inside_while.tmp
2026-05-05 16:03:23,936 [INFO] CodeEngine:265 - oldGeneratedFile, D:\Strataroh_Git\25_SV09_Internship_Projects_FW\Asmita_04052026\DMA\MXTmpFiles\bsp_common_demo_fct.tmp_save
2026-05-05 16:03:23,986 [INFO] CodeEngine:289 - Generated code: D:\Strataroh_Git\25_SV09_Internship_Projects_FW\Asmita_04052026\DMA\MXTmpFiles\bsp_common_demo_fct.tmp
2026-05-05 16:03:23,994 [INFO] CodeEngine:265 - oldGeneratedFile, D:\Strataroh_Git\25_SV09_Internship_Projects_FW\Asmita_04052026\DMA\Core\Src\stm32c0xx_it.c_save
2026-05-05 16:03:24,217 [INFO] CodeEngine:289 - Generated code: D:\Strataroh_Git\25_SV09_Internship_Projects_FW\Asmita_04052026\DMA\Core\Src\stm32c0xx_it.c
2026-05-05 16:03:24,223 [INFO] CodeEngine:265 - oldGeneratedFile, D:\Strataroh_Git\25_SV09_Internship_Projects_FW\Asmita_04052026\DMA\Core\Inc\stm32c0xx_it.h_save
2026-05-05 16:03:24,309 [INFO] CodeEngine:289 - Generated code: D:\Strataroh_Git\25_SV09_Internship_Projects_FW\Asmita_04052026\DMA\Core\Inc\stm32c0xx_it.h
2026-05-05 16:03:24,343 [INFO] CodeEngine:265 - oldGeneratedFile, D:\Strataroh_Git\25_SV09_Internship_Projects_FW\Asmita_04052026\DMA\Core\Src\stm32c0xx_hal_msp.c_save
2026-05-05 16:03:24,529 [INFO] CodeEngine:289 - Generated code: D:\Strataroh_Git\25_SV09_Internship_Projects_FW\Asmita_04052026\DMA\Core\Src\stm32c0xx_hal_msp.c
2026-05-05 16:03:24,533 [INFO] CodeEngine:265 - oldGeneratedFile, D:\Strataroh_Git\25_SV09_Internship_Projects_FW\Asmita_04052026\DMA\MXTmpFiles\system.tmp_save
2026-05-05 16:03:24,590 [INFO] CodeEngine:289 - Generated code: D:\Strataroh_Git\25_SV09_Internship_Projects_FW\Asmita_04052026\DMA\MXTmpFiles\system.tmp
2026-05-05 16:03:24,599 [INFO] CodeEngine:321 - oldGeneratedFile, D:\Strataroh_Git\25_SV09_Internship_Projects_FW\Asmita_04052026\DMA\Core\Inc\stm32c0xx_hal_conf.h_save
2026-05-05 16:03:24,731 [INFO] CodeEngine:345 - Generated code: D:\Strataroh_Git\25_SV09_Internship_Projects_FW\Asmita_04052026\DMA\Core\Inc\stm32c0xx_hal_conf.h
2026-05-05 16:03:24,746 [WARN] IPConfigManager:3238 - Warning: the RefConfig RCC_PClockConfig is not available in your config.xml file
2026-05-05 16:03:24,746 [WARN] IPConfigManager:3238 - Warning: the RefConfig RCC_interrupt_Time_SYSTICK_Config is not available in your config.xml file
2026-05-05 16:03:24,758 [INFO] ApiDbMcu:532 - Load IP Config File for USART1
2026-05-05 16:03:24,765 [INFO] CodeEngine:265 - oldGeneratedFile, D:\Strataroh_Git\25_SV09_Internship_Projects_FW\Asmita_04052026\DMA\Core\Inc\main.h_save
2026-05-05 16:03:24,884 [INFO] CodeEngine:289 - Generated code: D:\Strataroh_Git\25_SV09_Internship_Projects_FW\Asmita_04052026\DMA\Core\Inc\main.h
2026-05-05 16:03:24,888 [INFO] CodeEngine:265 - oldGeneratedFile, D:\Strataroh_Git\25_SV09_Internship_Projects_FW\Asmita_04052026\DMA\Core\Src\main.c_save
2026-05-05 16:03:25,012 [INFO] CodeEngine:289 - Generated code: D:\Strataroh_Git\25_SV09_Internship_Projects_FW\Asmita_04052026\DMA\Core\Src\main.c
2026-05-05 16:03:25,257 [INFO] ProjectBuilder:3606 - Time for Copy HAL[1] : 108mS.
2026-05-05 16:03:25,259 [INFO] ProjectBuilder:5216 - Project Generator version: 4.7.0-B52
2026-05-05 16:03:25,339 [INFO] ConfigFileManager:1595 - The Die is : DIE493
2026-05-05 16:03:26,139 [INFO] ProjectBuilder:5496 - Time for Generating toolchain IDE Files: 880mS.
2026-05-05 16:03:26,140 [INFO] ProjectBuilder:3463 - Time for Copy CMSIS : 1mS.
2026-05-05 16:03:26,143 [INFO] ProjectBuilder:3463 - Time for Copy CMSIS : 0mS.
2026-05-05 16:56:03,081 [INFO] UtilMem:75 - End SaveConfig() Used Memory: 749171592 Bytes (1073741824)
2026-05-05 16:56:03,363 [INFO] UtilMem:75 - End SaveConfig() Used Memory: 765978336 Bytes (1073741824)
2026-05-05 16:56:03,758 [ERROR] IocParser:95 - Exception caught: Cannot invoke "java.lang.CharSequence.length()" because "this.text" is null
2026-05-05 16:56:04,767 [INFO] UtilMem:75 - End SaveConfig() Used Memory: 861136560 Bytes (1073741824)
2026-05-05 16:56:05,077 [INFO] BlockDiagram:2775 - set Specific Code input for plugin: NVIC
2026-05-05 16:56:05,077 [INFO] BlockDiagram:2775 - set Specific Code input for plugin: USART
2026-05-05 16:56:05,077 [INFO] BlockDiagram:2775 - set Specific Code input for plugin: DMA
2026-05-05 16:56:05,078 [INFO] BlockDiagram:2775 - set Specific Code input for plugin: NUCLEO-C071RB
2026-05-05 16:56:05,078 [INFO] BlockDiagram:2775 - set Specific Code input for plugin: SYS
2026-05-05 16:56:05,078 [INFO] BlockDiagram:2775 - set Specific Code input for plugin: GPIO
2026-05-05 16:56:05,078 [INFO] BlockDiagram:2775 - set Specific Code input for plugin: RCC
2026-05-05 16:56:05,080 [INFO] CodeGenerator:892 - code generatio: config db path: D:\STM32CubeIDE_1.19.0\STM32CubeIDE\plugins\com.st.stm32cube.common.mx_6.15.0.202507011659\\db\
2026-05-05 16:56:05,083 [INFO] Argument:325 - Argument : hdmavalue: null
2026-05-05 16:56:05,083 [INFO] Argument:327 - 	 sub Args: 
2026-05-05 16:56:05,083 [INFO] Argument:325 - Argument : Instancevalue: DMA1_Channel1
2026-05-05 16:56:05,083 [INFO] Argument:335 - Argument : Instancevalue: DMA1_Channel1
2026-05-05 16:56:05,084 [INFO] Argument:325 - Argument : Initvalue: null
2026-05-05 16:56:05,084 [INFO] Argument:327 - 	 sub Args: 
2026-05-05 16:56:05,084 [INFO] Argument:325 - Argument : Requestvalue: DMA_REQUEST_MEM2MEM
2026-05-05 16:56:05,084 [INFO] Argument:335 - Argument : Requestvalue: DMA_REQUEST_MEM2MEM
2026-05-05 16:56:05,084 [INFO] Argument:325 - Argument : Directionvalue: DMA_MEMORY_TO_MEMORY
2026-05-05 16:56:05,084 [INFO] Argument:335 - Argument : Directionvalue: DMA_MEMORY_TO_MEMORY
2026-05-05 16:56:05,084 [INFO] Argument:325 - Argument : PeriphIncvalue: DMA_PINC_ENABLE
2026-05-05 16:56:05,085 [INFO] Argument:335 - Argument : PeriphIncvalue: DMA_PINC_ENABLE
2026-05-05 16:56:05,085 [INFO] Argument:325 - Argument : MemIncvalue: DMA_MINC_ENABLE
2026-05-05 16:56:05,085 [INFO] Argument:335 - Argument : MemIncvalue: DMA_MINC_ENABLE
2026-05-05 16:56:05,085 [INFO] Argument:325 - Argument : PeriphDataAlignmentvalue: DMA_PDATAALIGN_BYTE
2026-05-05 16:56:05,085 [INFO] Argument:335 - Argument : PeriphDataAlignmentvalue: DMA_PDATAALIGN_BYTE
2026-05-05 16:56:05,085 [INFO] Argument:325 - Argument : MemDataAlignmentvalue: DMA_MDATAALIGN_BYTE
2026-05-05 16:56:05,085 [INFO] Argument:335 - Argument : MemDataAlignmentvalue: DMA_MDATAALIGN_BYTE
2026-05-05 16:56:05,085 [INFO] Argument:325 - Argument : Modevalue: DMA_NORMAL
2026-05-05 16:56:05,085 [INFO] Argument:335 - Argument : Modevalue: DMA_NORMAL
2026-05-05 16:56:05,085 [INFO] Argument:325 - Argument : Priorityvalue: DMA_PRIORITY_LOW
2026-05-05 16:56:05,087 [INFO] Argument:335 - Argument : Priorityvalue: DMA_PRIORITY_LOW
2026-05-05 16:56:05,087 [INFO] Argument:325 - Argument : Lockvalue: null
2026-05-05 16:56:05,087 [INFO] Argument:335 - Argument : Lockvalue: null
2026-05-05 16:56:05,087 [INFO] Argument:325 - Argument : Statevalue: null
2026-05-05 16:56:05,087 [INFO] Argument:335 - Argument : Statevalue: null
2026-05-05 16:56:05,087 [INFO] Argument:325 - Argument : Parentvalue: null
2026-05-05 16:56:05,087 [INFO] Argument:335 - Argument : Parentvalue: null
2026-05-05 16:56:05,088 [INFO] Argument:325 - Argument : XferCpltCallbackvalue: null
2026-05-05 16:56:05,088 [INFO] Argument:335 - Argument : XferCpltCallbackvalue: null
2026-05-05 16:56:05,088 [INFO] Argument:325 - Argument : XferHalfCpltCallbackvalue: null
2026-05-05 16:56:05,088 [INFO] Argument:335 - Argument : XferHalfCpltCallbackvalue: null
2026-05-05 16:56:05,088 [INFO] Argument:325 - Argument : XferErrorCallbackvalue: null
2026-05-05 16:56:05,088 [INFO] Argument:335 - Argument : XferErrorCallbackvalue: null
2026-05-05 16:56:05,088 [INFO] Argument:325 - Argument : XferAbortCallbackvalue: null
2026-05-05 16:56:05,088 [INFO] Argument:335 - Argument : XferAbortCallbackvalue: null
2026-05-05 16:56:05,089 [INFO] Argument:325 - Argument : ErrorCodevalue: null
2026-05-05 16:56:05,089 [INFO] Argument:335 - Argument : ErrorCodevalue: null
2026-05-05 16:56:05,089 [INFO] Argument:325 - Argument : ChannelIndexvalue: null
2026-05-05 16:56:05,089 [INFO] Argument:335 - Argument : ChannelIndexvalue: null
2026-05-05 16:56:05,089 [INFO] Argument:325 - Argument : DMAmuxChannelvalue: null
2026-05-05 16:56:05,089 [INFO] Argument:335 - Argument : DMAmuxChannelvalue: null
2026-05-05 16:56:05,089 [INFO] Argument:325 - Argument : DMAmuxChannelStatusvalue: null
2026-05-05 16:56:05,089 [INFO] Argument:335 - Argument : DMAmuxChannelStatusvalue: null
2026-05-05 16:56:05,089 [INFO] Argument:325 - Argument : DMAmuxChannelStatusMaskvalue: null
2026-05-05 16:56:05,089 [INFO] Argument:335 - Argument : DMAmuxChannelStatusMaskvalue: null
2026-05-05 16:56:05,089 [INFO] Argument:325 - Argument : DMAmuxRequestGenvalue: null
2026-05-05 16:56:05,089 [INFO] Argument:335 - Argument : DMAmuxRequestGenvalue: null
2026-05-05 16:56:05,089 [INFO] Argument:325 - Argument : DMAmuxRequestGenStatusvalue: null
2026-05-05 16:56:05,090 [INFO] Argument:335 - Argument : DMAmuxRequestGenStatusvalue: null
2026-05-05 16:56:05,090 [INFO] Argument:325 - Argument : DMAmuxRequestGenStatusMaskvalue: null
2026-05-05 16:56:05,090 [INFO] Argument:335 - Argument : DMAmuxRequestGenStatusMaskvalue: null
2026-05-05 16:56:05,090 [INFO] Argument:325 - Argument : hdmavalue: null
2026-05-05 16:56:05,090 [INFO] Argument:327 - 	 sub Args: 
2026-05-05 16:56:05,090 [INFO] Argument:325 - Argument : Instancevalue: DMA1_Channel2
2026-05-05 16:56:05,090 [INFO] Argument:335 - Argument : Instancevalue: DMA1_Channel2
2026-05-05 16:56:05,090 [INFO] Argument:325 - Argument : Initvalue: null
2026-05-05 16:56:05,090 [INFO] Argument:327 - 	 sub Args: 
2026-05-05 16:56:05,091 [INFO] Argument:325 - Argument : Requestvalue: DMA_REQUEST_MEM2MEM
2026-05-05 16:56:05,091 [INFO] Argument:335 - Argument : Requestvalue: DMA_REQUEST_MEM2MEM
2026-05-05 16:56:05,091 [INFO] Argument:325 - Argument : Directionvalue: DMA_MEMORY_TO_MEMORY
2026-05-05 16:56:05,091 [INFO] Argument:335 - Argument : Directionvalue: DMA_MEMORY_TO_MEMORY
2026-05-05 16:56:05,091 [INFO] Argument:325 - Argument : PeriphIncvalue: DMA_PINC_ENABLE
2026-05-05 16:56:05,091 [INFO] Argument:335 - Argument : PeriphIncvalue: DMA_PINC_ENABLE
2026-05-05 16:56:05,091 [INFO] Argument:325 - Argument : MemIncvalue: DMA_MINC_ENABLE
2026-05-05 16:56:05,091 [INFO] Argument:335 - Argument : MemIncvalue: DMA_MINC_ENABLE
2026-05-05 16:56:05,091 [INFO] Argument:325 - Argument : PeriphDataAlignmentvalue: DMA_PDATAALIGN_BYTE
2026-05-05 16:56:05,091 [INFO] Argument:335 - Argument : PeriphDataAlignmentvalue: DMA_PDATAALIGN_BYTE
2026-05-05 16:56:05,092 [INFO] Argument:325 - Argument : MemDataAlignmentvalue: DMA_MDATAALIGN_BYTE
2026-05-05 16:56:05,092 [INFO] Argument:335 - Argument : MemDataAlignmentvalue: DMA_MDATAALIGN_BYTE
2026-05-05 16:56:05,092 [INFO] Argument:325 - Argument : Modevalue: DMA_NORMAL
2026-05-05 16:56:05,092 [INFO] Argument:335 - Argument : Modevalue: DMA_NORMAL
2026-05-05 16:56:05,092 [INFO] Argument:325 - Argument : Priorityvalue: DMA_PRIORITY_LOW
2026-05-05 16:56:05,092 [INFO] Argument:335 - Argument : Priorityvalue: DMA_PRIORITY_LOW
2026-05-05 16:56:05,092 [INFO] Argument:325 - Argument : Lockvalue: null
2026-05-05 16:56:05,092 [INFO] Argument:335 - Argument : Lockvalue: null
2026-05-05 16:56:05,093 [INFO] Argument:325 - Argument : Statevalue: null
2026-05-05 16:56:05,093 [INFO] Argument:335 - Argument : Statevalue: null
2026-05-05 16:56:05,093 [INFO] Argument:325 - Argument : Parentvalue: null
2026-05-05 16:56:05,093 [INFO] Argument:335 - Argument : Parentvalue: null
2026-05-05 16:56:05,093 [INFO] Argument:325 - Argument : XferCpltCallbackvalue: null
2026-05-05 16:56:05,093 [INFO] Argument:335 - Argument : XferCpltCallbackvalue: null
2026-05-05 16:56:05,093 [INFO] Argument:325 - Argument : XferHalfCpltCallbackvalue: null
2026-05-05 16:56:05,093 [INFO] Argument:335 - Argument : XferHalfCpltCallbackvalue: null
2026-05-05 16:56:05,093 [INFO] Argument:325 - Argument : XferErrorCallbackvalue: null
2026-05-05 16:56:05,094 [INFO] Argument:335 - Argument : XferErrorCallbackvalue: null
2026-05-05 16:56:05,094 [INFO] Argument:325 - Argument : XferAbortCallbackvalue: null
2026-05-05 16:56:05,094 [INFO] Argument:335 - Argument : XferAbortCallbackvalue: null
2026-05-05 16:56:05,094 [INFO] Argument:325 - Argument : ErrorCodevalue: null
2026-05-05 16:56:05,094 [INFO] Argument:335 - Argument : ErrorCodevalue: null
2026-05-05 16:56:05,094 [INFO] Argument:325 - Argument : ChannelIndexvalue: null
2026-05-05 16:56:05,094 [INFO] Argument:335 - Argument : ChannelIndexvalue: null
2026-05-05 16:56:05,094 [INFO] Argument:325 - Argument : DMAmuxChannelvalue: null
2026-05-05 16:56:05,094 [INFO] Argument:335 - Argument : DMAmuxChannelvalue: null
2026-05-05 16:56:05,095 [INFO] Argument:325 - Argument : DMAmuxChannelStatusvalue: null
2026-05-05 16:56:05,095 [INFO] Argument:335 - Argument : DMAmuxChannelStatusvalue: null
2026-05-05 16:56:05,095 [INFO] Argument:325 - Argument : DMAmuxChannelStatusMaskvalue: null
2026-05-05 16:56:05,095 [INFO] Argument:335 - Argument : DMAmuxChannelStatusMaskvalue: null
2026-05-05 16:56:05,095 [INFO] Argument:325 - Argument : DMAmuxRequestGenvalue: null
2026-05-05 16:56:05,095 [INFO] Argument:335 - Argument : DMAmuxRequestGenvalue: null
2026-05-05 16:56:05,095 [INFO] Argument:325 - Argument : DMAmuxRequestGenStatusvalue: null
2026-05-05 16:56:05,095 [INFO] Argument:335 - Argument : DMAmuxRequestGenStatusvalue: null
2026-05-05 16:56:05,095 [INFO] Argument:325 - Argument : DMAmuxRequestGenStatusMaskvalue: null
2026-05-05 16:56:05,095 [INFO] Argument:335 - Argument : DMAmuxRequestGenStatusMaskvalue: null
2026-05-05 16:56:05,097 [INFO] Argument:325 - Argument : hdmavalue: null
2026-05-05 16:56:05,097 [INFO] Argument:327 - 	 sub Args: 
2026-05-05 16:56:05,097 [INFO] Argument:325 - Argument : Instancevalue: DMA1_Channel1
2026-05-05 16:56:05,097 [INFO] Argument:335 - Argument : Instancevalue: DMA1_Channel1
2026-05-05 16:56:05,097 [INFO] Argument:325 - Argument : Initvalue: null
2026-05-05 16:56:05,098 [INFO] Argument:327 - 	 sub Args: 
2026-05-05 16:56:05,098 [INFO] Argument:325 - Argument : Requestvalue: DMA_REQUEST_MEM2MEM
2026-05-05 16:56:05,098 [INFO] Argument:335 - Argument : Requestvalue: DMA_REQUEST_MEM2MEM
2026-05-05 16:56:05,098 [INFO] Argument:325 - Argument : Directionvalue: DMA_MEMORY_TO_MEMORY
2026-05-05 16:56:05,098 [INFO] Argument:335 - Argument : Directionvalue: DMA_MEMORY_TO_MEMORY
2026-05-05 16:56:05,098 [INFO] Argument:325 - Argument : PeriphIncvalue: DMA_PINC_ENABLE
2026-05-05 16:56:05,098 [INFO] Argument:335 - Argument : PeriphIncvalue: DMA_PINC_ENABLE
2026-05-05 16:56:05,098 [INFO] Argument:325 - Argument : MemIncvalue: DMA_MINC_ENABLE
2026-05-05 16:56:05,098 [INFO] Argument:335 - Argument : MemIncvalue: DMA_MINC_ENABLE
2026-05-05 16:56:05,098 [INFO] Argument:325 - Argument : PeriphDataAlignmentvalue: DMA_PDATAALIGN_BYTE
2026-05-05 16:56:05,098 [INFO] Argument:335 - Argument : PeriphDataAlignmentvalue: DMA_PDATAALIGN_BYTE
2026-05-05 16:56:05,099 [INFO] Argument:325 - Argument : MemDataAlignmentvalue: DMA_MDATAALIGN_BYTE
2026-05-05 16:56:05,099 [INFO] Argument:335 - Argument : MemDataAlignmentvalue: DMA_MDATAALIGN_BYTE
2026-05-05 16:56:05,099 [INFO] Argument:325 - Argument : Modevalue: DMA_NORMAL
2026-05-05 16:56:05,099 [INFO] Argument:335 - Argument : Modevalue: DMA_NORMAL
2026-05-05 16:56:05,099 [INFO] Argument:325 - Argument : Priorityvalue: DMA_PRIORITY_LOW
2026-05-05 16:56:05,099 [INFO] Argument:335 - Argument : Priorityvalue: DMA_PRIORITY_LOW
2026-05-05 16:56:05,099 [INFO] Argument:325 - Argument : Lockvalue: null
2026-05-05 16:56:05,099 [INFO] Argument:335 - Argument : Lockvalue: null
2026-05-05 16:56:05,099 [INFO] Argument:325 - Argument : Statevalue: null
2026-05-05 16:56:05,099 [INFO] Argument:335 - Argument : Statevalue: null
2026-05-05 16:56:05,099 [INFO] Argument:325 - Argument : Parentvalue: null
2026-05-05 16:56:05,099 [INFO] Argument:335 - Argument : Parentvalue: null
2026-05-05 16:56:05,099 [INFO] Argument:325 - Argument : XferCpltCallbackvalue: null
2026-05-05 16:56:05,099 [INFO] Argument:335 - Argument : XferCpltCallbackvalue: null
2026-05-05 16:56:05,100 [INFO] Argument:325 - Argument : XferHalfCpltCallbackvalue: null
2026-05-05 16:56:05,100 [INFO] Argument:335 - Argument : XferHalfCpltCallbackvalue: null
2026-05-05 16:56:05,100 [INFO] Argument:325 - Argument : XferErrorCallbackvalue: null
2026-05-05 16:56:05,100 [INFO] Argument:335 - Argument : XferErrorCallbackvalue: null
2026-05-05 16:56:05,100 [INFO] Argument:325 - Argument : XferAbortCallbackvalue: null
2026-05-05 16:56:05,100 [INFO] Argument:335 - Argument : XferAbortCallbackvalue: null
2026-05-05 16:56:05,100 [INFO] Argument:325 - Argument : ErrorCodevalue: null
2026-05-05 16:56:05,100 [INFO] Argument:335 - Argument : ErrorCodevalue: null
2026-05-05 16:56:05,100 [INFO] Argument:325 - Argument : ChannelIndexvalue: null
2026-05-05 16:56:05,102 [INFO] Argument:335 - Argument : ChannelIndexvalue: null
2026-05-05 16:56:05,102 [INFO] Argument:325 - Argument : DMAmuxChannelvalue: null
2026-05-05 16:56:05,102 [INFO] Argument:335 - Argument : DMAmuxChannelvalue: null
2026-05-05 16:56:05,102 [INFO] Argument:325 - Argument : DMAmuxChannelStatusvalue: null
2026-05-05 16:56:05,102 [INFO] Argument:335 - Argument : DMAmuxChannelStatusvalue: null
2026-05-05 16:56:05,102 [INFO] Argument:325 - Argument : DMAmuxChannelStatusMaskvalue: null
2026-05-05 16:56:05,102 [INFO] Argument:335 - Argument : DMAmuxChannelStatusMaskvalue: null
2026-05-05 16:56:05,102 [INFO] Argument:325 - Argument : DMAmuxRequestGenvalue: null
2026-05-05 16:56:05,102 [INFO] Argument:335 - Argument : DMAmuxRequestGenvalue: null
2026-05-05 16:56:05,103 [INFO] Argument:325 - Argument : DMAmuxRequestGenStatusvalue: null
2026-05-05 16:56:05,103 [INFO] Argument:335 - Argument : DMAmuxRequestGenStatusvalue: null
2026-05-05 16:56:05,103 [INFO] Argument:325 - Argument : DMAmuxRequestGenStatusMaskvalue: null
2026-05-05 16:56:05,103 [INFO] Argument:335 - Argument : DMAmuxRequestGenStatusMaskvalue: null
2026-05-05 16:56:05,104 [INFO] Argument:325 - Argument : hdmavalue: null
2026-05-05 16:56:05,104 [INFO] Argument:327 - 	 sub Args: 
2026-05-05 16:56:05,104 [INFO] Argument:325 - Argument : Instancevalue: DMA1_Channel2
2026-05-05 16:56:05,104 [INFO] Argument:335 - Argument : Instancevalue: DMA1_Channel2
2026-05-05 16:56:05,104 [INFO] Argument:325 - Argument : Initvalue: null
2026-05-05 16:56:05,105 [INFO] Argument:327 - 	 sub Args: 
2026-05-05 16:56:05,105 [INFO] Argument:325 - Argument : Requestvalue: DMA_REQUEST_MEM2MEM
2026-05-05 16:56:05,105 [INFO] Argument:335 - Argument : Requestvalue: DMA_REQUEST_MEM2MEM
2026-05-05 16:56:05,105 [INFO] Argument:325 - Argument : Directionvalue: DMA_MEMORY_TO_MEMORY
2026-05-05 16:56:05,105 [INFO] Argument:335 - Argument : Directionvalue: DMA_MEMORY_TO_MEMORY
2026-05-05 16:56:05,105 [INFO] Argument:325 - Argument : PeriphIncvalue: DMA_PINC_ENABLE
2026-05-05 16:56:05,105 [INFO] Argument:335 - Argument : PeriphIncvalue: DMA_PINC_ENABLE
2026-05-05 16:56:05,105 [INFO] Argument:325 - Argument : MemIncvalue: DMA_MINC_ENABLE
2026-05-05 16:56:05,105 [INFO] Argument:335 - Argument : MemIncvalue: DMA_MINC_ENABLE
2026-05-05 16:56:05,105 [INFO] Argument:325 - Argument : PeriphDataAlignmentvalue: DMA_PDATAALIGN_BYTE
2026-05-05 16:56:05,105 [INFO] Argument:335 - Argument : PeriphDataAlignmentvalue: DMA_PDATAALIGN_BYTE
2026-05-05 16:56:05,105 [INFO] Argument:325 - Argument : MemDataAlignmentvalue: DMA_MDATAALIGN_BYTE
2026-05-05 16:56:05,105 [INFO] Argument:335 - Argument : MemDataAlignmentvalue: DMA_MDATAALIGN_BYTE
2026-05-05 16:56:05,106 [INFO] Argument:325 - Argument : Modevalue: DMA_NORMAL
2026-05-05 16:56:05,106 [INFO] Argument:335 - Argument : Modevalue: DMA_NORMAL
2026-05-05 16:56:05,106 [INFO] Argument:325 - Argument : Priorityvalue: DMA_PRIORITY_LOW
2026-05-05 16:56:05,106 [INFO] Argument:335 - Argument : Priorityvalue: DMA_PRIORITY_LOW
2026-05-05 16:56:05,106 [INFO] Argument:325 - Argument : Lockvalue: null
2026-05-05 16:56:05,106 [INFO] Argument:335 - Argument : Lockvalue: null
2026-05-05 16:56:05,106 [INFO] Argument:325 - Argument : Statevalue: null
2026-05-05 16:56:05,106 [INFO] Argument:335 - Argument : Statevalue: null
2026-05-05 16:56:05,107 [INFO] Argument:325 - Argument : Parentvalue: null
2026-05-05 16:56:05,107 [INFO] Argument:335 - Argument : Parentvalue: null
2026-05-05 16:56:05,107 [INFO] Argument:325 - Argument : XferCpltCallbackvalue: null
2026-05-05 16:56:05,107 [INFO] Argument:335 - Argument : XferCpltCallbackvalue: null
2026-05-05 16:56:05,107 [INFO] Argument:325 - Argument : XferHalfCpltCallbackvalue: null
2026-05-05 16:56:05,107 [INFO] Argument:335 - Argument : XferHalfCpltCallbackvalue: null
2026-05-05 16:56:05,107 [INFO] Argument:325 - Argument : XferErrorCallbackvalue: null
2026-05-05 16:56:05,107 [INFO] Argument:335 - Argument : XferErrorCallbackvalue: null
2026-05-05 16:56:05,107 [INFO] Argument:325 - Argument : XferAbortCallbackvalue: null
2026-05-05 16:56:05,107 [INFO] Argument:335 - Argument : XferAbortCallbackvalue: null
2026-05-05 16:56:05,108 [INFO] Argument:325 - Argument : ErrorCodevalue: null
2026-05-05 16:56:05,108 [INFO] Argument:335 - Argument : ErrorCodevalue: null
2026-05-05 16:56:05,108 [INFO] Argument:325 - Argument : ChannelIndexvalue: null
2026-05-05 16:56:05,108 [INFO] Argument:335 - Argument : ChannelIndexvalue: null
2026-05-05 16:56:05,108 [INFO] Argument:325 - Argument : DMAmuxChannelvalue: null
2026-05-05 16:56:05,108 [INFO] Argument:335 - Argument : DMAmuxChannelvalue: null
2026-05-05 16:56:05,108 [INFO] Argument:325 - Argument : DMAmuxChannelStatusvalue: null
2026-05-05 16:56:05,108 [INFO] Argument:335 - Argument : DMAmuxChannelStatusvalue: null
2026-05-05 16:56:05,108 [INFO] Argument:325 - Argument : DMAmuxChannelStatusMaskvalue: null
2026-05-05 16:56:05,108 [INFO] Argument:335 - Argument : DMAmuxChannelStatusMaskvalue: null
2026-05-05 16:56:05,108 [INFO] Argument:325 - Argument : DMAmuxRequestGenvalue: null
2026-05-05 16:56:05,108 [INFO] Argument:335 - Argument : DMAmuxRequestGenvalue: null
2026-05-05 16:56:05,110 [INFO] Argument:325 - Argument : DMAmuxRequestGenStatusvalue: null
2026-05-05 16:56:05,110 [INFO] Argument:335 - Argument : DMAmuxRequestGenStatusvalue: null
2026-05-05 16:56:05,110 [INFO] Argument:325 - Argument : DMAmuxRequestGenStatusMaskvalue: null
2026-05-05 16:56:05,110 [INFO] Argument:335 - Argument : DMAmuxRequestGenStatusMaskvalue: null
2026-05-05 16:56:05,129 [INFO] Argument:325 - Argument : hdmavalue: null
2026-05-05 16:56:05,129 [INFO] Argument:327 - 	 sub Args: 
2026-05-05 16:56:05,129 [INFO] Argument:325 - Argument : Instancevalue: DMA1_Channel3
2026-05-05 16:56:05,129 [INFO] Argument:335 - Argument : Instancevalue: DMA1_Channel3
2026-05-05 16:56:05,129 [INFO] Argument:325 - Argument : Initvalue: null
2026-05-05 16:56:05,131 [INFO] Argument:327 - 	 sub Args: 
2026-05-05 16:56:05,131 [INFO] Argument:325 - Argument : Requestvalue: DMA_REQUEST_USART1_RX
2026-05-05 16:56:05,131 [INFO] Argument:335 - Argument : Requestvalue: DMA_REQUEST_USART1_RX
2026-05-05 16:56:05,131 [INFO] Argument:325 - Argument : Directionvalue: DMA_PERIPH_TO_MEMORY
2026-05-05 16:56:05,131 [INFO] Argument:335 - Argument : Directionvalue: DMA_PERIPH_TO_MEMORY
2026-05-05 16:56:05,132 [INFO] Argument:325 - Argument : PeriphIncvalue: DMA_PINC_DISABLE
2026-05-05 16:56:05,132 [INFO] Argument:335 - Argument : PeriphIncvalue: DMA_PINC_DISABLE
2026-05-05 16:56:05,132 [INFO] Argument:325 - Argument : MemIncvalue: DMA_MINC_ENABLE
2026-05-05 16:56:05,132 [INFO] Argument:335 - Argument : MemIncvalue: DMA_MINC_ENABLE
2026-05-05 16:56:05,132 [INFO] Argument:325 - Argument : PeriphDataAlignmentvalue: DMA_PDATAALIGN_BYTE
2026-05-05 16:56:05,132 [INFO] Argument:335 - Argument : PeriphDataAlignmentvalue: DMA_PDATAALIGN_BYTE
2026-05-05 16:56:05,132 [INFO] Argument:325 - Argument : MemDataAlignmentvalue: DMA_MDATAALIGN_BYTE
2026-05-05 16:56:05,132 [INFO] Argument:335 - Argument : MemDataAlignmentvalue: DMA_MDATAALIGN_BYTE
2026-05-05 16:56:05,132 [INFO] Argument:325 - Argument : Modevalue: DMA_NORMAL
2026-05-05 16:56:05,132 [INFO] Argument:335 - Argument : Modevalue: DMA_NORMAL
2026-05-05 16:56:05,133 [INFO] Argument:325 - Argument : Priorityvalue: DMA_PRIORITY_LOW
2026-05-05 16:56:05,133 [INFO] Argument:335 - Argument : Priorityvalue: DMA_PRIORITY_LOW
2026-05-05 16:56:05,133 [INFO] Argument:325 - Argument : Lockvalue: null
2026-05-05 16:56:05,133 [INFO] Argument:335 - Argument : Lockvalue: null
2026-05-05 16:56:05,133 [INFO] Argument:325 - Argument : Statevalue: null
2026-05-05 16:56:05,133 [INFO] Argument:335 - Argument : Statevalue: null
2026-05-05 16:56:05,133 [INFO] Argument:325 - Argument : Parentvalue: null
2026-05-05 16:56:05,133 [INFO] Argument:335 - Argument : Parentvalue: null
2026-05-05 16:56:05,133 [INFO] Argument:325 - Argument : XferCpltCallbackvalue: null
2026-05-05 16:56:05,133 [INFO] Argument:335 - Argument : XferCpltCallbackvalue: null
2026-05-05 16:56:05,134 [INFO] Argument:325 - Argument : XferHalfCpltCallbackvalue: null
2026-05-05 16:56:05,134 [INFO] Argument:335 - Argument : XferHalfCpltCallbackvalue: null
2026-05-05 16:56:05,134 [INFO] Argument:325 - Argument : XferErrorCallbackvalue: null
2026-05-05 16:56:05,134 [INFO] Argument:335 - Argument : XferErrorCallbackvalue: null
2026-05-05 16:56:05,134 [INFO] Argument:325 - Argument : XferAbortCallbackvalue: null
2026-05-05 16:56:05,134 [INFO] Argument:335 - Argument : XferAbortCallbackvalue: null
2026-05-05 16:56:05,134 [INFO] Argument:325 - Argument : ErrorCodevalue: null
2026-05-05 16:56:05,134 [INFO] Argument:335 - Argument : ErrorCodevalue: null
2026-05-05 16:56:05,134 [INFO] Argument:325 - Argument : ChannelIndexvalue: null
2026-05-05 16:56:05,134 [INFO] Argument:335 - Argument : ChannelIndexvalue: null
2026-05-05 16:56:05,135 [INFO] Argument:325 - Argument : DMAmuxChannelvalue: null
2026-05-05 16:56:05,135 [INFO] Argument:335 - Argument : DMAmuxChannelvalue: null
2026-05-05 16:56:05,135 [INFO] Argument:325 - Argument : DMAmuxChannelStatusvalue: null
2026-05-05 16:56:05,135 [INFO] Argument:335 - Argument : DMAmuxChannelStatusvalue: null
2026-05-05 16:56:05,135 [INFO] Argument:325 - Argument : DMAmuxChannelStatusMaskvalue: null
2026-05-05 16:56:05,135 [INFO] Argument:335 - Argument : DMAmuxChannelStatusMaskvalue: null
2026-05-05 16:56:05,135 [INFO] Argument:325 - Argument : DMAmuxRequestGenvalue: null
2026-05-05 16:56:05,135 [INFO] Argument:335 - Argument : DMAmuxRequestGenvalue: null
2026-05-05 16:56:05,135 [INFO] Argument:325 - Argument : DMAmuxRequestGenStatusvalue: null
2026-05-05 16:56:05,135 [INFO] Argument:335 - Argument : DMAmuxRequestGenStatusvalue: null
2026-05-05 16:56:05,135 [INFO] Argument:325 - Argument : DMAmuxRequestGenStatusMaskvalue: null
2026-05-05 16:56:05,135 [INFO] Argument:335 - Argument : DMAmuxRequestGenStatusMaskvalue: null
2026-05-05 16:56:05,253 [INFO] CodeEngine:265 - oldGeneratedFile, D:\Strataroh_Git\25_SV09_Internship_Projects_FW\Asmita_04052026\DMA\MXTmpFiles\license.tmp_save
2026-05-05 16:56:05,763 [INFO] CodeEngine:289 - Generated code: D:\Strataroh_Git\25_SV09_Internship_Projects_FW\Asmita_04052026\DMA\MXTmpFiles\license.tmp
2026-05-05 16:56:05,886 [INFO] CodeEngine:265 - oldGeneratedFile, D:\Strataroh_Git\25_SV09_Internship_Projects_FW\Asmita_04052026\DMA\Core\Src\gpio.c_save
2026-05-05 16:56:06,235 [INFO] CodeEngine:289 - Generated code: D:\Strataroh_Git\25_SV09_Internship_Projects_FW\Asmita_04052026\DMA\Core\Src\gpio.c
2026-05-05 16:56:06,258 [INFO] CodeEngine:265 - oldGeneratedFile, D:\Strataroh_Git\25_SV09_Internship_Projects_FW\Asmita_04052026\DMA\Core\Inc\gpio.h_save
2026-05-05 16:56:06,493 [INFO] CodeEngine:289 - Generated code: D:\Strataroh_Git\25_SV09_Internship_Projects_FW\Asmita_04052026\DMA\Core\Inc\gpio.h
2026-05-05 16:56:06,896 [INFO] CodeEngine:265 - oldGeneratedFile, D:\Strataroh_Git\25_SV09_Internship_Projects_FW\Asmita_04052026\DMA\MXTmpFiles\cortex.tmp_save
2026-05-05 16:56:07,167 [INFO] CodeEngine:289 - Generated code: D:\Strataroh_Git\25_SV09_Internship_Projects_FW\Asmita_04052026\DMA\MXTmpFiles\cortex.tmp
2026-05-05 16:56:07,260 [INFO] CodeEngine:265 - oldGeneratedFile, D:\Strataroh_Git\25_SV09_Internship_Projects_FW\Asmita_04052026\DMA\Core\Src\dma.c_save
2026-05-05 16:56:07,568 [INFO] CodeEngine:289 - Generated code: D:\Strataroh_Git\25_SV09_Internship_Projects_FW\Asmita_04052026\DMA\Core\Src\dma.c
2026-05-05 16:56:07,591 [INFO] CodeEngine:265 - oldGeneratedFile, D:\Strataroh_Git\25_SV09_Internship_Projects_FW\Asmita_04052026\DMA\Core\Inc\dma.h_save
2026-05-05 16:56:07,813 [INFO] CodeEngine:289 - Generated code: D:\Strataroh_Git\25_SV09_Internship_Projects_FW\Asmita_04052026\DMA\Core\Inc\dma.h
2026-05-05 16:56:07,870 [INFO] CodeEngine:265 - oldGeneratedFile, D:\Strataroh_Git\25_SV09_Internship_Projects_FW\Asmita_04052026\DMA\Core\Inc\stm32c0xx_nucleo_conf.h_save
2026-05-05 16:56:08,111 [INFO] CodeEngine:289 - Generated code: D:\Strataroh_Git\25_SV09_Internship_Projects_FW\Asmita_04052026\DMA\Core\Inc\stm32c0xx_nucleo_conf.h
2026-05-05 16:56:08,129 [INFO] CodeEngine:265 - oldGeneratedFile, D:\Strataroh_Git\25_SV09_Internship_Projects_FW\Asmita_04052026\DMA\MXTmpFiles\bsp_inc.tmp_save
2026-05-05 16:56:08,250 [INFO] CodeEngine:289 - Generated code: D:\Strataroh_Git\25_SV09_Internship_Projects_FW\Asmita_04052026\DMA\MXTmpFiles\bsp_inc.tmp
2026-05-05 16:56:08,268 [INFO] CodeEngine:265 - oldGeneratedFile, D:\Strataroh_Git\25_SV09_Internship_Projects_FW\Asmita_04052026\DMA\MXTmpFiles\bsp_common_vars.tmp_save
2026-05-05 16:56:08,386 [INFO] CodeEngine:289 - Generated code: D:\Strataroh_Git\25_SV09_Internship_Projects_FW\Asmita_04052026\DMA\MXTmpFiles\bsp_common_vars.tmp
2026-05-05 16:56:08,406 [INFO] CodeEngine:265 - oldGeneratedFile, D:\Strataroh_Git\25_SV09_Internship_Projects_FW\Asmita_04052026\DMA\MXTmpFiles\bsp_common_init.tmp_save
2026-05-05 16:56:08,507 [INFO] CodeEngine:289 - Generated code: D:\Strataroh_Git\25_SV09_Internship_Projects_FW\Asmita_04052026\DMA\MXTmpFiles\bsp_common_init.tmp
2026-05-05 16:56:08,517 [INFO] CodeEngine:265 - oldGeneratedFile, D:\Strataroh_Git\25_SV09_Internship_Projects_FW\Asmita_04052026\DMA\MXTmpFiles\bsp_common_demo_before_while.tmp_save
2026-05-05 16:56:08,615 [INFO] CodeEngine:289 - Generated code: D:\Strataroh_Git\25_SV09_Internship_Projects_FW\Asmita_04052026\DMA\MXTmpFiles\bsp_common_demo_before_while.tmp
2026-05-05 16:56:08,623 [INFO] CodeEngine:265 - oldGeneratedFile, D:\Strataroh_Git\25_SV09_Internship_Projects_FW\Asmita_04052026\DMA\MXTmpFiles\bsp_common_demo_inside_while.tmp_save
2026-05-05 16:56:08,742 [INFO] CodeEngine:289 - Generated code: D:\Strataroh_Git\25_SV09_Internship_Projects_FW\Asmita_04052026\DMA\MXTmpFiles\bsp_common_demo_inside_while.tmp
2026-05-05 16:56:08,759 [INFO] CodeEngine:265 - oldGeneratedFile, D:\Strataroh_Git\25_SV09_Internship_Projects_FW\Asmita_04052026\DMA\MXTmpFiles\bsp_common_demo_fct.tmp_save
2026-05-05 16:56:08,867 [INFO] CodeEngine:289 - Generated code: D:\Strataroh_Git\25_SV09_Internship_Projects_FW\Asmita_04052026\DMA\MXTmpFiles\bsp_common_demo_fct.tmp
2026-05-05 16:56:08,884 [INFO] CodeEngine:265 - oldGeneratedFile, D:\Strataroh_Git\25_SV09_Internship_Projects_FW\Asmita_04052026\DMA\Core\Src\usart.c_save
2026-05-05 16:56:09,253 [INFO] CodeEngine:289 - Generated code: D:\Strataroh_Git\25_SV09_Internship_Projects_FW\Asmita_04052026\DMA\Core\Src\usart.c
2026-05-05 16:56:09,279 [INFO] CodeEngine:265 - oldGeneratedFile, D:\Strataroh_Git\25_SV09_Internship_Projects_FW\Asmita_04052026\DMA\Core\Inc\usart.h_save
2026-05-05 16:56:09,456 [INFO] CodeEngine:289 - Generated code: D:\Strataroh_Git\25_SV09_Internship_Projects_FW\Asmita_04052026\DMA\Core\Inc\usart.h
2026-05-05 16:56:09,491 [INFO] CodeEngine:265 - oldGeneratedFile, D:\Strataroh_Git\25_SV09_Internship_Projects_FW\Asmita_04052026\DMA\Core\Src\stm32c0xx_it.c_save
2026-05-05 16:56:09,913 [INFO] CodeEngine:289 - Generated code: D:\Strataroh_Git\25_SV09_Internship_Projects_FW\Asmita_04052026\DMA\Core\Src\stm32c0xx_it.c
2026-05-05 16:56:09,933 [INFO] CodeEngine:265 - oldGeneratedFile, D:\Strataroh_Git\25_SV09_Internship_Projects_FW\Asmita_04052026\DMA\Core\Inc\stm32c0xx_it.h_save
2026-05-05 16:56:10,041 [INFO] CodeEngine:289 - Generated code: D:\Strataroh_Git\25_SV09_Internship_Projects_FW\Asmita_04052026\DMA\Core\Inc\stm32c0xx_it.h
2026-05-05 16:56:10,106 [INFO] CodeEngine:265 - oldGeneratedFile, D:\Strataroh_Git\25_SV09_Internship_Projects_FW\Asmita_04052026\DMA\Core\Src\stm32c0xx_hal_msp.c_save
2026-05-05 16:56:10,381 [INFO] CodeEngine:289 - Generated code: D:\Strataroh_Git\25_SV09_Internship_Projects_FW\Asmita_04052026\DMA\Core\Src\stm32c0xx_hal_msp.c
2026-05-05 16:56:10,398 [INFO] CodeEngine:265 - oldGeneratedFile, D:\Strataroh_Git\25_SV09_Internship_Projects_FW\Asmita_04052026\DMA\MXTmpFiles\system.tmp_save
2026-05-05 16:56:10,498 [INFO] CodeEngine:289 - Generated code: D:\Strataroh_Git\25_SV09_Internship_Projects_FW\Asmita_04052026\DMA\MXTmpFiles\system.tmp
2026-05-05 16:56:10,527 [INFO] CodeEngine:321 - oldGeneratedFile, D:\Strataroh_Git\25_SV09_Internship_Projects_FW\Asmita_04052026\DMA\Core\Inc\stm32c0xx_hal_conf.h_save
2026-05-05 16:56:10,767 [INFO] CodeEngine:345 - Generated code: D:\Strataroh_Git\25_SV09_Internship_Projects_FW\Asmita_04052026\DMA\Core\Inc\stm32c0xx_hal_conf.h
2026-05-05 16:56:10,793 [WARN] IPConfigManager:3238 - Warning: the RefConfig RCC_PClockConfig is not available in your config.xml file
2026-05-05 16:56:10,794 [WARN] IPConfigManager:3238 - Warning: the RefConfig RCC_interrupt_Time_SYSTICK_Config is not available in your config.xml file
2026-05-05 16:56:10,820 [INFO] CodeEngine:265 - oldGeneratedFile, D:\Strataroh_Git\25_SV09_Internship_Projects_FW\Asmita_04052026\DMA\Core\Inc\main.h_save
2026-05-05 16:56:11,075 [INFO] CodeEngine:289 - Generated code: D:\Strataroh_Git\25_SV09_Internship_Projects_FW\Asmita_04052026\DMA\Core\Inc\main.h
2026-05-05 16:56:11,085 [INFO] CodeEngine:265 - oldGeneratedFile, D:\Strataroh_Git\25_SV09_Internship_Projects_FW\Asmita_04052026\DMA\Core\Src\main.c_save
2026-05-05 16:56:11,306 [INFO] CodeEngine:289 - Generated code: D:\Strataroh_Git\25_SV09_Internship_Projects_FW\Asmita_04052026\DMA\Core\Src\main.c
2026-05-05 16:56:11,913 [INFO] ProjectBuilder:3606 - Time for Copy HAL[1] : 272mS.
2026-05-05 16:56:11,918 [INFO] ProjectBuilder:5216 - Project Generator version: 4.7.0-B52
2026-05-05 16:56:12,059 [INFO] ConfigFileManager:1595 - The Die is : DIE493
2026-05-05 16:56:13,141 [INFO] ProjectBuilder:5496 - Time for Generating toolchain IDE Files: 1223mS.
2026-05-05 16:56:13,143 [INFO] ProjectBuilder:3463 - Time for Copy CMSIS : 0mS.
2026-05-05 16:56:13,146 [INFO] ProjectBuilder:3463 - Time for Copy CMSIS : 0mS.
2026-05-05 16:57:20,954 [INFO] NvicIntPanel:101 - NVIC parent = com.st.microxplorer.plugins.ip.nvic.MultiNvicIntPanel[,0,0,0x0,invalid,layout=javax.swing.BoxLayout,alignmentX=0.0,alignmentY=0.0,border=,flags=9,maximumSize=,minimumSize=,preferredSize=]
2026-05-05 16:57:44,307 [INFO] DmaTabbedPanel:205 - Cannot restore the selected Tab for DMA
2026-05-05 17:04:20,958 [INFO] MainUpdater:2872 - connection check result : 10
2026-05-05 17:04:21,259 [INFO] McuFinderGlobals:76 - Set McuFinderConnectedMode to true
2026-05-05 17:04:21,261 [INFO] MultiScanPanel:200 - Auto-refresh data requested => check proxy status ongoing
2026-05-05 17:04:21,262 [INFO] FinderPluginLoader:96 - Searching for filters in installed packs
2026-05-05 17:04:24,536 [INFO] LoadUrlFilesThread:185 - End of LoadServerUrlFiles without Thread
2026-05-05 17:04:24,537 [INFO] DetailPanel:341 - Set advertising image to C:/Users/Asmita Milind Bagad/STM32Cube/Repository/\en.prom-stm32wba2-stm32-nucleo-board-0426.png
2026-05-05 17:04:32,653 [INFO] MultiScanPanel:200 - Auto-refresh data requested => check proxy status ongoing
2026-05-05 17:04:32,756 [INFO] LoadUrlFilesThread:185 - End of LoadServerUrlFiles without Thread
2026-05-05 17:04:32,756 [INFO] DetailPanel:341 - Set advertising image to C:/Users/Asmita Milind Bagad/STM32Cube/Repository/\en.prom-stm32wba2-stm32-nucleo-board-0426.png
2026-05-05 17:04:47,652 [INFO] BoardResultTable:719 - Unmark Board NUCLEO-C071RB as favorite
2026-05-05 17:05:56,135 [INFO] MainUpdater:2872 - connection check result : 10
2026-05-05 17:05:56,136 [INFO] MainUpdater:2872 - connection check result : 10
2026-05-05 17:05:56,162 [ERROR] IocParser:95 - Exception caught: Cannot invoke "java.lang.CharSequence.length()" because "this.text" is null
2026-05-05 17:05:56,279 [INFO] MicroXplorer:468 - Change Database Path : 
2026-05-05 17:05:56,279 [INFO] MicroXplorer:498 - Change Database Version : DB.6.0.150
2026-05-05 17:05:56,316 [ERROR] ProjectManagerView:395 - 
java.lang.NullPointerException: Cannot invoke "javax.swing.JTextField.getText()" because the return value of "java.util.List.get(int)" is null
	at com.st.microxplorer.plugins.projectmanager.gui.ProjectChoiceTab$9.caretUpdate(ProjectChoiceTab.java:2706) ~[filemanager.jar:?]
	at javax.swing.text.JTextComponent.fireCaretUpdate(JTextComponent.java:408) ~[?:?]
	at javax.swing.text.JTextComponent$MutableCaretEvent.fire(JTextComponent.java:4484) ~[?:?]
	at javax.swing.text.JTextComponent$MutableCaretEvent.stateChanged(JTextComponent.java:4506) ~[?:?]
	at javax.swing.text.DefaultCaret.fireStateChanged(DefaultCaret.java:857) ~[?:?]
	at javax.swing.text.DefaultCaret.changeCaretPosition(DefaultCaret.java:1343) ~[?:?]
	at javax.swing.text.DefaultCaret.handleSetDot(DefaultCaret.java:1242) ~[?:?]
	at javax.swing.text.DefaultCaret.setDot(DefaultCaret.java:1223) ~[?:?]
	at javax.swing.text.DefaultCaret$Handler.insertUpdate(DefaultCaret.java:1819) ~[?:?]
	at javax.swing.text.AbstractDocument.fireInsertUpdate(AbstractDocument.java:227) ~[?:?]
	at javax.swing.text.AbstractDocument.handleInsertString(AbstractDocument.java:781) ~[?:?]
	at javax.swing.text.AbstractDocument.insertString(AbstractDocument.java:740) ~[?:?]
	at javax.swing.text.PlainDocument.insertString(PlainDocument.java:131) ~[?:?]
	at javax.swing.text.AbstractDocument.replace(AbstractDocument.java:699) ~[?:?]
	at javax.swing.text.JTextComponent.setText(JTextComponent.java:1725) ~[?:?]
	at com.st.microxplorer.plugins.projectmanager.gui.ProjectChoiceTab.createHeapStackFields(ProjectChoiceTab.java:993) ~[filemanager.jar:?]
	at com.st.microxplorer.plugins.projectmanager.gui.ProjectChoiceTab.buildLinkSettingsPanel(ProjectChoiceTab.java:3813) ~[filemanager.jar:?]
	at com.st.microxplorer.plugins.projectmanager.gui.ProjectChoiceTab.defineWindowsFields(ProjectChoiceTab.java:1987) ~[filemanager.jar:?]
	at com.st.microxplorer.plugins.projectmanager.gui.ProjectChoiceTab.updateSettings(ProjectChoiceTab.java:558) ~[filemanager.jar:?]
	at com.st.microxplorer.plugins.projectmanager.gui.ProjectSettingsPanel.UpdateDialog(ProjectSettingsPanel.java:247) ~[filemanager.jar:?]
	at com.st.microxplorer.plugins.projectmanager.ProjectManagerView.propertyChange(ProjectManagerView.java:392) ~[filemanager.jar:?]
	at java.beans.PropertyChangeSupport.fire(PropertyChangeSupport.java:343) ~[?:?]
	at java.beans.PropertyChangeSupport.firePropertyChange(PropertyChangeSupport.java:335) ~[?:?]
	at java.beans.PropertyChangeSupport.firePropertyChange(PropertyChangeSupport.java:268) ~[?:?]
	at com.st.microxplorer.util.MXPropertyChangeSupport.firePropertyChange(MXPropertyChangeSupport.java:54) ~[STM32CubeMX.jar:?]
	at com.st.microxplorer.mxsystem.MxSystem.closeConfig(MxSystem.java:899) ~[STM32CubeMX.jar:?]
	at com.st.microxplorer.maingui.MainPanel.closeConfig(MainPanel.java:792) ~[STM32CubeMX.jar:?]
	at com.st.microxplorer.plugins.filemanager.engine.OpenFileManager.loadConfigurationFile(OpenFileManager.java:288) ~[filemanager.jar:?]
	at com.st.microxplorer.plugins.filemanager.engine.MainFileManager.userLoadConfig(MainFileManager.java:364) ~[filemanager.jar:?]
	at com.st.microxplorer.plugins.filemanager.FileManagerView.getSpecificTask(FileManagerView.java:268) ~[filemanager.jar:?]
	at com.st.stm32cube.common.mx.editor.CubeMxEditor.getMxTabbedPaneInstance(CubeMxEditor.java:1191) ~[com.st.stm32cube.common.mx_6.15.0.202507011659/:?]
	at com.st.stm32cube.common.mx.editor.CubeMxEditor$12$1.createSwingComponent(CubeMxEditor.java:1068) ~[com.st.stm32cube.common.mx_6.15.0.202507011659/:?]
	at com.st.stm32cube.common.mx.oss.core.awtswtbridge.EmbeddedSwingComposite.doComponentCreation(EmbeddedSwingComposite.java:492) ~[com.st.stm32cube.common.mx.oss_6.15.0.202507011659/:?]
	at com.st.stm32cube.common.mx.oss.core.awtswtbridge.EmbeddedSwingComposite$4.run(EmbeddedSwingComposite.java:291) ~[com.st.stm32cube.common.mx.oss_6.15.0.202507011659/:?]
	at com.st.stm32cube.common.mx.oss.core.awtswtbridge.AwtEnvironment$2.run(AwtEnvironment.java:166) ~[com.st.stm32cube.common.mx.oss_6.15.0.202507011659/:?]
	at java.awt.event.InvocationEvent.dispatch(InvocationEvent.java:318) ~[?:?]
	at java.awt.EventQueue.dispatchEventImpl(EventQueue.java:773) ~[?:?]
	at java.awt.EventQueue$4.run(EventQueue.java:720) ~[?:?]
	at java.awt.EventQueue$4.run(EventQueue.java:714) ~[?:?]
	at java.security.AccessController.doPrivileged(AccessController.java:400) ~[?:?]
	at java.security.ProtectionDomain$JavaSecurityAccessImpl.doIntersectionPrivilege(ProtectionDomain.java:87) ~[?:?]
	at java.awt.EventQueue.dispatchEvent(EventQueue.java:742) ~[?:?]
	at java.awt.EventDispatchThread.pumpOneEventForFilters(EventDispatchThread.java:203) ~[?:?]
	at java.awt.EventDispatchThread.pumpEventsForFilter(EventDispatchThread.java:124) ~[?:?]
	at java.awt.EventDispatchThread.pumpEventsForHierarchy(EventDispatchThread.java:113) ~[?:?]
	at java.awt.EventDispatchThread.pumpEvents(EventDispatchThread.java:109) ~[?:?]
	at java.awt.EventDispatchThread.pumpEvents(EventDispatchThread.java:101) ~[?:?]
	at java.awt.EventDispatchThread.run(EventDispatchThread.java:90) ~[?:?]
2026-05-05 17:05:56,319 [WARN] ThirdParty:871 - waiting for thirdparty lock release [close project]
2026-05-05 17:05:56,319 [INFO] ThirdParty:873 - entering critical section [close project]
2026-05-05 17:05:56,320 [INFO] ThirdParty:883 - exiting critical section [close project]
2026-05-05 17:05:56,321 [INFO] PinOutPanel:1589 - setPackage(No Configuration,No Configuration)
2026-05-05 17:05:56,328 [INFO] UtilMem:75 - Begin LoadConfig() Used Memory: 813909208 Bytes (1073741824)
2026-05-05 17:05:56,329 [INFO] OpenFileManager:355 - Change cursor
2026-05-05 17:05:56,383 [INFO] RulesReader:64 - Compatibility file has been processed (317 Rules)
2026-05-05 17:05:56,410 [INFO] Mcu:2029 - Initializing MCU STM32C071RBTx STM32C071RBTx STM32C071RBT6
2026-05-05 17:05:58,585 [INFO] Context:786 - Trying to add GPIOservice into a context  which must be forbidden
2026-05-05 17:05:59,357 [INFO] Rule:233 - rule Adapt Old IOC before rework replace old CORTEX_M33/CORTEX_M55 attributes by the new one. is applicable
2026-05-05 17:05:59,357 [INFO] Rule:233 - rule Rename parametre of RCC RCC_APBDBG_DIV2 to RCC_TIMPRES_DIV2 is applicable
2026-05-05 17:05:59,357 [INFO] Rule:233 - rule Rename DIE493 pin PA10 [PA12] -> PA10 is applicable
2026-05-05 17:05:59,357 [INFO] Rule:233 - rule Rename DIE493 pin PA9 [PA11] -> PA9 is applicable
2026-05-05 17:05:59,357 [INFO] Rule:233 - rule Rename DIE492 PartNumber CPN STM32WBA5MJGHx -> STM32WBA5MMGHx is applicable
2026-05-05 17:05:59,358 [INFO] Rule:233 - rule Rename DIE492 PartNumber  Name STM32WBA5MJGHx -> STM32WBA5MMGHx is applicable
2026-05-05 17:05:59,358 [INFO] Rule:233 - rule Rename DIE492 PartNumber UserName STM32WBA5MJGHx -> STM32WBA5MMGHx is applicable
2026-05-05 17:05:59,358 [INFO] Rule:233 - rule Rename DIE492 PartNumber DeviceId STM32WBA5MJGHx -> STM32WBA5MMGHx is applicable
2026-05-05 17:05:59,358 [INFO] Rule:233 - rule Adapt Old IOC CSI. is applicable
2026-05-05 17:05:59,358 [INFO] Rule:233 - rule Adapt Old IOC DCMIPP. is applicable
2026-05-05 17:05:59,358 [INFO] Rule:233 - rule Adapt Old IOC DCMIPP Mode Parallel. is applicable
2026-05-05 17:05:59,358 [INFO] Rule:233 - rule Adapt Old IOC LTDC. is applicable
2026-05-05 17:05:59,358 [INFO] Rule:233 - rule Rename STM32MP2 RIF Peripheral LTDC RIF.RISUP.LTDC_L0L1.Privilege -> RIF.RISUP.LTDC_L1L2.Privilege is applicable
2026-05-05 17:05:59,358 [INFO] Rule:233 - rule Rename STM32MP2 RIF Peripheral LTDC RIF.RISUP.LTDC_L0L1.Privilege -> RIF.RISUP.LTDC_L1L2.Privilege is applicable
2026-05-05 17:05:59,358 [INFO] Rule:233 - rule Rename STM32MP2 RIF Peripheral LTDC RIF.RISUP.LTDC_L0L1.Lock -> RIF.RISUP.LTDC_L1L2.Lock is applicable
2026-05-05 17:05:59,358 [INFO] Rule:233 - rule Rename STM32MP2 RIF Peripheral LTDC RIF.RISUP.LTDC_L2.Lock -> RIF.RISUP.LTDC_L3.Lock is applicable
2026-05-05 17:05:59,358 [INFO] Rule:233 - rule Adapt the old IOC example for updating the SYS when it is misconfigured. is applicable
2026-05-05 17:05:59,358 [INFO] Rule:233 - rule Rename STM32C09 Mcu.Package LQFP64 -> LQFP48 is applicable
2026-05-05 17:05:59,358 [INFO] Rule:233 - rule Adapt the old IOC example for updating the SYS when it is misconfigured. is applicable
2026-05-05 17:05:59,358 [INFO] Rule:233 - rule Adapt the old IOC example for updating the SYS when it is misconfigured. is applicable
2026-05-05 17:05:59,359 [INFO] DbConfProperties:307 - Apply Compatibility (6/20 Rules)
2026-05-05 17:05:59,440 [INFO] ApiDbMcu:532 - Load IP Config File for NUCLEO-C071RB
2026-05-05 17:05:59,525 [INFO] ImportTextPane:234 - (OptionalMessage_ERROR) Pin6 (VP_RIF_VS_RIF1) cannot be retrieved for this MCU
2026-05-05 17:05:59,758 [WARN] ModelIntegratedComponent:63 - No mode defined for component null
2026-05-05 17:05:59,758 [WARN] ModelIntegratedComponent:63 - No mode defined for component null
2026-05-05 17:05:59,758 [WARN] ModelIntegratedComponent:63 - No mode defined for component null
2026-05-05 17:05:59,758 [WARN] ModelIntegratedComponent:63 - No mode defined for component null
2026-05-05 17:05:59,758 [WARN] ModelIntegratedComponent:63 - No mode defined for component null
2026-05-05 17:05:59,758 [WARN] ModelIntegratedComponent:63 - No mode defined for component null
2026-05-05 17:05:59,758 [WARN] ModelIntegratedComponent:63 - No mode defined for component null
2026-05-05 17:05:59,758 [WARN] ModelIntegratedComponent:63 - No mode defined for component null
2026-05-05 17:05:59,758 [WARN] ModelIntegratedComponent:63 - No mode defined for component null
2026-05-05 17:05:59,758 [WARN] ModelIntegratedComponent:63 - No mode defined for component null
2026-05-05 17:05:59,759 [WARN] ModelIntegratedComponent:63 - No mode defined for component null
2026-05-05 17:05:59,759 [WARN] ModelIntegratedComponent:63 - No mode defined for component null
2026-05-05 17:05:59,759 [WARN] ModelIntegratedComponent:63 - No mode defined for component null
2026-05-05 17:05:59,759 [WARN] ModelIntegratedComponent:63 - No mode defined for component null
2026-05-05 17:05:59,759 [WARN] ModelIntegratedComponent:63 - No mode defined for component null
2026-05-05 17:05:59,759 [WARN] ModelIntegratedComponent:63 - No mode defined for component null
2026-05-05 17:05:59,759 [WARN] ModelIntegratedComponent:63 - No mode defined for component null
2026-05-05 17:05:59,759 [WARN] ModelIntegratedComponent:63 - No mode defined for component null
2026-05-05 17:05:59,759 [WARN] ModelIntegratedComponent:63 - No mode defined for component null
2026-05-05 17:05:59,759 [WARN] ModelIntegratedComponent:63 - No mode defined for component null
2026-05-05 17:05:59,760 [WARN] ModelIntegratedComponent:63 - No mode defined for component null
2026-05-05 17:05:59,760 [WARN] ModelIntegratedComponent:63 - No mode defined for component null
2026-05-05 17:05:59,760 [WARN] ModelIntegratedComponent:63 - No mode defined for component null
2026-05-05 17:05:59,760 [WARN] ModelIntegratedComponent:63 - No mode defined for component null
2026-05-05 17:05:59,760 [WARN] ModelIntegratedComponent:63 - No mode defined for component null
2026-05-05 17:05:59,760 [WARN] ModelIntegratedComponent:63 - No mode defined for component null
2026-05-05 17:05:59,760 [WARN] ModelIntegratedComponent:63 - No mode defined for component null
2026-05-05 17:05:59,760 [WARN] ModelIntegratedComponent:63 - No mode defined for component null
2026-05-05 17:05:59,760 [WARN] ModelIntegratedComponent:63 - No mode defined for component null
2026-05-05 17:05:59,760 [WARN] ModelIntegratedComponent:63 - No mode defined for component null
2026-05-05 17:05:59,760 [WARN] ModelIntegratedComponent:63 - No mode defined for component null
2026-05-05 17:05:59,760 [WARN] ModelIntegratedComponent:63 - No mode defined for component null
2026-05-05 17:05:59,760 [WARN] ModelIntegratedComponent:63 - No mode defined for component null
2026-05-05 17:05:59,760 [WARN] ModelIntegratedComponent:63 - No mode defined for component null
2026-05-05 17:05:59,760 [WARN] ModelIntegratedComponent:63 - No mode defined for component null
2026-05-05 17:05:59,761 [WARN] ModelPack:524 - Component already loaded: STMicroelectronics:HAL Drivers:0.0.0:STMicroelectronics:Device:STMicro_Driver:XSPI:HAL::0.0.1:HAL_XSPI
2026-05-05 17:05:59,764 [INFO] RtosManager:558 - Registered RTOS mode: class=RTOS, group=ThreadX, mode=Core, owner=THREADX
2026-05-05 17:05:59,961 [INFO] ThirdPartyModel:298 - Start build external matchings
2026-05-05 17:06:01,651 [INFO] ThirdPartyModel:316 - End build external matchings
2026-05-05 17:06:01,977 [INFO] UtilMem:75 - End LoadConfig() Used Memory: 953313440 Bytes (1073741824)
2026-05-05 17:06:10,315 [INFO] BspBoardWizard:580 - Analytics plugin initialized with success
2026-05-05 17:06:12,009 [INFO] BspBoardWizard:580 - Analytics plugin initialized with success
2026-05-05 17:06:12,115 [INFO] BspBoardWizard:580 - Analytics plugin initialized with success
2026-05-05 17:06:12,273 [WARN] ThirdParty:833 - waiting for thirdparty lock release [change project]
2026-05-05 17:06:12,273 [INFO] ThirdParty:835 - entering critical section [change project]
2026-05-05 17:06:12,273 [INFO] ThirdParty:1030 - CMSIS Pack Vendor :STMicroelectronics X-CUBE-AZRTOS-H7 3.5.0
2026-05-05 17:06:12,273 [INFO] ThirdParty:1030 - CMSIS Pack Vendor :STMicroelectronics X-CUBE-PM33A1 1.0.0
2026-05-05 17:06:12,273 [INFO] ThirdParty:1030 - CMSIS Pack Vendor :STMicroelectronics USBPD 4.1
2026-05-05 17:06:12,273 [INFO] ThirdParty:1030 - CMSIS Pack Vendor :STMicroelectronics X-CUBE-NFC9 1.0.0
2026-05-05 17:06:12,274 [INFO] ThirdParty:1030 - CMSIS Pack Vendor :STMicroelectronics USB_HOST 2.0.0
2026-05-05 17:06:12,274 [INFO] ThirdParty:1030 - CMSIS Pack Vendor :STMicroelectronics FP-SNS-MOTENVWB1 1.4.0
2026-05-05 17:06:12,274 [INFO] ThirdParty:1030 - CMSIS Pack Vendor :STMicroelectronics X-CUBE-AZRTOS-F4 1.1.0
2026-05-05 17:06:12,274 [INFO] ThirdParty:1030 - CMSIS Pack Vendor :STMicroelectronics LIBJPEG 8.0.0
2026-05-05 17:06:12,274 [INFO] ThirdParty:1030 - CMSIS Pack Vendor :STMicroelectronics FP-ATR-ASTRA1 2.0.2
2026-05-05 17:06:12,274 [INFO] ThirdParty:1030 - CMSIS Pack Vendor :wolfSSL I-CUBE-wolfSSL 5.8.2
2026-05-05 17:06:12,274 [INFO] ThirdParty:1030 - CMSIS Pack Vendor :STMicroelectronics X-CUBE-BLE1 7.1.0
2026-05-05 17:06:12,274 [INFO] ThirdParty:1030 - CMSIS Pack Vendor :STMicroelectronics X-CUBE-SMBUS 2.1.0
2026-05-05 17:06:12,274 [INFO] ThirdParty:1030 - CMSIS Pack Vendor :wolfSSL I-CUBE-wolfMQTT 1.19.2
2026-05-05 17:06:12,274 [INFO] ThirdParty:1030 - CMSIS Pack Vendor :STMicroelectronics USB_DEVICE 3.0.0
2026-05-05 17:06:12,274 [INFO] ThirdParty:1030 - CMSIS Pack Vendor :STMicroelectronics X-CUBE-ISPU 2.1.0
2026-05-05 17:06:12,274 [INFO] ThirdParty:1030 - CMSIS Pack Vendor :STMicroelectronics X-CUBE-FREERTOS 1.4.0
2026-05-05 17:06:12,274 [INFO] ThirdParty:1030 - CMSIS Pack Vendor :STMicroelectronics eDS-WB_DPC_TT-BIDIR 2.1.1
2026-05-05 17:06:12,274 [INFO] ThirdParty:1030 - CMSIS Pack Vendor :STMicroelectronics X-CUBE-AZRTOS-WB 2.0.0
2026-05-05 17:06:12,275 [INFO] ThirdParty:1030 - CMSIS Pack Vendor :STMicroelectronics X-CUBE-AZRTOS-F7 1.1.0
2026-05-05 17:06:12,275 [INFO] ThirdParty:1030 - CMSIS Pack Vendor :STMicroelectronics X-CUBE-AZRTOS-L5 2.0.0
2026-05-05 17:06:12,275 [INFO] ThirdParty:1030 - CMSIS Pack Vendor :STMicroelectronics USB_DEVICE 2.0.0
2026-05-05 17:06:12,275 [INFO] ThirdParty:1030 - CMSIS Pack Vendor :STMicroelectronics X-CUBE-NFC6 3.1.0
2026-05-05 17:06:12,275 [INFO] ThirdParty:1030 - CMSIS Pack Vendor :Cesanta I-CUBE-Mongoose 7.19.0
2026-05-05 17:06:12,275 [INFO] ThirdParty:1030 - CMSIS Pack Vendor :STMicroelectronics FP-SNS-STAIOTCFT 1.1.0
2026-05-05 17:06:12,275 [INFO] ThirdParty:1030 - CMSIS Pack Vendor :quantropi X-CUBE-qispace-sdk-base 2.1.0
2026-05-05 17:06:12,275 [INFO] ThirdParty:1030 - CMSIS Pack Vendor :STMicroelectronics X-CUBE-MEMS1 12.0.0
2026-05-05 17:06:12,275 [INFO] ThirdParty:1030 - CMSIS Pack Vendor :STMicroelectronics X-CUBE-STSE01 2.0.0
2026-05-05 17:06:12,275 [INFO] ThirdParty:1030 - CMSIS Pack Vendor :STMicroelectronics FreeRTOS 0.0.1
2026-05-05 17:06:12,275 [INFO] ThirdParty:1030 - CMSIS Pack Vendor :STMicroelectronics X-CUBE-AZRTOS-G0 1.1.0
2026-05-05 17:06:12,275 [INFO] ThirdParty:1030 - CMSIS Pack Vendor :STMicroelectronics X-CUBE-SAFEA1 1.2.2
2026-05-05 17:06:12,275 [INFO] ThirdParty:1030 - CMSIS Pack Vendor :STMicroelectronics X-CUBE-NFC4 3.0.0
2026-05-05 17:06:12,275 [INFO] ThirdParty:1030 - CMSIS Pack Vendor :STMicroelectronics X-CUBE-SUBG2 5.0.0
2026-05-05 17:06:12,275 [INFO] ThirdParty:1030 - CMSIS Pack Vendor :STMicroelectronics X-CUBE-AZRTOS-H7RS 1.1.0
2026-05-05 17:06:12,277 [INFO] ThirdParty:1030 - CMSIS Pack Vendor :STMicroelectronics STM32_WPAN 1.0.0
2026-05-05 17:06:12,277 [INFO] ThirdParty:1030 - CMSIS Pack Vendor :STMicroelectronics eDS-WB_DPC_VIENNA 1.2.0
2026-05-05 17:06:12,277 [INFO] ThirdParty:1030 - CMSIS Pack Vendor :EmbeddedOffice I-CUBE-FS-RTOS 1.0.1
2026-05-05 17:06:12,277 [INFO] ThirdParty:1030 - CMSIS Pack Vendor :STMicroelectronics lwIP 2.0.3
2026-05-05 17:06:12,277 [INFO] ThirdParty:1030 - CMSIS Pack Vendor :WES I-CUBE-Cesium 1.4.0
2026-05-05 17:06:12,277 [INFO] ThirdParty:1030 - CMSIS Pack Vendor :STMicroelectronics eDS-WB_DPC_3PH2L-BIDIR 1.1.1
2026-05-05 17:06:12,277 [INFO] ThirdParty:1030 - CMSIS Pack Vendor :STMicroelectronics USB_HOST 1.0.0
2026-05-05 17:06:12,277 [INFO] ThirdParty:1030 - CMSIS Pack Vendor :Infineon AIROC-Wi-Fi-Bluetooth-STM32 1.7.1
2026-05-05 17:06:12,277 [INFO] ThirdParty:1030 - CMSIS Pack Vendor :STMicroelectronics X-CUBE-AZRTOS-G4 2.0.0
2026-05-05 17:06:12,277 [INFO] ThirdParty:1030 - CMSIS Pack Vendor :STMicroelectronics X-CUBE-WB05N 2.0.0
2026-05-05 17:06:12,277 [INFO] ThirdParty:1030 - CMSIS Pack Vendor :STMicroelectronics PDM2PCM 3.1.0
2026-05-05 17:06:12,277 [INFO] ThirdParty:1030 - CMSIS Pack Vendor :STMicroelectronics PDM2PCM 3.3.0
2026-05-05 17:06:12,277 [INFO] ThirdParty:1030 - CMSIS Pack Vendor :wolfSSL I-CUBE-wolfTPM 3.8.0
2026-05-05 17:06:12,277 [INFO] ThirdParty:1030 - CMSIS Pack Vendor :STMicroelectronics X-CUBE-AZRTOS-H7 3.4.0
2026-05-05 17:06:12,277 [INFO] ThirdParty:1030 - CMSIS Pack Vendor :STMicroelectronics X-CUBE-DISPLAY 3.0.0
2026-05-05 17:06:12,277 [INFO] ThirdParty:1030 - CMSIS Pack Vendor :wolfSSL I-CUBE-wolfSSH 1.4.20
2026-05-05 17:06:12,277 [INFO] ThirdParty:1030 - CMSIS Pack Vendor :STMicroelectronics X-CUBE-NFC7 2.0.0
2026-05-05 17:06:12,277 [INFO] ThirdParty:1030 - CMSIS Pack Vendor :STMicroelectronics X-CUBE-GNSS1 7.1.1
2026-05-05 17:06:12,278 [INFO] ThirdParty:1030 - CMSIS Pack Vendor :STMicroelectronics FP-SNS-MOTENVWB1 1.5.0
2026-05-05 17:06:12,278 [INFO] ThirdParty:1030 - CMSIS Pack Vendor :STMicroelectronics X-CUBE-TCPP 4.2.0
2026-05-05 17:06:12,278 [INFO] ThirdParty:1030 - CMSIS Pack Vendor :RealThread X-CUBE-RT-Thread_Nano 4.1.1
2026-05-05 17:06:12,278 [INFO] ThirdParty:1030 - CMSIS Pack Vendor :STMicroelectronics FP-ATR-SIGFOX1 3.2.0
2026-05-05 17:06:12,278 [INFO] ThirdParty:1030 - CMSIS Pack Vendor :STMicroelectronics X-CUBE-NFC10 1.0.0
2026-05-05 17:06:12,278 [INFO] ThirdParty:1030 - CMSIS Pack Vendor :STMicroelectronics X-CUBE-FREERTOS 1.3.1
2026-05-05 17:06:12,278 [INFO] ThirdParty:1030 - CMSIS Pack Vendor :STMicroelectronics HAL Drivers 0.0.0
2026-05-05 17:06:12,278 [INFO] ThirdParty:1030 - CMSIS Pack Vendor :STMicroelectronics X-CUBE-FREERTOS 1.5.0
2026-05-05 17:06:12,278 [INFO] ThirdParty:1030 - CMSIS Pack Vendor :STMicroelectronics MBEDTLS 2.16.2
2026-05-05 17:06:12,278 [INFO] ThirdParty:1030 - CMSIS Pack Vendor :STMicroelectronics X-CUBE-ALS 1.0.2
2026-05-05 17:06:12,278 [INFO] ThirdParty:1030 - CMSIS Pack Vendor :emotas I-CUBE-CANOPEN 1.3.0
2026-05-05 17:06:12,280 [INFO] ThirdParty:1030 - CMSIS Pack Vendor :STMicroelectronics MBEDTLS 2.14.1
2026-05-05 17:06:12,280 [INFO] ThirdParty:1030 - CMSIS Pack Vendor :STMicroelectronics X-CUBE-GNSS1 7.1.0
2026-05-05 17:06:12,280 [INFO] ThirdParty:1030 - CMSIS Pack Vendor :ITTIA_DB I-CUBE-ITTIADB 8.9.0
2026-05-05 17:06:12,280 [INFO] ThirdParty:1030 - CMSIS Pack Vendor :STMicroelectronics X-CUBE-TOUCHGFX 4.26.0
2026-05-05 17:06:12,280 [INFO] ThirdParty:1030 - CMSIS Pack Vendor :STMicroelectronics X-CUBE-STSE01 1.0.0
2026-05-05 17:06:12,280 [INFO] ThirdParty:1030 - CMSIS Pack Vendor :STMicroelectronics X-CUBE-TOUCHGFX 4.26.1
2026-05-05 17:06:12,280 [INFO] ThirdParty:1030 - CMSIS Pack Vendor :STMicroelectronics X-CUBE-NFC6 3.2.0
2026-05-05 17:06:12,280 [INFO] ThirdParty:1030 - CMSIS Pack Vendor :STMicroelectronics FP-SNS-STAIOTCFT 1.0.0
2026-05-05 17:06:12,280 [INFO] ThirdParty:1030 - CMSIS Pack Vendor :STMicroelectronics ThreadX 1.0.0
2026-05-05 17:06:12,281 [INFO] ThirdParty:1030 - CMSIS Pack Vendor :STMicroelectronics FP-SNS-SMARTAG2 1.2.0
2026-05-05 17:06:12,281 [INFO] ThirdParty:1030 - CMSIS Pack Vendor :STMicroelectronics X-CUBE-MEMS1 12.1.0
2026-05-05 17:06:12,281 [INFO] ThirdParty:1030 - CMSIS Pack Vendor :STMicroelectronics FP-SNS-FLIGHT1 5.1.0
2026-05-05 17:06:12,281 [INFO] ThirdParty:1030 - CMSIS Pack Vendor :STMicroelectronics X-CUBE-AZRTOS-WL 2.0.0
2026-05-05 17:06:12,281 [INFO] ThirdParty:1030 - CMSIS Pack Vendor :SEGGER I-CUBE-embOS 1.3.1
2026-05-05 17:06:12,281 [INFO] ThirdParty:1030 - CMSIS Pack Vendor :STMicroelectronics X-CUBE-ALGOBUILD 1.4.0
2026-05-05 17:06:12,281 [INFO] ThirdParty:1030 - CMSIS Pack Vendor :STMicroelectronics X-CUBE-DPower 1.3.0
2026-05-05 17:06:12,281 [INFO] ThirdParty:1030 - CMSIS Pack Vendor :STMicroelectronics X-CUBE-MEMS1 11.3.0
2026-05-05 17:06:12,281 [INFO] ThirdParty:1030 - CMSIS Pack Vendor :STMicroelectronics USB_DEVICE 1.0.0
2026-05-05 17:06:12,281 [INFO] ThirdParty:1030 - CMSIS Pack Vendor :STMicroelectronics X-CUBE-AZRTOS-H7RS 1.2.0
2026-05-05 17:06:12,281 [INFO] ThirdParty:1030 - CMSIS Pack Vendor :STMicroelectronics X-CUBE-AZRTOS-L4 2.0.0
2026-05-05 17:06:12,281 [INFO] ThirdParty:1030 - CMSIS Pack Vendor :STMicroelectronics ThreadX 0.0.2
2026-05-05 17:06:12,282 [INFO] ThirdParty:1030 - CMSIS Pack Vendor :STMicroelectronics lwIP 2.1.2
2026-05-05 17:06:12,282 [INFO] ThirdParty:1030 - CMSIS Pack Vendor :STMicroelectronics X-CUBE-SFXS2LP1 4.0.0
2026-05-05 17:06:12,282 [INFO] ThirdParty:1030 - CMSIS Pack Vendor :STMicroelectronics X-CUBE-BLE2 3.3.0
2026-05-05 17:06:12,282 [INFO] ThirdParty:1030 - CMSIS Pack Vendor :Avnet-IOTCONNECT X-CUBE-iotc-st67-sdk 1.0.0
2026-05-05 17:06:12,282 [INFO] ThirdParty:1030 - CMSIS Pack Vendor :STMicroelectronics X-CUBE-TOF1 3.4.3
2026-05-05 17:06:12,282 [INFO] ThirdParty:1030 - CMSIS Pack Vendor :STMicroelectronics PDM2PCM 3.2.0
2026-05-05 17:06:12,282 [INFO] ThirdParty:1030 - CMSIS Pack Vendor :STMicroelectronics X-CUBE-WB05N 2.1.0
2026-05-05 17:06:12,282 [INFO] ThirdParty:1030 - CMSIS Pack Vendor :STMicroelectronics X-CUBE-ST67W61 1.2.0
2026-05-05 17:06:12,282 [INFO] ThirdParty:841 - exiting critical section [change project]
2026-05-05 17:06:12,651 [INFO] PinOutPanel:1589 - setPackage(No Configuration,No Configuration)
2026-05-05 17:06:12,652 [INFO] PinOutPanel:1589 - setPackage(STM32C071RBTx,LQFP64_GP)
2026-05-05 17:06:13,068 [INFO] UtilMem:75 - Before build in PCC Used Memory: 874022384 Bytes (1073741824)
2026-05-05 17:06:14,023 [INFO] UtilMem:75 - After build in PCC Used Memory: 1012434416 Bytes (1073741824)
2026-05-05 17:06:14,075 [INFO] IPUIPlugin:80 - create IPUIPlugin
2026-05-05 17:06:14,075 [INFO] IPUIPlugin:80 - create IPUIPlugin
2026-05-05 17:06:14,075 [INFO] IPUIPlugin:80 - create IPUIPlugin
2026-05-05 17:06:14,076 [INFO] IPUIPlugin:80 - create IPUIPlugin
2026-05-05 17:06:14,076 [INFO] IPUIPlugin:80 - create IPUIPlugin
2026-05-05 17:06:14,076 [INFO] IPUIPlugin:80 - create IPUIPlugin
2026-05-05 17:06:14,076 [INFO] IPUIPlugin:80 - create IPUIPlugin
2026-05-05 17:06:14,077 [INFO] IPUIPlugin:80 - create IPUIPlugin
2026-05-05 17:06:14,077 [INFO] IPUIPlugin:80 - create IPUIPlugin
2026-05-05 17:06:14,077 [INFO] IPUIPlugin:80 - create IPUIPlugin
2026-05-05 17:06:14,078 [INFO] IPUIPlugin:80 - create IPUIPlugin
2026-05-05 17:06:14,078 [INFO] IPUIPlugin:80 - create IPUIPlugin
2026-05-05 17:06:14,078 [INFO] IPUIPlugin:80 - create IPUIPlugin
2026-05-05 17:06:14,079 [INFO] IPUIPlugin:80 - create IPUIPlugin
2026-05-05 17:06:14,079 [INFO] IPUIPlugin:80 - create IPUIPlugin
2026-05-05 17:06:14,080 [INFO] IPUIPlugin:80 - create IPUIPlugin
2026-05-05 17:06:14,080 [INFO] IPUIPlugin:80 - create IPUIPlugin
2026-05-05 17:06:14,080 [INFO] IPUIPlugin:80 - create IPUIPlugin
2026-05-05 17:06:14,080 [INFO] IPUIPlugin:80 - create IPUIPlugin
2026-05-05 17:06:14,082 [INFO] IPUIPlugin:80 - create IPUIPlugin
2026-05-05 17:06:14,082 [INFO] IPUIPlugin:80 - create IPUIPlugin
2026-05-05 17:06:14,082 [INFO] IPUIPlugin:80 - create IPUIPlugin
2026-05-05 17:06:14,082 [INFO] IPUIPlugin:80 - create IPUIPlugin
2026-05-05 17:06:14,083 [INFO] IPUIPlugin:80 - create IPUIPlugin
2026-05-05 17:06:14,083 [INFO] IPUIPlugin:80 - create IPUIPlugin
2026-05-05 17:06:14,083 [INFO] IPUIPlugin:80 - create IPUIPlugin
2026-05-05 17:06:14,083 [INFO] IPUIPlugin:80 - create IPUIPlugin
2026-05-05 17:06:14,084 [INFO] IPUIPlugin:80 - create IPUIPlugin
2026-05-05 17:06:14,084 [INFO] IPUIPlugin:80 - create IPUIPlugin
2026-05-05 17:06:14,084 [INFO] IPUIPlugin:80 - create IPUIPlugin
2026-05-05 17:06:14,085 [INFO] IPUIPlugin:80 - create IPUIPlugin
2026-05-05 17:06:14,085 [INFO] IPUIPlugin:80 - create IPUIPlugin
2026-05-05 17:06:14,085 [INFO] IPUIPlugin:80 - create IPUIPlugin
2026-05-05 17:06:14,086 [INFO] IPUIPlugin:80 - create IPUIPlugin
2026-05-05 17:06:14,086 [INFO] IPUIPlugin:80 - create IPUIPlugin
2026-05-05 17:06:14,086 [INFO] IPUIPlugin:80 - create IPUIPlugin
2026-05-05 17:06:14,168 [INFO] CADModel:165 - CPN selected for project levelSTM32C071RBT6
2026-05-05 17:06:14,168 [INFO] CADModel:114 - Register for checkConnection events
2026-05-05 17:06:14,229 [INFO] OpenFileManager:386 - Restore cursor
2026-05-05 17:06:14,967 [INFO] UtilMem:75 - End SaveConfig() Used Memory: 833416680 Bytes (1073741824)
2026-05-05 17:06:15,062 [INFO] UtilMem:75 - End SaveConfig() Used Memory: 848794488 Bytes (1073741824)
2026-05-05 17:06:15,411 [INFO] BlockDiagram:2775 - set Specific Code input for plugin: NVIC
2026-05-05 17:06:15,411 [INFO] BlockDiagram:2775 - set Specific Code input for plugin: NUCLEO-C071RB
2026-05-05 17:06:15,411 [INFO] BlockDiagram:2775 - set Specific Code input for plugin: SYS
2026-05-05 17:06:15,411 [INFO] BlockDiagram:2775 - set Specific Code input for plugin: RCC
2026-05-05 17:06:15,413 [INFO] CodeGenerator:892 - code generatio: config db path: D:\STM32CubeIDE_1.19.0\STM32CubeIDE\plugins\com.st.stm32cube.common.mx_6.15.0.202507011659\\db\
2026-05-05 17:06:15,516 [INFO] CodeEngine:265 - oldGeneratedFile, D:\Strataroh_Git\25_SV09_Internship_Projects_FW\Asmita_04052026\ADC\MXTmpFiles\license.tmp_save
2026-05-05 17:06:16,018 [INFO] CodeEngine:289 - Generated code: D:\Strataroh_Git\25_SV09_Internship_Projects_FW\Asmita_04052026\ADC\MXTmpFiles\license.tmp
2026-05-05 17:06:16,145 [INFO] CodeEngine:265 - oldGeneratedFile, D:\Strataroh_Git\25_SV09_Internship_Projects_FW\Asmita_04052026\ADC\MXTmpFiles\cortex.tmp_save
2026-05-05 17:06:16,442 [INFO] CodeEngine:289 - Generated code: D:\Strataroh_Git\25_SV09_Internship_Projects_FW\Asmita_04052026\ADC\MXTmpFiles\cortex.tmp
2026-05-05 17:06:16,457 [INFO] CodeEngine:265 - oldGeneratedFile, D:\Strataroh_Git\25_SV09_Internship_Projects_FW\Asmita_04052026\ADC\Core\Inc\stm32c0xx_nucleo_conf.h_save
2026-05-05 17:06:16,703 [INFO] CodeEngine:289 - Generated code: D:\Strataroh_Git\25_SV09_Internship_Projects_FW\Asmita_04052026\ADC\Core\Inc\stm32c0xx_nucleo_conf.h
2026-05-05 17:06:16,712 [INFO] CodeEngine:265 - oldGeneratedFile, D:\Strataroh_Git\25_SV09_Internship_Projects_FW\Asmita_04052026\ADC\MXTmpFiles\bsp_inc.tmp_save
2026-05-05 17:06:16,884 [INFO] CodeEngine:289 - Generated code: D:\Strataroh_Git\25_SV09_Internship_Projects_FW\Asmita_04052026\ADC\MXTmpFiles\bsp_inc.tmp
2026-05-05 17:06:16,891 [INFO] CodeEngine:265 - oldGeneratedFile, D:\Strataroh_Git\25_SV09_Internship_Projects_FW\Asmita_04052026\ADC\MXTmpFiles\bsp_common_vars.tmp_save
2026-05-05 17:06:17,061 [INFO] CodeEngine:289 - Generated code: D:\Strataroh_Git\25_SV09_Internship_Projects_FW\Asmita_04052026\ADC\MXTmpFiles\bsp_common_vars.tmp
2026-05-05 17:06:17,070 [INFO] CodeEngine:265 - oldGeneratedFile, D:\Strataroh_Git\25_SV09_Internship_Projects_FW\Asmita_04052026\ADC\MXTmpFiles\bsp_common_init.tmp_save
2026-05-05 17:06:17,220 [INFO] CodeEngine:289 - Generated code: D:\Strataroh_Git\25_SV09_Internship_Projects_FW\Asmita_04052026\ADC\MXTmpFiles\bsp_common_init.tmp
2026-05-05 17:06:17,227 [INFO] CodeEngine:265 - oldGeneratedFile, D:\Strataroh_Git\25_SV09_Internship_Projects_FW\Asmita_04052026\ADC\MXTmpFiles\bsp_common_demo_before_while.tmp_save
2026-05-05 17:06:17,367 [INFO] CodeEngine:289 - Generated code: D:\Strataroh_Git\25_SV09_Internship_Projects_FW\Asmita_04052026\ADC\MXTmpFiles\bsp_common_demo_before_while.tmp
2026-05-05 17:06:17,373 [INFO] CodeEngine:265 - oldGeneratedFile, D:\Strataroh_Git\25_SV09_Internship_Projects_FW\Asmita_04052026\ADC\MXTmpFiles\bsp_common_demo_inside_while.tmp_save
2026-05-05 17:06:17,482 [INFO] CodeEngine:289 - Generated code: D:\Strataroh_Git\25_SV09_Internship_Projects_FW\Asmita_04052026\ADC\MXTmpFiles\bsp_common_demo_inside_while.tmp
2026-05-05 17:06:17,488 [INFO] CodeEngine:265 - oldGeneratedFile, D:\Strataroh_Git\25_SV09_Internship_Projects_FW\Asmita_04052026\ADC\MXTmpFiles\bsp_common_demo_fct.tmp_save
2026-05-05 17:06:17,588 [INFO] CodeEngine:289 - Generated code: D:\Strataroh_Git\25_SV09_Internship_Projects_FW\Asmita_04052026\ADC\MXTmpFiles\bsp_common_demo_fct.tmp
2026-05-05 17:06:17,603 [INFO] CodeEngine:265 - oldGeneratedFile, D:\Strataroh_Git\25_SV09_Internship_Projects_FW\Asmita_04052026\ADC\Core\Src\stm32c0xx_it.c_save
2026-05-05 17:06:17,964 [INFO] CodeEngine:289 - Generated code: D:\Strataroh_Git\25_SV09_Internship_Projects_FW\Asmita_04052026\ADC\Core\Src\stm32c0xx_it.c
2026-05-05 17:06:17,971 [INFO] CodeEngine:265 - oldGeneratedFile, D:\Strataroh_Git\25_SV09_Internship_Projects_FW\Asmita_04052026\ADC\Core\Inc\stm32c0xx_it.h_save
2026-05-05 17:06:18,075 [INFO] CodeEngine:289 - Generated code: D:\Strataroh_Git\25_SV09_Internship_Projects_FW\Asmita_04052026\ADC\Core\Inc\stm32c0xx_it.h
2026-05-05 17:06:18,112 [INFO] CodeEngine:265 - oldGeneratedFile, D:\Strataroh_Git\25_SV09_Internship_Projects_FW\Asmita_04052026\ADC\Core\Src\stm32c0xx_hal_msp.c_save
2026-05-05 17:06:18,367 [INFO] CodeEngine:289 - Generated code: D:\Strataroh_Git\25_SV09_Internship_Projects_FW\Asmita_04052026\ADC\Core\Src\stm32c0xx_hal_msp.c
2026-05-05 17:06:18,375 [INFO] CodeEngine:265 - oldGeneratedFile, D:\Strataroh_Git\25_SV09_Internship_Projects_FW\Asmita_04052026\ADC\MXTmpFiles\system.tmp_save
2026-05-05 17:06:18,474 [INFO] CodeEngine:289 - Generated code: D:\Strataroh_Git\25_SV09_Internship_Projects_FW\Asmita_04052026\ADC\MXTmpFiles\system.tmp
2026-05-05 17:06:18,489 [INFO] CodeEngine:321 - oldGeneratedFile, D:\Strataroh_Git\25_SV09_Internship_Projects_FW\Asmita_04052026\ADC\Core\Inc\stm32c0xx_hal_conf.h_save
2026-05-05 17:06:18,721 [INFO] CodeEngine:345 - Generated code: D:\Strataroh_Git\25_SV09_Internship_Projects_FW\Asmita_04052026\ADC\Core\Inc\stm32c0xx_hal_conf.h
2026-05-05 17:06:18,771 [WARN] IPConfigManager:3238 - Warning: the RefConfig RCC_PClockConfig is not available in your config.xml file
2026-05-05 17:06:18,771 [WARN] IPConfigManager:3238 - Warning: the RefConfig RCC_interrupt_Time_SYSTICK_Config is not available in your config.xml file
2026-05-05 17:06:18,780 [INFO] ApiDbMcu:532 - Load IP Config File for RCC
2026-05-05 17:06:18,790 [INFO] CodeEngine:265 - oldGeneratedFile, D:\Strataroh_Git\25_SV09_Internship_Projects_FW\Asmita_04052026\ADC\Core\Inc\main.h_save
2026-05-05 17:06:19,019 [INFO] CodeEngine:289 - Generated code: D:\Strataroh_Git\25_SV09_Internship_Projects_FW\Asmita_04052026\ADC\Core\Inc\main.h
2026-05-05 17:06:19,027 [INFO] CodeEngine:265 - oldGeneratedFile, D:\Strataroh_Git\25_SV09_Internship_Projects_FW\Asmita_04052026\ADC\Core\Src\main.c_save
2026-05-05 17:06:19,241 [INFO] CodeEngine:289 - Generated code: D:\Strataroh_Git\25_SV09_Internship_Projects_FW\Asmita_04052026\ADC\Core\Src\main.c
2026-05-05 17:06:19,773 [INFO] ProjectBuilder:3606 - Time for Copy HAL[1] : 224mS.
2026-05-05 17:06:19,781 [INFO] ProjectBuilder:5216 - Project Generator version: 4.7.0-B52
2026-05-05 17:06:19,937 [INFO] ConfigFileManager:1595 - The Die is : DIE493
2026-05-05 17:06:19,965 [INFO] ApiDbMcu:532 - Load IP Config File for FILEX
2026-05-05 17:06:19,989 [INFO] ApiDbMcu:532 - Load IP Config File for LEVELX
2026-05-05 17:06:20,015 [INFO] ApiDbMcu:532 - Load IP Config File for THREADX
2026-05-05 17:06:20,057 [INFO] ApiDbMcu:532 - Load IP Config File for USBX
2026-05-05 17:06:21,021 [ERROR] IocParser:95 - Exception caught: Cannot invoke "java.lang.CharSequence.length()" because "this.text" is null
2026-05-05 17:06:23,261 [INFO] ProjectBuilder:5496 - Time for Generating toolchain IDE Files: 3480mS.
2026-05-05 17:06:23,262 [INFO] ProjectBuilder:3463 - Time for Copy CMSIS : 0mS.
2026-05-05 17:06:23,264 [INFO] ProjectBuilder:3463 - Time for Copy CMSIS : 0mS.
2026-05-05 17:06:24,196 [INFO] McuFinderGlobals:76 - Set McuFinderConnectedMode to true
2026-05-05 17:06:24,199 [INFO] ApiDb:448 - Save user favorites file C:\Users\Asmita Milind Bagad/.stm32cubeide/favorites.mcus.txt: 0 item(s)
2026-05-05 17:06:24,199 [INFO] ApiDb:452 - User favorites MCUs=[]
2026-05-05 17:06:24,202 [INFO] ApiDb:448 - Save user favorites file C:\Users\Asmita Milind Bagad/.stm32cubeide/favorites.boards.txt: 0 item(s)
2026-05-05 17:06:24,202 [INFO] ApiDb:452 - User favorites Boards=[]
2026-05-05 17:25:21,043 [INFO] MainUpdater:2872 - connection check result : 10
2026-05-05 17:25:21,406 [INFO] McuFinderGlobals:76 - Set McuFinderConnectedMode to true
2026-05-05 17:25:21,408 [INFO] MultiScanPanel:200 - Auto-refresh data requested => check proxy status ongoing
2026-05-05 17:25:21,409 [INFO] FinderPluginLoader:96 - Searching for filters in installed packs
2026-05-05 17:25:24,934 [INFO] LoadUrlFilesThread:185 - End of LoadServerUrlFiles without Thread
2026-05-05 17:25:24,935 [INFO] DetailPanel:341 - Set advertising image to C:/Users/Asmita Milind Bagad/STM32Cube/Repository/\en.prom-stm32wba2-stm32-nucleo-board-0426.png
2026-05-05 17:25:33,947 [INFO] MultiScanPanel:200 - Auto-refresh data requested => check proxy status ongoing
2026-05-05 17:25:34,046 [INFO] LoadUrlFilesThread:185 - End of LoadServerUrlFiles without Thread
2026-05-05 17:25:34,046 [INFO] DetailPanel:341 - Set advertising image to C:/Users/Asmita Milind Bagad/STM32Cube/Repository/\en.prom-stm32wba2-stm32-nucleo-board-0426.png
2026-05-05 17:25:53,384 [INFO] MainUpdater:2872 - connection check result : 10
2026-05-05 17:25:53,385 [INFO] MainUpdater:2872 - connection check result : 10
2026-05-05 17:25:53,824 [INFO] MicroXplorer:468 - Change Database Path : 
2026-05-05 17:25:53,824 [INFO] MicroXplorer:498 - Change Database Version : DB.6.0.150
2026-05-05 17:25:53,859 [ERROR] ProjectManagerView:395 - 
java.lang.NullPointerException: Cannot invoke "javax.swing.JTextField.getText()" because the return value of "java.util.List.get(int)" is null
	at com.st.microxplorer.plugins.projectmanager.gui.ProjectChoiceTab$9.caretUpdate(ProjectChoiceTab.java:2706) ~[filemanager.jar:?]
	at javax.swing.text.JTextComponent.fireCaretUpdate(JTextComponent.java:408) ~[?:?]
	at javax.swing.text.JTextComponent$MutableCaretEvent.fire(JTextComponent.java:4484) ~[?:?]
	at javax.swing.text.JTextComponent$MutableCaretEvent.stateChanged(JTextComponent.java:4506) ~[?:?]
	at javax.swing.text.DefaultCaret.fireStateChanged(DefaultCaret.java:857) ~[?:?]
	at javax.swing.text.DefaultCaret.changeCaretPosition(DefaultCaret.java:1343) ~[?:?]
	at javax.swing.text.DefaultCaret.handleSetDot(DefaultCaret.java:1242) ~[?:?]
	at javax.swing.text.DefaultCaret.setDot(DefaultCaret.java:1223) ~[?:?]
	at javax.swing.text.DefaultCaret$Handler.insertUpdate(DefaultCaret.java:1819) ~[?:?]
	at javax.swing.text.AbstractDocument.fireInsertUpdate(AbstractDocument.java:227) ~[?:?]
	at javax.swing.text.AbstractDocument.handleInsertString(AbstractDocument.java:781) ~[?:?]
	at javax.swing.text.AbstractDocument.insertString(AbstractDocument.java:740) ~[?:?]
	at javax.swing.text.PlainDocument.insertString(PlainDocument.java:131) ~[?:?]
	at javax.swing.text.AbstractDocument.replace(AbstractDocument.java:699) ~[?:?]
	at javax.swing.text.JTextComponent.setText(JTextComponent.java:1725) ~[?:?]
	at com.st.microxplorer.plugins.projectmanager.gui.ProjectChoiceTab.createHeapStackFields(ProjectChoiceTab.java:993) ~[filemanager.jar:?]
	at com.st.microxplorer.plugins.projectmanager.gui.ProjectChoiceTab.buildLinkSettingsPanel(ProjectChoiceTab.java:3813) ~[filemanager.jar:?]
	at com.st.microxplorer.plugins.projectmanager.gui.ProjectChoiceTab.defineWindowsFields(ProjectChoiceTab.java:1987) ~[filemanager.jar:?]
	at com.st.microxplorer.plugins.projectmanager.gui.ProjectChoiceTab.updateSettings(ProjectChoiceTab.java:558) ~[filemanager.jar:?]
	at com.st.microxplorer.plugins.projectmanager.gui.ProjectSettingsPanel.UpdateDialog(ProjectSettingsPanel.java:247) ~[filemanager.jar:?]
	at com.st.microxplorer.plugins.projectmanager.ProjectManagerView.propertyChange(ProjectManagerView.java:392) ~[filemanager.jar:?]
	at java.beans.PropertyChangeSupport.fire(PropertyChangeSupport.java:343) ~[?:?]
	at java.beans.PropertyChangeSupport.firePropertyChange(PropertyChangeSupport.java:335) ~[?:?]
	at java.beans.PropertyChangeSupport.firePropertyChange(PropertyChangeSupport.java:268) ~[?:?]
	at com.st.microxplorer.util.MXPropertyChangeSupport.firePropertyChange(MXPropertyChangeSupport.java:54) ~[STM32CubeMX.jar:?]
	at com.st.microxplorer.mxsystem.MxSystem.closeConfig(MxSystem.java:899) ~[STM32CubeMX.jar:?]
	at com.st.microxplorer.maingui.MainPanel.closeConfig(MainPanel.java:792) ~[STM32CubeMX.jar:?]
	at com.st.microxplorer.plugins.filemanager.engine.OpenFileManager.loadConfigurationFile(OpenFileManager.java:288) ~[filemanager.jar:?]
	at com.st.microxplorer.plugins.filemanager.engine.MainFileManager.userLoadConfig(MainFileManager.java:364) ~[filemanager.jar:?]
	at com.st.microxplorer.plugins.filemanager.FileManagerView.getSpecificTask(FileManagerView.java:268) ~[filemanager.jar:?]
	at com.st.stm32cube.common.mx.editor.CubeMxEditor.getMxTabbedPaneInstance(CubeMxEditor.java:1191) ~[com.st.stm32cube.common.mx_6.15.0.202507011659/:?]
	at com.st.stm32cube.common.mx.editor.CubeMxEditor$12$1.createSwingComponent(CubeMxEditor.java:1068) ~[com.st.stm32cube.common.mx_6.15.0.202507011659/:?]
	at com.st.stm32cube.common.mx.oss.core.awtswtbridge.EmbeddedSwingComposite.doComponentCreation(EmbeddedSwingComposite.java:492) ~[com.st.stm32cube.common.mx.oss_6.15.0.202507011659/:?]
	at com.st.stm32cube.common.mx.oss.core.awtswtbridge.EmbeddedSwingComposite$4.run(EmbeddedSwingComposite.java:291) ~[com.st.stm32cube.common.mx.oss_6.15.0.202507011659/:?]
	at com.st.stm32cube.common.mx.oss.core.awtswtbridge.AwtEnvironment$2.run(AwtEnvironment.java:166) ~[com.st.stm32cube.common.mx.oss_6.15.0.202507011659/:?]
	at java.awt.event.InvocationEvent.dispatch(InvocationEvent.java:318) ~[?:?]
	at java.awt.EventQueue.dispatchEventImpl(EventQueue.java:773) ~[?:?]
	at java.awt.EventQueue$4.run(EventQueue.java:720) ~[?:?]
	at java.awt.EventQueue$4.run(EventQueue.java:714) ~[?:?]
	at java.security.AccessController.doPrivileged(AccessController.java:400) ~[?:?]
	at java.security.ProtectionDomain$JavaSecurityAccessImpl.doIntersectionPrivilege(ProtectionDomain.java:87) ~[?:?]
	at java.awt.EventQueue.dispatchEvent(EventQueue.java:742) ~[?:?]
	at java.awt.EventDispatchThread.pumpOneEventForFilters(EventDispatchThread.java:203) ~[?:?]
	at java.awt.EventDispatchThread.pumpEventsForFilter(EventDispatchThread.java:124) ~[?:?]
	at java.awt.EventDispatchThread.pumpEventsForHierarchy(EventDispatchThread.java:113) ~[?:?]
	at java.awt.EventDispatchThread.pumpEvents(EventDispatchThread.java:109) ~[?:?]
	at java.awt.EventDispatchThread.pumpEvents(EventDispatchThread.java:101) ~[?:?]
	at java.awt.EventDispatchThread.run(EventDispatchThread.java:90) ~[?:?]
2026-05-05 17:25:53,862 [WARN] ThirdParty:871 - waiting for thirdparty lock release [close project]
2026-05-05 17:25:53,862 [INFO] ThirdParty:873 - entering critical section [close project]
2026-05-05 17:25:53,863 [INFO] ThirdParty:883 - exiting critical section [close project]
2026-05-05 17:25:53,866 [INFO] PinOutPanel:1589 - setPackage(No Configuration,No Configuration)
2026-05-05 17:25:53,871 [INFO] UtilMem:75 - Begin LoadConfig() Used Memory: 893097072 Bytes (1073741824)
2026-05-05 17:25:53,872 [INFO] OpenFileManager:355 - Change cursor
2026-05-05 17:25:53,921 [INFO] RulesReader:64 - Compatibility file has been processed (317 Rules)
2026-05-05 17:25:53,929 [INFO] Mcu:2029 - Initializing MCU STM32C071RBTx STM32C071RBTx STM32C071RBT6
2026-05-05 17:25:55,541 [INFO] Context:786 - Trying to add GPIOservice into a context  which must be forbidden
2026-05-05 17:25:56,365 [INFO] Rule:233 - rule Adapt Old IOC before rework replace old CORTEX_M33/CORTEX_M55 attributes by the new one. is applicable
2026-05-05 17:25:56,365 [INFO] Rule:233 - rule Rename parametre of RCC RCC_APBDBG_DIV2 to RCC_TIMPRES_DIV2 is applicable
2026-05-05 17:25:56,365 [INFO] Rule:233 - rule Rename DIE493 pin PA10 [PA12] -> PA10 is applicable
2026-05-05 17:25:56,365 [INFO] Rule:233 - rule Rename DIE493 pin PA9 [PA11] -> PA9 is applicable
2026-05-05 17:25:56,365 [INFO] Rule:233 - rule Rename DIE492 PartNumber CPN STM32WBA5MJGHx -> STM32WBA5MMGHx is applicable
2026-05-05 17:25:56,366 [INFO] Rule:233 - rule Rename DIE492 PartNumber  Name STM32WBA5MJGHx -> STM32WBA5MMGHx is applicable
2026-05-05 17:25:56,366 [INFO] Rule:233 - rule Rename DIE492 PartNumber UserName STM32WBA5MJGHx -> STM32WBA5MMGHx is applicable
2026-05-05 17:25:56,366 [INFO] Rule:233 - rule Rename DIE492 PartNumber DeviceId STM32WBA5MJGHx -> STM32WBA5MMGHx is applicable
2026-05-05 17:25:56,366 [INFO] Rule:233 - rule Adapt Old IOC CSI. is applicable
2026-05-05 17:25:56,366 [INFO] Rule:233 - rule Adapt Old IOC DCMIPP. is applicable
2026-05-05 17:25:56,367 [INFO] Rule:233 - rule Adapt Old IOC DCMIPP Mode Parallel. is applicable
2026-05-05 17:25:56,367 [INFO] Rule:233 - rule Adapt Old IOC LTDC. is applicable
2026-05-05 17:25:56,367 [INFO] Rule:233 - rule Rename STM32MP2 RIF Peripheral LTDC RIF.RISUP.LTDC_L0L1.Privilege -> RIF.RISUP.LTDC_L1L2.Privilege is applicable
2026-05-05 17:25:56,367 [INFO] Rule:233 - rule Rename STM32MP2 RIF Peripheral LTDC RIF.RISUP.LTDC_L0L1.Privilege -> RIF.RISUP.LTDC_L1L2.Privilege is applicable
2026-05-05 17:25:56,367 [INFO] Rule:233 - rule Rename STM32MP2 RIF Peripheral LTDC RIF.RISUP.LTDC_L0L1.Lock -> RIF.RISUP.LTDC_L1L2.Lock is applicable
2026-05-05 17:25:56,367 [INFO] Rule:233 - rule Rename STM32MP2 RIF Peripheral LTDC RIF.RISUP.LTDC_L2.Lock -> RIF.RISUP.LTDC_L3.Lock is applicable
2026-05-05 17:25:56,367 [INFO] Rule:233 - rule Adapt the old IOC example for updating the SYS when it is misconfigured. is applicable
2026-05-05 17:25:56,367 [INFO] Rule:233 - rule Rename STM32C09 Mcu.Package LQFP64 -> LQFP48 is applicable
2026-05-05 17:25:56,368 [INFO] Rule:233 - rule Adapt the old IOC example for updating the SYS when it is misconfigured. is applicable
2026-05-05 17:25:56,368 [INFO] Rule:233 - rule Adapt the old IOC example for updating the SYS when it is misconfigured. is applicable
2026-05-05 17:25:56,370 [INFO] DbConfProperties:307 - Apply Compatibility (6/20 Rules)
2026-05-05 17:25:56,400 [INFO] ApiDbMcu:532 - Load IP Config File for NUCLEO-C071RB
2026-05-05 17:25:56,483 [INFO] ImportTextPane:234 - (OptionalMessage_ERROR) Pin6 (VP_RIF_VS_RIF1) cannot be retrieved for this MCU
2026-05-05 17:25:56,769 [WARN] ModelIntegratedComponent:63 - No mode defined for component null
2026-05-05 17:25:56,769 [WARN] ModelIntegratedComponent:63 - No mode defined for component null
2026-05-05 17:25:56,769 [WARN] ModelIntegratedComponent:63 - No mode defined for component null
2026-05-05 17:25:56,770 [WARN] ModelIntegratedComponent:63 - No mode defined for component null
2026-05-05 17:25:56,770 [WARN] ModelIntegratedComponent:63 - No mode defined for component null
2026-05-05 17:25:56,770 [WARN] ModelIntegratedComponent:63 - No mode defined for component null
2026-05-05 17:25:56,770 [WARN] ModelIntegratedComponent:63 - No mode defined for component null
2026-05-05 17:25:56,770 [WARN] ModelIntegratedComponent:63 - No mode defined for component null
2026-05-05 17:25:56,770 [WARN] ModelIntegratedComponent:63 - No mode defined for component null
2026-05-05 17:25:56,771 [WARN] ModelIntegratedComponent:63 - No mode defined for component null
2026-05-05 17:25:56,771 [WARN] ModelIntegratedComponent:63 - No mode defined for component null
2026-05-05 17:25:56,771 [WARN] ModelIntegratedComponent:63 - No mode defined for component null
2026-05-05 17:25:56,771 [WARN] ModelIntegratedComponent:63 - No mode defined for component null
2026-05-05 17:25:56,771 [WARN] ModelIntegratedComponent:63 - No mode defined for component null
2026-05-05 17:25:56,771 [WARN] ModelIntegratedComponent:63 - No mode defined for component null
2026-05-05 17:25:56,771 [WARN] ModelIntegratedComponent:63 - No mode defined for component null
2026-05-05 17:25:56,771 [WARN] ModelIntegratedComponent:63 - No mode defined for component null
2026-05-05 17:25:56,773 [WARN] ModelIntegratedComponent:63 - No mode defined for component null
2026-05-05 17:25:56,773 [WARN] ModelIntegratedComponent:63 - No mode defined for component null
2026-05-05 17:25:56,773 [WARN] ModelIntegratedComponent:63 - No mode defined for component null
2026-05-05 17:25:56,773 [WARN] ModelIntegratedComponent:63 - No mode defined for component null
2026-05-05 17:25:56,773 [WARN] ModelIntegratedComponent:63 - No mode defined for component null
2026-05-05 17:25:56,774 [WARN] ModelIntegratedComponent:63 - No mode defined for component null
2026-05-05 17:25:56,774 [WARN] ModelIntegratedComponent:63 - No mode defined for component null
2026-05-05 17:25:56,774 [WARN] ModelIntegratedComponent:63 - No mode defined for component null
2026-05-05 17:25:56,774 [WARN] ModelIntegratedComponent:63 - No mode defined for component null
2026-05-05 17:25:56,775 [WARN] ModelIntegratedComponent:63 - No mode defined for component null
2026-05-05 17:25:56,775 [WARN] ModelIntegratedComponent:63 - No mode defined for component null
2026-05-05 17:25:56,775 [WARN] ModelIntegratedComponent:63 - No mode defined for component null
2026-05-05 17:25:56,775 [WARN] ModelIntegratedComponent:63 - No mode defined for component null
2026-05-05 17:25:56,775 [WARN] ModelIntegratedComponent:63 - No mode defined for component null
2026-05-05 17:25:56,775 [WARN] ModelIntegratedComponent:63 - No mode defined for component null
2026-05-05 17:25:56,775 [WARN] ModelIntegratedComponent:63 - No mode defined for component null
2026-05-05 17:25:56,775 [WARN] ModelIntegratedComponent:63 - No mode defined for component null
2026-05-05 17:25:56,776 [WARN] ModelIntegratedComponent:63 - No mode defined for component null
2026-05-05 17:25:56,776 [WARN] ModelPack:524 - Component already loaded: STMicroelectronics:HAL Drivers:0.0.0:STMicroelectronics:Device:STMicro_Driver:XSPI:HAL::0.0.1:HAL_XSPI
2026-05-05 17:25:56,781 [INFO] RtosManager:558 - Registered RTOS mode: class=RTOS, group=ThreadX, mode=Core, owner=THREADX
2026-05-05 17:25:57,002 [INFO] ThirdPartyModel:298 - Start build external matchings
2026-05-05 17:25:58,738 [INFO] ThirdPartyModel:316 - End build external matchings
2026-05-05 17:25:59,069 [INFO] UtilMem:75 - End LoadConfig() Used Memory: 878534664 Bytes (1073741824)
2026-05-05 17:26:06,964 [INFO] BspBoardWizard:580 - Analytics plugin initialized with success
2026-05-05 17:26:07,333 [INFO] BspBoardWizard:580 - Analytics plugin initialized with success
2026-05-05 17:26:07,449 [INFO] BspBoardWizard:580 - Analytics plugin initialized with success
2026-05-05 17:26:07,592 [WARN] ThirdParty:833 - waiting for thirdparty lock release [change project]
2026-05-05 17:26:07,593 [INFO] ThirdParty:835 - entering critical section [change project]
2026-05-05 17:26:07,593 [INFO] ThirdParty:1030 - CMSIS Pack Vendor :STMicroelectronics X-CUBE-AZRTOS-H7 3.5.0
2026-05-05 17:26:07,593 [INFO] ThirdParty:1030 - CMSIS Pack Vendor :STMicroelectronics X-CUBE-PM33A1 1.0.0
2026-05-05 17:26:07,593 [INFO] ThirdParty:1030 - CMSIS Pack Vendor :STMicroelectronics USBPD 4.1
2026-05-05 17:26:07,593 [INFO] ThirdParty:1030 - CMSIS Pack Vendor :STMicroelectronics X-CUBE-NFC9 1.0.0
2026-05-05 17:26:07,593 [INFO] ThirdParty:1030 - CMSIS Pack Vendor :STMicroelectronics USB_HOST 2.0.0
2026-05-05 17:26:07,593 [INFO] ThirdParty:1030 - CMSIS Pack Vendor :STMicroelectronics FP-SNS-MOTENVWB1 1.4.0
2026-05-05 17:26:07,593 [INFO] ThirdParty:1030 - CMSIS Pack Vendor :STMicroelectronics X-CUBE-AZRTOS-F4 1.1.0
2026-05-05 17:26:07,593 [INFO] ThirdParty:1030 - CMSIS Pack Vendor :STMicroelectronics LIBJPEG 8.0.0
2026-05-05 17:26:07,595 [INFO] ThirdParty:1030 - CMSIS Pack Vendor :STMicroelectronics FP-ATR-ASTRA1 2.0.2
2026-05-05 17:26:07,595 [INFO] ThirdParty:1030 - CMSIS Pack Vendor :wolfSSL I-CUBE-wolfSSL 5.8.2
2026-05-05 17:26:07,595 [INFO] ThirdParty:1030 - CMSIS Pack Vendor :STMicroelectronics X-CUBE-BLE1 7.1.0
2026-05-05 17:26:07,595 [INFO] ThirdParty:1030 - CMSIS Pack Vendor :STMicroelectronics X-CUBE-SMBUS 2.1.0
2026-05-05 17:26:07,595 [INFO] ThirdParty:1030 - CMSIS Pack Vendor :wolfSSL I-CUBE-wolfMQTT 1.19.2
2026-05-05 17:26:07,595 [INFO] ThirdParty:1030 - CMSIS Pack Vendor :STMicroelectronics USB_DEVICE 3.0.0
2026-05-05 17:26:07,595 [INFO] ThirdParty:1030 - CMSIS Pack Vendor :STMicroelectronics X-CUBE-ISPU 2.1.0
2026-05-05 17:26:07,595 [INFO] ThirdParty:1030 - CMSIS Pack Vendor :STMicroelectronics X-CUBE-FREERTOS 1.4.0
2026-05-05 17:26:07,595 [INFO] ThirdParty:1030 - CMSIS Pack Vendor :STMicroelectronics eDS-WB_DPC_TT-BIDIR 2.1.1
2026-05-05 17:26:07,595 [INFO] ThirdParty:1030 - CMSIS Pack Vendor :STMicroelectronics X-CUBE-AZRTOS-WB 2.0.0
2026-05-05 17:26:07,595 [INFO] ThirdParty:1030 - CMSIS Pack Vendor :STMicroelectronics X-CUBE-AZRTOS-F7 1.1.0
2026-05-05 17:26:07,595 [INFO] ThirdParty:1030 - CMSIS Pack Vendor :STMicroelectronics X-CUBE-AZRTOS-L5 2.0.0
2026-05-05 17:26:07,596 [INFO] ThirdParty:1030 - CMSIS Pack Vendor :STMicroelectronics USB_DEVICE 2.0.0
2026-05-05 17:26:07,596 [INFO] ThirdParty:1030 - CMSIS Pack Vendor :STMicroelectronics X-CUBE-NFC6 3.1.0
2026-05-05 17:26:07,596 [INFO] ThirdParty:1030 - CMSIS Pack Vendor :Cesanta I-CUBE-Mongoose 7.19.0
2026-05-05 17:26:07,596 [INFO] ThirdParty:1030 - CMSIS Pack Vendor :STMicroelectronics FP-SNS-STAIOTCFT 1.1.0
2026-05-05 17:26:07,596 [INFO] ThirdParty:1030 - CMSIS Pack Vendor :quantropi X-CUBE-qispace-sdk-base 2.1.0
2026-05-05 17:26:07,596 [INFO] ThirdParty:1030 - CMSIS Pack Vendor :STMicroelectronics X-CUBE-MEMS1 12.0.0
2026-05-05 17:26:07,596 [INFO] ThirdParty:1030 - CMSIS Pack Vendor :STMicroelectronics X-CUBE-STSE01 2.0.0
2026-05-05 17:26:07,596 [INFO] ThirdParty:1030 - CMSIS Pack Vendor :STMicroelectronics FreeRTOS 0.0.1
2026-05-05 17:26:07,596 [INFO] ThirdParty:1030 - CMSIS Pack Vendor :STMicroelectronics X-CUBE-AZRTOS-G0 1.1.0
2026-05-05 17:26:07,596 [INFO] ThirdParty:1030 - CMSIS Pack Vendor :STMicroelectronics X-CUBE-SAFEA1 1.2.2
2026-05-05 17:26:07,597 [INFO] ThirdParty:1030 - CMSIS Pack Vendor :STMicroelectronics X-CUBE-NFC4 3.0.0
2026-05-05 17:26:07,597 [INFO] ThirdParty:1030 - CMSIS Pack Vendor :STMicroelectronics X-CUBE-SUBG2 5.0.0
2026-05-05 17:26:07,597 [INFO] ThirdParty:1030 - CMSIS Pack Vendor :STMicroelectronics X-CUBE-AZRTOS-H7RS 1.1.0
2026-05-05 17:26:07,597 [INFO] ThirdParty:1030 - CMSIS Pack Vendor :STMicroelectronics STM32_WPAN 1.0.0
2026-05-05 17:26:07,597 [INFO] ThirdParty:1030 - CMSIS Pack Vendor :STMicroelectronics eDS-WB_DPC_VIENNA 1.2.0
2026-05-05 17:26:07,597 [INFO] ThirdParty:1030 - CMSIS Pack Vendor :EmbeddedOffice I-CUBE-FS-RTOS 1.0.1
2026-05-05 17:26:07,597 [INFO] ThirdParty:1030 - CMSIS Pack Vendor :STMicroelectronics lwIP 2.0.3
2026-05-05 17:26:07,597 [INFO] ThirdParty:1030 - CMSIS Pack Vendor :WES I-CUBE-Cesium 1.4.0
2026-05-05 17:26:07,597 [INFO] ThirdParty:1030 - CMSIS Pack Vendor :STMicroelectronics eDS-WB_DPC_3PH2L-BIDIR 1.1.1
2026-05-05 17:26:07,597 [INFO] ThirdParty:1030 - CMSIS Pack Vendor :STMicroelectronics USB_HOST 1.0.0
2026-05-05 17:26:07,597 [INFO] ThirdParty:1030 - CMSIS Pack Vendor :Infineon AIROC-Wi-Fi-Bluetooth-STM32 1.7.1
2026-05-05 17:26:07,599 [INFO] ThirdParty:1030 - CMSIS Pack Vendor :STMicroelectronics X-CUBE-AZRTOS-G4 2.0.0
2026-05-05 17:26:07,599 [INFO] ThirdParty:1030 - CMSIS Pack Vendor :STMicroelectronics X-CUBE-WB05N 2.0.0
2026-05-05 17:26:07,599 [INFO] ThirdParty:1030 - CMSIS Pack Vendor :STMicroelectronics PDM2PCM 3.1.0
2026-05-05 17:26:07,599 [INFO] ThirdParty:1030 - CMSIS Pack Vendor :STMicroelectronics PDM2PCM 3.3.0
2026-05-05 17:26:07,599 [INFO] ThirdParty:1030 - CMSIS Pack Vendor :wolfSSL I-CUBE-wolfTPM 3.8.0
2026-05-05 17:26:07,599 [INFO] ThirdParty:1030 - CMSIS Pack Vendor :STMicroelectronics X-CUBE-AZRTOS-H7 3.4.0
2026-05-05 17:26:07,599 [INFO] ThirdParty:1030 - CMSIS Pack Vendor :STMicroelectronics X-CUBE-DISPLAY 3.0.0
2026-05-05 17:26:07,599 [INFO] ThirdParty:1030 - CMSIS Pack Vendor :wolfSSL I-CUBE-wolfSSH 1.4.20
2026-05-05 17:26:07,599 [INFO] ThirdParty:1030 - CMSIS Pack Vendor :STMicroelectronics X-CUBE-NFC7 2.0.0
2026-05-05 17:26:07,599 [INFO] ThirdParty:1030 - CMSIS Pack Vendor :STMicroelectronics X-CUBE-GNSS1 7.1.1
2026-05-05 17:26:07,599 [INFO] ThirdParty:1030 - CMSIS Pack Vendor :STMicroelectronics FP-SNS-MOTENVWB1 1.5.0
2026-05-05 17:26:07,600 [INFO] ThirdParty:1030 - CMSIS Pack Vendor :STMicroelectronics X-CUBE-TCPP 4.2.0
2026-05-05 17:26:07,600 [INFO] ThirdParty:1030 - CMSIS Pack Vendor :RealThread X-CUBE-RT-Thread_Nano 4.1.1
2026-05-05 17:26:07,600 [INFO] ThirdParty:1030 - CMSIS Pack Vendor :STMicroelectronics FP-ATR-SIGFOX1 3.2.0
2026-05-05 17:26:07,600 [INFO] ThirdParty:1030 - CMSIS Pack Vendor :STMicroelectronics X-CUBE-NFC10 1.0.0
2026-05-05 17:26:07,600 [INFO] ThirdParty:1030 - CMSIS Pack Vendor :STMicroelectronics X-CUBE-FREERTOS 1.3.1
2026-05-05 17:26:07,600 [INFO] ThirdParty:1030 - CMSIS Pack Vendor :STMicroelectronics HAL Drivers 0.0.0
2026-05-05 17:26:07,600 [INFO] ThirdParty:1030 - CMSIS Pack Vendor :STMicroelectronics X-CUBE-FREERTOS 1.5.0
2026-05-05 17:26:07,600 [INFO] ThirdParty:1030 - CMSIS Pack Vendor :STMicroelectronics MBEDTLS 2.16.2
2026-05-05 17:26:07,600 [INFO] ThirdParty:1030 - CMSIS Pack Vendor :STMicroelectronics X-CUBE-ALS 1.0.2
2026-05-05 17:26:07,600 [INFO] ThirdParty:1030 - CMSIS Pack Vendor :emotas I-CUBE-CANOPEN 1.3.0
2026-05-05 17:26:07,600 [INFO] ThirdParty:1030 - CMSIS Pack Vendor :STMicroelectronics MBEDTLS 2.14.1
2026-05-05 17:26:07,600 [INFO] ThirdParty:1030 - CMSIS Pack Vendor :STMicroelectronics X-CUBE-GNSS1 7.1.0
2026-05-05 17:26:07,602 [INFO] ThirdParty:1030 - CMSIS Pack Vendor :ITTIA_DB I-CUBE-ITTIADB 8.9.0
2026-05-05 17:26:07,602 [INFO] ThirdParty:1030 - CMSIS Pack Vendor :STMicroelectronics X-CUBE-TOUCHGFX 4.26.0
2026-05-05 17:26:07,602 [INFO] ThirdParty:1030 - CMSIS Pack Vendor :STMicroelectronics X-CUBE-STSE01 1.0.0
2026-05-05 17:26:07,602 [INFO] ThirdParty:1030 - CMSIS Pack Vendor :STMicroelectronics X-CUBE-TOUCHGFX 4.26.1
2026-05-05 17:26:07,602 [INFO] ThirdParty:1030 - CMSIS Pack Vendor :STMicroelectronics X-CUBE-NFC6 3.2.0
2026-05-05 17:26:07,602 [INFO] ThirdParty:1030 - CMSIS Pack Vendor :STMicroelectronics FP-SNS-STAIOTCFT 1.0.0
2026-05-05 17:26:07,602 [INFO] ThirdParty:1030 - CMSIS Pack Vendor :STMicroelectronics ThreadX 1.0.0
2026-05-05 17:26:07,602 [INFO] ThirdParty:1030 - CMSIS Pack Vendor :STMicroelectronics FP-SNS-SMARTAG2 1.2.0
2026-05-05 17:26:07,602 [INFO] ThirdParty:1030 - CMSIS Pack Vendor :STMicroelectronics X-CUBE-MEMS1 12.1.0
2026-05-05 17:26:07,602 [INFO] ThirdParty:1030 - CMSIS Pack Vendor :STMicroelectronics FP-SNS-FLIGHT1 5.1.0
2026-05-05 17:26:07,602 [INFO] ThirdParty:1030 - CMSIS Pack Vendor :STMicroelectronics X-CUBE-AZRTOS-WL 2.0.0
2026-05-05 17:26:07,603 [INFO] ThirdParty:1030 - CMSIS Pack Vendor :SEGGER I-CUBE-embOS 1.3.1
2026-05-05 17:26:07,603 [INFO] ThirdParty:1030 - CMSIS Pack Vendor :STMicroelectronics X-CUBE-ALGOBUILD 1.4.0
2026-05-05 17:26:07,603 [INFO] ThirdParty:1030 - CMSIS Pack Vendor :STMicroelectronics X-CUBE-DPower 1.3.0
2026-05-05 17:26:07,603 [INFO] ThirdParty:1030 - CMSIS Pack Vendor :STMicroelectronics X-CUBE-MEMS1 11.3.0
2026-05-05 17:26:07,603 [INFO] ThirdParty:1030 - CMSIS Pack Vendor :STMicroelectronics USB_DEVICE 1.0.0
2026-05-05 17:26:07,603 [INFO] ThirdParty:1030 - CMSIS Pack Vendor :STMicroelectronics X-CUBE-AZRTOS-H7RS 1.2.0
2026-05-05 17:26:07,603 [INFO] ThirdParty:1030 - CMSIS Pack Vendor :STMicroelectronics X-CUBE-AZRTOS-L4 2.0.0
2026-05-05 17:26:07,603 [INFO] ThirdParty:1030 - CMSIS Pack Vendor :STMicroelectronics ThreadX 0.0.2
2026-05-05 17:26:07,603 [INFO] ThirdParty:1030 - CMSIS Pack Vendor :STMicroelectronics lwIP 2.1.2
2026-05-05 17:26:07,603 [INFO] ThirdParty:1030 - CMSIS Pack Vendor :STMicroelectronics X-CUBE-SFXS2LP1 4.0.0
2026-05-05 17:26:07,603 [INFO] ThirdParty:1030 - CMSIS Pack Vendor :STMicroelectronics X-CUBE-BLE2 3.3.0
2026-05-05 17:26:07,603 [INFO] ThirdParty:1030 - CMSIS Pack Vendor :Avnet-IOTCONNECT X-CUBE-iotc-st67-sdk 1.0.0
2026-05-05 17:26:07,603 [INFO] ThirdParty:1030 - CMSIS Pack Vendor :STMicroelectronics X-CUBE-TOF1 3.4.3
2026-05-05 17:26:07,603 [INFO] ThirdParty:1030 - CMSIS Pack Vendor :STMicroelectronics PDM2PCM 3.2.0
2026-05-05 17:26:07,604 [INFO] ThirdParty:1030 - CMSIS Pack Vendor :STMicroelectronics X-CUBE-WB05N 2.1.0
2026-05-05 17:26:07,604 [INFO] ThirdParty:1030 - CMSIS Pack Vendor :STMicroelectronics X-CUBE-ST67W61 1.2.0
2026-05-05 17:26:07,604 [INFO] ThirdParty:841 - exiting critical section [change project]
2026-05-05 17:26:07,896 [INFO] PinOutPanel:1589 - setPackage(No Configuration,No Configuration)
2026-05-05 17:26:07,898 [INFO] PinOutPanel:1589 - setPackage(STM32C071RBTx,LQFP64_GP)
2026-05-05 17:26:08,191 [INFO] UtilMem:75 - Before build in PCC Used Memory: 845720048 Bytes (1073741824)
2026-05-05 17:26:09,119 [INFO] UtilMem:75 - After build in PCC Used Memory: 984140248 Bytes (1073741824)
2026-05-05 17:26:09,150 [INFO] IPUIPlugin:80 - create IPUIPlugin
2026-05-05 17:26:09,151 [INFO] IPUIPlugin:80 - create IPUIPlugin
2026-05-05 17:26:09,151 [INFO] IPUIPlugin:80 - create IPUIPlugin
2026-05-05 17:26:09,151 [INFO] IPUIPlugin:80 - create IPUIPlugin
2026-05-05 17:26:09,152 [INFO] IPUIPlugin:80 - create IPUIPlugin
2026-05-05 17:26:09,152 [INFO] IPUIPlugin:80 - create IPUIPlugin
2026-05-05 17:26:09,152 [INFO] IPUIPlugin:80 - create IPUIPlugin
2026-05-05 17:26:09,152 [INFO] IPUIPlugin:80 - create IPUIPlugin
2026-05-05 17:26:09,153 [INFO] IPUIPlugin:80 - create IPUIPlugin
2026-05-05 17:26:09,153 [INFO] IPUIPlugin:80 - create IPUIPlugin
2026-05-05 17:26:09,153 [INFO] IPUIPlugin:80 - create IPUIPlugin
2026-05-05 17:26:09,153 [INFO] IPUIPlugin:80 - create IPUIPlugin
2026-05-05 17:26:09,154 [INFO] IPUIPlugin:80 - create IPUIPlugin
2026-05-05 17:26:09,154 [INFO] IPUIPlugin:80 - create IPUIPlugin
2026-05-05 17:26:09,154 [INFO] IPUIPlugin:80 - create IPUIPlugin
2026-05-05 17:26:09,156 [INFO] IPUIPlugin:80 - create IPUIPlugin
2026-05-05 17:26:09,156 [INFO] IPUIPlugin:80 - create IPUIPlugin
2026-05-05 17:26:09,156 [INFO] IPUIPlugin:80 - create IPUIPlugin
2026-05-05 17:26:09,157 [INFO] IPUIPlugin:80 - create IPUIPlugin
2026-05-05 17:26:09,157 [INFO] IPUIPlugin:80 - create IPUIPlugin
2026-05-05 17:26:09,157 [INFO] IPUIPlugin:80 - create IPUIPlugin
2026-05-05 17:26:09,158 [INFO] IPUIPlugin:80 - create IPUIPlugin
2026-05-05 17:26:09,158 [INFO] IPUIPlugin:80 - create IPUIPlugin
2026-05-05 17:26:09,158 [INFO] IPUIPlugin:80 - create IPUIPlugin
2026-05-05 17:26:09,158 [INFO] IPUIPlugin:80 - create IPUIPlugin
2026-05-05 17:26:09,159 [INFO] IPUIPlugin:80 - create IPUIPlugin
2026-05-05 17:26:09,159 [INFO] IPUIPlugin:80 - create IPUIPlugin
2026-05-05 17:26:09,160 [INFO] IPUIPlugin:80 - create IPUIPlugin
2026-05-05 17:26:09,160 [INFO] IPUIPlugin:80 - create IPUIPlugin
2026-05-05 17:26:09,160 [INFO] IPUIPlugin:80 - create IPUIPlugin
2026-05-05 17:26:09,160 [INFO] IPUIPlugin:80 - create IPUIPlugin
2026-05-05 17:26:09,161 [INFO] IPUIPlugin:80 - create IPUIPlugin
2026-05-05 17:26:09,161 [INFO] IPUIPlugin:80 - create IPUIPlugin
2026-05-05 17:26:09,161 [INFO] IPUIPlugin:80 - create IPUIPlugin
2026-05-05 17:26:09,163 [INFO] IPUIPlugin:80 - create IPUIPlugin
2026-05-05 17:26:09,163 [INFO] IPUIPlugin:80 - create IPUIPlugin
2026-05-05 17:26:09,261 [INFO] CADModel:165 - CPN selected for project levelSTM32C071RBT6
2026-05-05 17:26:09,262 [INFO] CADModel:114 - Register for checkConnection events
2026-05-05 17:26:09,323 [INFO] OpenFileManager:386 - Restore cursor
2026-05-05 17:26:09,978 [INFO] UtilMem:75 - End SaveConfig() Used Memory: 806791368 Bytes (1073741824)
2026-05-05 17:26:10,063 [INFO] UtilMem:75 - End SaveConfig() Used Memory: 821992496 Bytes (1073741824)
2026-05-05 17:26:10,432 [INFO] BlockDiagram:2775 - set Specific Code input for plugin: NVIC
2026-05-05 17:26:10,432 [INFO] BlockDiagram:2775 - set Specific Code input for plugin: NUCLEO-C071RB
2026-05-05 17:26:10,432 [INFO] BlockDiagram:2775 - set Specific Code input for plugin: SYS
2026-05-05 17:26:10,432 [INFO] BlockDiagram:2775 - set Specific Code input for plugin: RCC
2026-05-05 17:26:10,433 [INFO] CodeGenerator:892 - code generatio: config db path: D:\STM32CubeIDE_1.19.0\STM32CubeIDE\plugins\com.st.stm32cube.common.mx_6.15.0.202507011659\\db\
2026-05-05 17:26:10,554 [INFO] CodeEngine:265 - oldGeneratedFile, D:\Strataroh_Git\25_SV09_Internship_Projects_FW\Asmita_04052026\ADC\MXTmpFiles\license.tmp_save
2026-05-05 17:26:11,183 [INFO] CodeEngine:289 - Generated code: D:\Strataroh_Git\25_SV09_Internship_Projects_FW\Asmita_04052026\ADC\MXTmpFiles\license.tmp
2026-05-05 17:26:11,252 [INFO] CodeEngine:265 - oldGeneratedFile, D:\Strataroh_Git\25_SV09_Internship_Projects_FW\Asmita_04052026\ADC\MXTmpFiles\cortex.tmp_save
2026-05-05 17:26:11,534 [ERROR] IocParser:95 - Exception caught: Cannot invoke "java.lang.CharSequence.length()" because "this.text" is null
2026-05-05 17:26:11,574 [INFO] CodeEngine:289 - Generated code: D:\Strataroh_Git\25_SV09_Internship_Projects_FW\Asmita_04052026\ADC\MXTmpFiles\cortex.tmp
2026-05-05 17:26:11,590 [INFO] CodeEngine:265 - oldGeneratedFile, D:\Strataroh_Git\25_SV09_Internship_Projects_FW\Asmita_04052026\ADC\Core\Inc\stm32c0xx_nucleo_conf.h_save
2026-05-05 17:26:11,854 [INFO] CodeEngine:289 - Generated code: D:\Strataroh_Git\25_SV09_Internship_Projects_FW\Asmita_04052026\ADC\Core\Inc\stm32c0xx_nucleo_conf.h
2026-05-05 17:26:11,863 [INFO] CodeEngine:265 - oldGeneratedFile, D:\Strataroh_Git\25_SV09_Internship_Projects_FW\Asmita_04052026\ADC\MXTmpFiles\bsp_inc.tmp_save
2026-05-05 17:26:12,036 [INFO] CodeEngine:289 - Generated code: D:\Strataroh_Git\25_SV09_Internship_Projects_FW\Asmita_04052026\ADC\MXTmpFiles\bsp_inc.tmp
2026-05-05 17:26:12,045 [INFO] CodeEngine:265 - oldGeneratedFile, D:\Strataroh_Git\25_SV09_Internship_Projects_FW\Asmita_04052026\ADC\MXTmpFiles\bsp_common_vars.tmp_save
2026-05-05 17:26:12,197 [INFO] CodeEngine:289 - Generated code: D:\Strataroh_Git\25_SV09_Internship_Projects_FW\Asmita_04052026\ADC\MXTmpFiles\bsp_common_vars.tmp
2026-05-05 17:26:12,206 [INFO] CodeEngine:265 - oldGeneratedFile, D:\Strataroh_Git\25_SV09_Internship_Projects_FW\Asmita_04052026\ADC\MXTmpFiles\bsp_common_init.tmp_save
2026-05-05 17:26:12,345 [INFO] CodeEngine:289 - Generated code: D:\Strataroh_Git\25_SV09_Internship_Projects_FW\Asmita_04052026\ADC\MXTmpFiles\bsp_common_init.tmp
2026-05-05 17:26:12,353 [INFO] CodeEngine:265 - oldGeneratedFile, D:\Strataroh_Git\25_SV09_Internship_Projects_FW\Asmita_04052026\ADC\MXTmpFiles\bsp_common_demo_before_while.tmp_save
2026-05-05 17:26:12,480 [INFO] CodeEngine:289 - Generated code: D:\Strataroh_Git\25_SV09_Internship_Projects_FW\Asmita_04052026\ADC\MXTmpFiles\bsp_common_demo_before_while.tmp
2026-05-05 17:26:12,489 [INFO] CodeEngine:265 - oldGeneratedFile, D:\Strataroh_Git\25_SV09_Internship_Projects_FW\Asmita_04052026\ADC\MXTmpFiles\bsp_common_demo_inside_while.tmp_save
2026-05-05 17:26:12,605 [INFO] CodeEngine:289 - Generated code: D:\Strataroh_Git\25_SV09_Internship_Projects_FW\Asmita_04052026\ADC\MXTmpFiles\bsp_common_demo_inside_while.tmp
2026-05-05 17:26:12,611 [INFO] CodeEngine:265 - oldGeneratedFile, D:\Strataroh_Git\25_SV09_Internship_Projects_FW\Asmita_04052026\ADC\MXTmpFiles\bsp_common_demo_fct.tmp_save
2026-05-05 17:26:12,713 [INFO] CodeEngine:289 - Generated code: D:\Strataroh_Git\25_SV09_Internship_Projects_FW\Asmita_04052026\ADC\MXTmpFiles\bsp_common_demo_fct.tmp
2026-05-05 17:26:12,727 [INFO] CodeEngine:265 - oldGeneratedFile, D:\Strataroh_Git\25_SV09_Internship_Projects_FW\Asmita_04052026\ADC\Core\Src\stm32c0xx_it.c_save
2026-05-05 17:26:13,161 [INFO] CodeEngine:289 - Generated code: D:\Strataroh_Git\25_SV09_Internship_Projects_FW\Asmita_04052026\ADC\Core\Src\stm32c0xx_it.c
2026-05-05 17:26:13,168 [INFO] CodeEngine:265 - oldGeneratedFile, D:\Strataroh_Git\25_SV09_Internship_Projects_FW\Asmita_04052026\ADC\Core\Inc\stm32c0xx_it.h_save
2026-05-05 17:26:13,298 [INFO] CodeEngine:289 - Generated code: D:\Strataroh_Git\25_SV09_Internship_Projects_FW\Asmita_04052026\ADC\Core\Inc\stm32c0xx_it.h
2026-05-05 17:26:13,330 [INFO] CodeEngine:265 - oldGeneratedFile, D:\Strataroh_Git\25_SV09_Internship_Projects_FW\Asmita_04052026\ADC\Core\Src\stm32c0xx_hal_msp.c_save
2026-05-05 17:26:13,592 [INFO] CodeEngine:289 - Generated code: D:\Strataroh_Git\25_SV09_Internship_Projects_FW\Asmita_04052026\ADC\Core\Src\stm32c0xx_hal_msp.c
2026-05-05 17:26:13,601 [INFO] CodeEngine:265 - oldGeneratedFile, D:\Strataroh_Git\25_SV09_Internship_Projects_FW\Asmita_04052026\ADC\MXTmpFiles\system.tmp_save
2026-05-05 17:26:13,698 [INFO] CodeEngine:289 - Generated code: D:\Strataroh_Git\25_SV09_Internship_Projects_FW\Asmita_04052026\ADC\MXTmpFiles\system.tmp
2026-05-05 17:26:13,712 [INFO] CodeEngine:321 - oldGeneratedFile, D:\Strataroh_Git\25_SV09_Internship_Projects_FW\Asmita_04052026\ADC\Core\Inc\stm32c0xx_hal_conf.h_save
2026-05-05 17:26:13,938 [INFO] CodeEngine:345 - Generated code: D:\Strataroh_Git\25_SV09_Internship_Projects_FW\Asmita_04052026\ADC\Core\Inc\stm32c0xx_hal_conf.h
2026-05-05 17:26:13,987 [WARN] IPConfigManager:3238 - Warning: the RefConfig RCC_PClockConfig is not available in your config.xml file
2026-05-05 17:26:13,988 [WARN] IPConfigManager:3238 - Warning: the RefConfig RCC_interrupt_Time_SYSTICK_Config is not available in your config.xml file
2026-05-05 17:26:13,995 [INFO] ApiDbMcu:532 - Load IP Config File for RCC
2026-05-05 17:26:14,006 [INFO] CodeEngine:265 - oldGeneratedFile, D:\Strataroh_Git\25_SV09_Internship_Projects_FW\Asmita_04052026\ADC\Core\Inc\main.h_save
2026-05-05 17:26:14,235 [INFO] CodeEngine:289 - Generated code: D:\Strataroh_Git\25_SV09_Internship_Projects_FW\Asmita_04052026\ADC\Core\Inc\main.h
2026-05-05 17:26:14,241 [INFO] CodeEngine:265 - oldGeneratedFile, D:\Strataroh_Git\25_SV09_Internship_Projects_FW\Asmita_04052026\ADC\Core\Src\main.c_save
2026-05-05 17:26:14,431 [INFO] CodeEngine:289 - Generated code: D:\Strataroh_Git\25_SV09_Internship_Projects_FW\Asmita_04052026\ADC\Core\Src\main.c
2026-05-05 17:26:14,905 [INFO] ProjectBuilder:3606 - Time for Copy HAL[1] : 211mS.
2026-05-05 17:26:14,910 [INFO] ProjectBuilder:5216 - Project Generator version: 4.7.0-B52
2026-05-05 17:26:15,035 [INFO] ConfigFileManager:1595 - The Die is : DIE493
2026-05-05 17:26:15,041 [INFO] ApiDbMcu:532 - Load IP Config File for FILEX
2026-05-05 17:26:15,043 [INFO] ApiDbMcu:532 - Load IP Config File for LEVELX
2026-05-05 17:26:15,047 [INFO] ApiDbMcu:532 - Load IP Config File for THREADX
2026-05-05 17:26:15,059 [INFO] ApiDbMcu:532 - Load IP Config File for USBX
2026-05-05 17:26:17,775 [INFO] ProjectBuilder:5496 - Time for Generating toolchain IDE Files: 2865mS.
2026-05-05 17:26:17,776 [INFO] ProjectBuilder:3463 - Time for Copy CMSIS : 0mS.
2026-05-05 17:26:17,778 [INFO] ProjectBuilder:3463 - Time for Copy CMSIS : 0mS.
2026-05-05 17:26:18,717 [INFO] McuFinderGlobals:76 - Set McuFinderConnectedMode to true
2026-05-05 17:26:18,720 [INFO] ApiDb:448 - Save user favorites file C:\Users\Asmita Milind Bagad/.stm32cubeide/favorites.mcus.txt: 0 item(s)
2026-05-05 17:26:18,720 [INFO] ApiDb:452 - User favorites MCUs=[]
2026-05-05 17:26:18,724 [INFO] ApiDb:448 - Save user favorites file C:\Users\Asmita Milind Bagad/.stm32cubeide/favorites.boards.txt: 0 item(s)
2026-05-05 17:26:18,724 [INFO] ApiDb:452 - User favorites Boards=[]
2026-05-05 17:31:39,459 [INFO] UtilMem:75 - End SaveConfig() Used Memory: 781911688 Bytes (1073741824)
2026-05-05 17:31:39,667 [INFO] UtilMem:75 - End SaveConfig() Used Memory: 802883208 Bytes (1073741824)
2026-05-05 17:31:40,645 [ERROR] IocParser:95 - Exception caught: Cannot invoke "java.lang.CharSequence.length()" because "this.text" is null
2026-05-05 17:31:41,629 [INFO] UtilMem:75 - End SaveConfig() Used Memory: 873664136 Bytes (1073741824)
2026-05-05 17:31:41,761 [ERROR] IocParser:95 - Exception caught: Cannot invoke "java.lang.CharSequence.length()" because "this.text" is null
2026-05-05 17:31:41,861 [INFO] BlockDiagram:2775 - set Specific Code input for plugin: NVIC
2026-05-05 17:31:41,861 [INFO] BlockDiagram:2775 - set Specific Code input for plugin: NUCLEO-C071RB
2026-05-05 17:31:41,862 [INFO] BlockDiagram:2775 - set Specific Code input for plugin: SYS
2026-05-05 17:31:41,862 [INFO] BlockDiagram:2775 - set Specific Code input for plugin: RCC
2026-05-05 17:31:41,863 [INFO] CodeGenerator:892 - code generatio: config db path: D:\STM32CubeIDE_1.19.0\STM32CubeIDE\plugins\com.st.stm32cube.common.mx_6.15.0.202507011659\\db\
2026-05-05 17:31:42,006 [INFO] CodeEngine:265 - oldGeneratedFile, D:\Strataroh_Git\25_SV09_Internship_Projects_FW\Asmita_04052026\ADC\MXTmpFiles\license.tmp_save
2026-05-05 17:31:42,231 [INFO] CodeEngine:289 - Generated code: D:\Strataroh_Git\25_SV09_Internship_Projects_FW\Asmita_04052026\ADC\MXTmpFiles\license.tmp
2026-05-05 17:31:42,254 [INFO] CodeEngine:265 - oldGeneratedFile, D:\Strataroh_Git\25_SV09_Internship_Projects_FW\Asmita_04052026\ADC\MXTmpFiles\cortex.tmp_save
2026-05-05 17:31:42,496 [INFO] CodeEngine:289 - Generated code: D:\Strataroh_Git\25_SV09_Internship_Projects_FW\Asmita_04052026\ADC\MXTmpFiles\cortex.tmp
2026-05-05 17:31:42,518 [INFO] CodeEngine:265 - oldGeneratedFile, D:\Strataroh_Git\25_SV09_Internship_Projects_FW\Asmita_04052026\ADC\Core\Inc\stm32c0xx_nucleo_conf.h_save
2026-05-05 17:31:42,735 [INFO] CodeEngine:289 - Generated code: D:\Strataroh_Git\25_SV09_Internship_Projects_FW\Asmita_04052026\ADC\Core\Inc\stm32c0xx_nucleo_conf.h
2026-05-05 17:31:42,742 [INFO] CodeEngine:265 - oldGeneratedFile, D:\Strataroh_Git\25_SV09_Internship_Projects_FW\Asmita_04052026\ADC\MXTmpFiles\bsp_inc.tmp_save
2026-05-05 17:31:42,845 [INFO] CodeEngine:289 - Generated code: D:\Strataroh_Git\25_SV09_Internship_Projects_FW\Asmita_04052026\ADC\MXTmpFiles\bsp_inc.tmp
2026-05-05 17:31:42,855 [INFO] CodeEngine:265 - oldGeneratedFile, D:\Strataroh_Git\25_SV09_Internship_Projects_FW\Asmita_04052026\ADC\MXTmpFiles\bsp_common_vars.tmp_save
2026-05-05 17:31:42,961 [INFO] CodeEngine:289 - Generated code: D:\Strataroh_Git\25_SV09_Internship_Projects_FW\Asmita_04052026\ADC\MXTmpFiles\bsp_common_vars.tmp
2026-05-05 17:31:42,970 [INFO] CodeEngine:265 - oldGeneratedFile, D:\Strataroh_Git\25_SV09_Internship_Projects_FW\Asmita_04052026\ADC\MXTmpFiles\bsp_common_init.tmp_save
2026-05-05 17:31:43,090 [INFO] CodeEngine:289 - Generated code: D:\Strataroh_Git\25_SV09_Internship_Projects_FW\Asmita_04052026\ADC\MXTmpFiles\bsp_common_init.tmp
2026-05-05 17:31:43,099 [INFO] CodeEngine:265 - oldGeneratedFile, D:\Strataroh_Git\25_SV09_Internship_Projects_FW\Asmita_04052026\ADC\MXTmpFiles\bsp_common_demo_before_while.tmp_save
2026-05-05 17:31:43,198 [INFO] CodeEngine:289 - Generated code: D:\Strataroh_Git\25_SV09_Internship_Projects_FW\Asmita_04052026\ADC\MXTmpFiles\bsp_common_demo_before_while.tmp
2026-05-05 17:31:43,206 [INFO] CodeEngine:265 - oldGeneratedFile, D:\Strataroh_Git\25_SV09_Internship_Projects_FW\Asmita_04052026\ADC\MXTmpFiles\bsp_common_demo_inside_while.tmp_save
2026-05-05 17:31:43,303 [INFO] CodeEngine:289 - Generated code: D:\Strataroh_Git\25_SV09_Internship_Projects_FW\Asmita_04052026\ADC\MXTmpFiles\bsp_common_demo_inside_while.tmp
2026-05-05 17:31:43,309 [INFO] CodeEngine:265 - oldGeneratedFile, D:\Strataroh_Git\25_SV09_Internship_Projects_FW\Asmita_04052026\ADC\MXTmpFiles\bsp_common_demo_fct.tmp_save
2026-05-05 17:31:43,404 [INFO] CodeEngine:289 - Generated code: D:\Strataroh_Git\25_SV09_Internship_Projects_FW\Asmita_04052026\ADC\MXTmpFiles\bsp_common_demo_fct.tmp
2026-05-05 17:31:43,421 [INFO] CodeEngine:265 - oldGeneratedFile, D:\Strataroh_Git\25_SV09_Internship_Projects_FW\Asmita_04052026\ADC\Core\Src\stm32c0xx_it.c_save
2026-05-05 17:31:43,639 [INFO] CodeEngine:289 - Generated code: D:\Strataroh_Git\25_SV09_Internship_Projects_FW\Asmita_04052026\ADC\Core\Src\stm32c0xx_it.c
2026-05-05 17:31:43,647 [INFO] CodeEngine:265 - oldGeneratedFile, D:\Strataroh_Git\25_SV09_Internship_Projects_FW\Asmita_04052026\ADC\Core\Inc\stm32c0xx_it.h_save
2026-05-05 17:31:43,764 [INFO] CodeEngine:289 - Generated code: D:\Strataroh_Git\25_SV09_Internship_Projects_FW\Asmita_04052026\ADC\Core\Inc\stm32c0xx_it.h
2026-05-05 17:31:43,784 [INFO] CodeEngine:265 - oldGeneratedFile, D:\Strataroh_Git\25_SV09_Internship_Projects_FW\Asmita_04052026\ADC\Core\Src\stm32c0xx_hal_msp.c_save
2026-05-05 17:31:44,027 [INFO] CodeEngine:289 - Generated code: D:\Strataroh_Git\25_SV09_Internship_Projects_FW\Asmita_04052026\ADC\Core\Src\stm32c0xx_hal_msp.c
2026-05-05 17:31:44,034 [INFO] CodeEngine:265 - oldGeneratedFile, D:\Strataroh_Git\25_SV09_Internship_Projects_FW\Asmita_04052026\ADC\MXTmpFiles\system.tmp_save
2026-05-05 17:31:44,131 [INFO] CodeEngine:289 - Generated code: D:\Strataroh_Git\25_SV09_Internship_Projects_FW\Asmita_04052026\ADC\MXTmpFiles\system.tmp
2026-05-05 17:31:44,149 [INFO] CodeEngine:321 - oldGeneratedFile, D:\Strataroh_Git\25_SV09_Internship_Projects_FW\Asmita_04052026\ADC\Core\Inc\stm32c0xx_hal_conf.h_save
2026-05-05 17:31:44,391 [INFO] CodeEngine:345 - Generated code: D:\Strataroh_Git\25_SV09_Internship_Projects_FW\Asmita_04052026\ADC\Core\Inc\stm32c0xx_hal_conf.h
2026-05-05 17:31:44,423 [WARN] IPConfigManager:3238 - Warning: the RefConfig RCC_PClockConfig is not available in your config.xml file
2026-05-05 17:31:44,424 [WARN] IPConfigManager:3238 - Warning: the RefConfig RCC_interrupt_Time_SYSTICK_Config is not available in your config.xml file
2026-05-05 17:31:44,437 [INFO] CodeEngine:265 - oldGeneratedFile, D:\Strataroh_Git\25_SV09_Internship_Projects_FW\Asmita_04052026\ADC\Core\Inc\main.h_save
2026-05-05 17:31:44,636 [INFO] CodeEngine:289 - Generated code: D:\Strataroh_Git\25_SV09_Internship_Projects_FW\Asmita_04052026\ADC\Core\Inc\main.h
2026-05-05 17:31:44,645 [INFO] CodeEngine:265 - oldGeneratedFile, D:\Strataroh_Git\25_SV09_Internship_Projects_FW\Asmita_04052026\ADC\Core\Src\main.c_save
2026-05-05 17:31:44,812 [INFO] CodeEngine:289 - Generated code: D:\Strataroh_Git\25_SV09_Internship_Projects_FW\Asmita_04052026\ADC\Core\Src\main.c
2026-05-05 17:31:45,316 [INFO] ProjectBuilder:3606 - Time for Copy HAL[1] : 241mS.
2026-05-05 17:31:45,322 [INFO] ProjectBuilder:5216 - Project Generator version: 4.7.0-B52
2026-05-05 17:31:45,450 [INFO] ConfigFileManager:1595 - The Die is : DIE493
2026-05-05 17:31:46,377 [INFO] ProjectBuilder:5496 - Time for Generating toolchain IDE Files: 1055mS.
2026-05-05 17:31:46,378 [INFO] ProjectBuilder:3463 - Time for Copy CMSIS : 1mS.
2026-05-05 17:31:46,380 [INFO] ProjectBuilder:3463 - Time for Copy CMSIS : 0mS.
2026-05-05 17:46:12,261 [INFO] Activator:176 - 


2026-05-05 17:46:12,264 [INFO] Activator:177 - !SESSION log4j initialized
2026-05-05 17:46:23,013 [INFO] LogOutputStream:77 - [STDOUT_REDIRECT] 
2026-05-05 17:46:24,864 [INFO] ApplicationProperties:184 - Using Application install path: D:\STM32CubeIDE_1.19.0\STM32CubeIDE\plugins\com.st.stm32cube.common.mx_6.15.0.202507011659
2026-05-05 17:46:24,895 [INFO] DbMcusXml:78 - Set database path to: D:\STM32CubeIDE_1.19.0\STM32CubeIDE\plugins\com.st.stm32cube.common.mx_6.15.0.202507011659\\db\/mcu/
2026-05-05 17:46:24,895 [INFO] ApiDb:274 - Set plugin database path to: D:\STM32CubeIDE_1.19.0\STM32CubeIDE\plugins\com.st.stm32cube.common.mx_6.15.0.202507011659\\db\/plugins/boardmanager/
2026-05-05 17:46:24,895 [WARN] ApiDb:259 - Overriding images path with different value:  => D:\STM32CubeIDE_1.19.0\STM32CubeIDE\plugins\com.st.stm32cube.common.mx_6.15.0.202507011659\\db\/plugins/mcufinder/images/
2026-05-05 17:46:24,907 [INFO] ApiDb:250 - Set database path to: C:\Users\Asmita Milind Bagad\.stmcufinder\plugins\mcufinder//mcu/
2026-05-05 17:46:24,909 [INFO] DbMcusAds:125 - Set database path to: C:\Users\Asmita Milind Bagad\.stmcufinder\plugins\mcufinder//mcu/
2026-05-05 17:46:24,912 [INFO] CrossReferenceDbSqlite:203 - Set database path to: C:\Users\Asmita Milind Bagad\.stmcufinder\plugins\mcufinder//mcu/cs/
2026-05-05 17:46:25,111 [INFO] RulesReader:64 - Compatibility file has been processed (317 Rules)
2026-05-05 17:46:25,266 [INFO] DbMcusXml:78 - Set database path to: D:\STM32CubeIDE_1.19.0\STM32CubeIDE\plugins\com.st.stm32cube.common.mx_6.15.0.202507011659\\db\/mcu/
2026-05-05 17:46:25,266 [INFO] ApiDb:274 - Set plugin database path to: D:\STM32CubeIDE_1.19.0\STM32CubeIDE\plugins\com.st.stm32cube.common.mx_6.15.0.202507011659\\db\/plugins/boardmanager/
2026-05-05 17:46:25,266 [INFO] ApiDb:261 - Set plugin images path to: D:\STM32CubeIDE_1.19.0\STM32CubeIDE\plugins\com.st.stm32cube.common.mx_6.15.0.202507011659\\db\/plugins/mcufinder/images/
2026-05-05 17:46:25,266 [WARN] DbFile:41 - Overriding database path with different value: C:\Users\Asmita Milind Bagad\.stmcufinder\plugins\mcufinder/ => C:\Users\Asmita Milind Bagad\.stmcufinder\plugins\mcufinder
2026-05-05 17:46:25,267 [INFO] ApiDb:250 - Set database path to: C:\Users\Asmita Milind Bagad\.stmcufinder\plugins\mcufinder//mcu/
2026-05-05 17:46:25,267 [WARN] DbFile:41 - Overriding database path with different value: C:\Users\Asmita Milind Bagad\.stmcufinder\plugins\mcufinder/ => C:\Users\Asmita Milind Bagad\.stmcufinder\plugins\mcufinder
2026-05-05 17:46:25,267 [INFO] DbMcusAds:125 - Set database path to: C:\Users\Asmita Milind Bagad\.stmcufinder\plugins\mcufinder//mcu/
2026-05-05 17:46:25,267 [WARN] DbFile:41 - Overriding database path with different value: C:\Users\Asmita Milind Bagad\.stmcufinder\plugins\mcufinder/ => C:\Users\Asmita Milind Bagad\.stmcufinder\plugins\mcufinder
2026-05-05 17:46:25,267 [WARN] DbFile:41 - Overriding database path with different value: C:\Users\Asmita Milind Bagad\.stmcufinder\plugins\mcufinder/ => C:\Users\Asmita Milind Bagad\.stmcufinder\plugins\mcufinder
2026-05-05 17:46:25,268 [INFO] CrossReferenceDbSqlite:203 - Set database path to: C:\Users\Asmita Milind Bagad\.stmcufinder\plugins\mcufinder//mcu/cs/
2026-05-05 17:46:25,412 [INFO] MainPanel:274 - HeapMemory: 268435456
2026-05-05 17:46:25,615 [INFO] DbMcusXml:78 - Set database path to: D:\STM32CubeIDE_1.19.0\STM32CubeIDE\plugins\com.st.stm32cube.common.mx_6.15.0.202507011659\\db\/mcu/
2026-05-05 17:46:25,616 [INFO] ApiDb:274 - Set plugin database path to: D:\STM32CubeIDE_1.19.0\STM32CubeIDE\plugins\com.st.stm32cube.common.mx_6.15.0.202507011659\\db\/plugins/boardmanager/
2026-05-05 17:46:25,616 [INFO] ApiDb:261 - Set plugin images path to: D:\STM32CubeIDE_1.19.0\STM32CubeIDE\plugins\com.st.stm32cube.common.mx_6.15.0.202507011659\\db\/plugins/mcufinder/images/
2026-05-05 17:46:25,617 [WARN] DbFile:41 - Overriding database path with different value: C:\Users\Asmita Milind Bagad\.stmcufinder\plugins\mcufinder/ => C:\Users\Asmita Milind Bagad\.stmcufinder\plugins\mcufinder
2026-05-05 17:46:25,617 [INFO] ApiDb:250 - Set database path to: C:\Users\Asmita Milind Bagad\.stmcufinder\plugins\mcufinder//mcu/
2026-05-05 17:46:25,617 [WARN] DbFile:41 - Overriding database path with different value: C:\Users\Asmita Milind Bagad\.stmcufinder\plugins\mcufinder/ => C:\Users\Asmita Milind Bagad\.stmcufinder\plugins\mcufinder
2026-05-05 17:46:25,617 [INFO] DbMcusAds:125 - Set database path to: C:\Users\Asmita Milind Bagad\.stmcufinder\plugins\mcufinder//mcu/
2026-05-05 17:46:25,617 [WARN] DbFile:41 - Overriding database path with different value: C:\Users\Asmita Milind Bagad\.stmcufinder\plugins\mcufinder/ => C:\Users\Asmita Milind Bagad\.stmcufinder\plugins\mcufinder
2026-05-05 17:46:25,618 [WARN] DbFile:41 - Overriding database path with different value: C:\Users\Asmita Milind Bagad\.stmcufinder\plugins\mcufinder/ => C:\Users\Asmita Milind Bagad\.stmcufinder\plugins\mcufinder
2026-05-05 17:46:25,618 [INFO] CrossReferenceDbSqlite:203 - Set database path to: C:\Users\Asmita Milind Bagad\.stmcufinder\plugins\mcufinder//mcu/cs/
2026-05-05 17:46:25,656 [INFO] ApplicationProperties:184 - Using Application install path: D:\STM32CubeIDE_1.19.0\STM32CubeIDE\plugins\com.st.stm32cube.common.mx_6.15.0.202507011659
2026-05-05 17:46:25,658 [INFO] PluginManage:196 - Search for loadable plugins [exclusion list=, ]
2026-05-05 17:46:25,660 [INFO] PluginManage:310 - Check plugin analytics
2026-05-05 17:46:25,985 [INFO] AnalyticsPlugin:253 - Accepted Software Licenses: 
2026-05-05 17:46:25,986 [INFO] AnalyticsPlugin:255 - Accepted CMSIS Pack Licenses: 
2026-05-05 17:46:25,986 [INFO] AnalyticsPlugin:257 - Accepted Firmware Licenses: FW.F4.1.28.0,FW.G4.1.6.0,FW.C0.1.4.0
2026-05-05 17:46:25,990 [INFO] PluginManage:359 - Loaded plugin analytics (category:tool,tabindex:-1)
2026-05-05 17:46:25,991 [INFO] PluginManage:310 - Check plugin cadmodel
2026-05-05 17:46:26,015 [INFO] CADModel:105 - Init CAD model plugin
2026-05-05 17:46:26,015 [INFO] PluginManage:359 - Loaded plugin cadmodel (category:power,tabindex:5)
2026-05-05 17:46:26,016 [INFO] PluginManage:310 - Check plugin clock
2026-05-05 17:46:26,043 [INFO] PluginManage:359 - Loaded plugin clock (category:base,tabindex:2)
2026-05-05 17:46:26,043 [INFO] PluginManage:310 - Check plugin ddr
2026-05-05 17:46:26,047 [INFO] PluginManage:359 - Loaded plugin ddr (category:tool,tabindex:6)
2026-05-05 17:46:26,048 [INFO] PluginManage:310 - Check plugin filemanager
2026-05-05 17:46:26,286 [INFO] PluginManage:359 - Loaded plugin filemanager (category:base,tabindex:10)
2026-05-05 17:46:26,286 [INFO] PluginManage:310 - Check plugin ipmanager
2026-05-05 17:46:26,300 [INFO] PluginManage:359 - Loaded plugin ipmanager (category:base,tabindex:5)
2026-05-05 17:46:26,300 [INFO] PluginManage:310 - Check plugin lpbam
2026-05-05 17:46:26,328 [INFO] PluginManage:359 - Loaded plugin lpbam (category:base,tabindex:0)
2026-05-05 17:46:26,328 [INFO] PluginManage:310 - Check plugin memorymap
2026-05-05 17:46:26,368 [INFO] PluginManage:359 - Loaded plugin memorymap (category:base,tabindex:4)
2026-05-05 17:46:26,368 [INFO] PluginManage:310 - Check plugin pinoutandconfiguration
2026-05-05 17:46:26,397 [INFO] PluginManage:359 - Loaded plugin pinoutandconfiguration (category:base,tabindex:1)
2026-05-05 17:46:26,397 [INFO] PluginManage:310 - Check plugin pinoutconfig
2026-05-05 17:46:26,549 [WARN] SupportedApi:132 - Cannot load RTOS API schema: s4s-elt-must-match.1: The content of 'definitions' must match (annotation?, (simpleType | complexType)?, (unique | key | keyref)*)). A problem was found starting at: attribute.
2026-05-05 17:46:26,766 [INFO] PluginManage:359 - Loaded plugin pinoutconfig (category:base,tabindex:0)
2026-05-05 17:46:26,766 [INFO] PluginManage:310 - Check plugin power
2026-05-05 17:46:26,796 [INFO] PluginManage:359 - Loaded plugin power (category:power,tabindex:4)
2026-05-05 17:46:26,796 [INFO] PluginManage:310 - Check plugin projectmanager
2026-05-05 17:46:26,819 [INFO] PluginManage:359 - Loaded plugin projectmanager (category:projectmanager,tabindex:4)
2026-05-05 17:46:26,819 [INFO] PluginManage:310 - Check plugin rif
2026-05-05 17:46:26,848 [INFO] PluginManage:359 - Loaded plugin rif (category:base,tabindex:3)
2026-05-05 17:46:26,848 [INFO] PluginManage:310 - Check plugin thirdparty
2026-05-05 17:46:27,302 [INFO] PluginManage:359 - Loaded plugin thirdparty (category:base,tabindex:-1)
2026-05-05 17:46:27,303 [INFO] PluginManage:310 - Check plugin tools
2026-05-05 17:46:27,302 [WARN] IntegrityCheckThread:84 - waiting for thirdparty lock release [integrity check]
2026-05-05 17:46:27,303 [INFO] IntegrityCheckThread:86 - entering critical section [integrity check]
2026-05-05 17:46:27,303 [INFO] ThirdPartyUpdaterWithRetryManager:70 - Updater plugin not ready yet. [1/15]
2026-05-05 17:46:27,372 [INFO] PluginManage:359 - Loaded plugin tools (category:base,tabindex:7)
2026-05-05 17:46:27,372 [INFO] PluginManage:310 - Check plugin tutovideos
2026-05-05 17:46:27,748 [INFO] PluginManage:359 - Loaded plugin tutovideos (category:base,tabindex:-1)
2026-05-05 17:46:27,749 [INFO] PluginManage:310 - Check plugin updater
2026-05-05 17:46:27,783 [INFO] PluginManage:359 - Loaded plugin updater (category:base,tabindex:12)
2026-05-05 17:46:27,783 [INFO] PluginManage:310 - Check plugin userauth
2026-05-05 17:46:27,789 [INFO] UserAuth:118 - Init User Auth plugin
2026-05-05 17:46:27,790 [INFO] PluginManage:359 - Loaded plugin userauth (category:base,tabindex:14)
2026-05-05 17:46:27,791 [INFO] PluginManage:283 - PluginManage : Loaded plugins [18]
2026-05-05 17:46:28,150 [INFO] PinOutPanel:1589 - setPackage(No Configuration,No Configuration)
2026-05-05 17:46:28,293 [INFO] CADModel:165 - CPN selected for project level
2026-05-05 17:46:28,294 [INFO] CADModel:114 - Register for checkConnection events
2026-05-05 17:46:28,344 [INFO] IPUIPlugin:80 - create IPUIPlugin
2026-05-05 17:46:28,344 [INFO] PluginManager:220 - loadIPPluginJar : add adc
2026-05-05 17:46:28,425 [INFO] IPUIPlugin:80 - create IPUIPlugin
2026-05-05 17:46:28,425 [INFO] PluginManager:220 - loadIPPluginJar : add aes
2026-05-05 17:46:28,519 [INFO] IPUIPlugin:80 - create IPUIPlugin
2026-05-05 17:46:28,520 [INFO] PluginManager:220 - loadIPPluginJar : add can
2026-05-05 17:46:28,573 [INFO] IPUIPlugin:80 - create IPUIPlugin
2026-05-05 17:46:28,574 [INFO] PluginManager:220 - loadIPPluginJar : add comp
2026-05-05 17:46:28,638 [INFO] IPUIPlugin:80 - create IPUIPlugin
2026-05-05 17:46:28,638 [INFO] PluginManager:220 - loadIPPluginJar : add cryp
2026-05-05 17:46:28,660 [INFO] IPUIPlugin:80 - create IPUIPlugin
2026-05-05 17:46:28,661 [INFO] PluginManager:220 - loadIPPluginJar : add ddr_ctrl_phy
2026-05-05 17:46:28,729 [INFO] IPUIPlugin:80 - create IPUIPlugin
2026-05-05 17:46:28,730 [INFO] PluginManager:220 - loadIPPluginJar : add dfsdm
2026-05-05 17:46:28,752 [INFO] IPUIPlugin:80 - create IPUIPlugin
2026-05-05 17:46:28,753 [INFO] PluginManager:220 - loadIPPluginJar : add dma
2026-05-05 17:46:28,848 [INFO] IPUIPlugin:80 - create IPUIPlugin
2026-05-05 17:46:28,849 [INFO] PluginManager:220 - loadIPPluginJar : add dma3
2026-05-05 17:46:28,950 [INFO] IPUIPlugin:80 - create IPUIPlugin
2026-05-05 17:46:28,950 [INFO] PluginManager:220 - loadIPPluginJar : add extmemmanager
2026-05-05 17:46:29,005 [INFO] IPUIPlugin:80 - create IPUIPlugin
2026-05-05 17:46:29,005 [INFO] PluginManager:220 - loadIPPluginJar : add fatfs
2026-05-05 17:46:29,094 [INFO] IPUIPlugin:80 - create IPUIPlugin
2026-05-05 17:46:29,094 [INFO] PluginManager:220 - loadIPPluginJar : add fmc
2026-05-05 17:46:29,123 [INFO] IPUIPlugin:80 - create IPUIPlugin
2026-05-05 17:46:29,123 [INFO] PluginManager:220 - loadIPPluginJar : add freertos
2026-05-05 17:46:29,166 [INFO] IPUIPlugin:80 - create IPUIPlugin
2026-05-05 17:46:29,166 [INFO] PluginManager:220 - loadIPPluginJar : add genericplugin
2026-05-05 17:46:29,354 [INFO] IPUIPlugin:80 - create IPUIPlugin
2026-05-05 17:46:29,354 [INFO] PluginManager:220 - loadIPPluginJar : add gfxmmu
2026-05-05 17:46:29,621 [INFO] IPUIPlugin:80 - create IPUIPlugin
2026-05-05 17:46:29,622 [INFO] PluginManager:220 - loadIPPluginJar : add gic
2026-05-05 17:46:29,654 [INFO] IPUIPlugin:80 - create IPUIPlugin
2026-05-05 17:46:29,654 [INFO] PluginManager:220 - loadIPPluginJar : add gpio
2026-05-05 17:46:29,835 [INFO] IPUIPlugin:80 - create IPUIPlugin
2026-05-05 17:46:29,835 [INFO] PluginManager:220 - loadIPPluginJar : add gtzc
2026-05-05 17:46:29,915 [INFO] IPUIPlugin:80 - create IPUIPlugin
2026-05-05 17:46:29,915 [INFO] PluginManager:220 - loadIPPluginJar : add hash
2026-05-05 17:46:30,035 [INFO] IPUIPlugin:80 - create IPUIPlugin
2026-05-05 17:46:30,035 [INFO] PluginManager:220 - loadIPPluginJar : add i2c
2026-05-05 17:46:30,111 [INFO] IPUIPlugin:80 - create IPUIPlugin
2026-05-05 17:46:30,112 [INFO] PluginManager:220 - loadIPPluginJar : add i2s
2026-05-05 17:46:30,193 [INFO] IPUIPlugin:80 - create IPUIPlugin
2026-05-05 17:46:30,193 [INFO] PluginManager:220 - loadIPPluginJar : add i3c
2026-05-05 17:46:30,304 [INFO] ThirdPartyUpdaterWithRetryManager:70 - Updater plugin not ready yet. [2/15]
2026-05-05 17:46:30,406 [INFO] IPUIPlugin:80 - create IPUIPlugin
2026-05-05 17:46:30,407 [INFO] PluginManager:220 - loadIPPluginJar : add ipddr
2026-05-05 17:46:30,601 [INFO] IPUIPlugin:80 - create IPUIPlugin
2026-05-05 17:46:30,602 [INFO] PluginManager:220 - loadIPPluginJar : add linkedlist
2026-05-05 17:46:30,607 [INFO] IPUIPlugin:80 - create IPUIPlugin
2026-05-05 17:46:30,607 [INFO] PluginManager:220 - loadIPPluginJar : add lorawan
2026-05-05 17:46:30,679 [INFO] IPUIPlugin:80 - create IPUIPlugin
2026-05-05 17:46:30,680 [INFO] PluginManager:220 - loadIPPluginJar : add ltdc
2026-05-05 17:46:30,713 [INFO] IPUIPlugin:80 - create IPUIPlugin
2026-05-05 17:46:30,714 [INFO] PluginManager:220 - loadIPPluginJar : add mdma
2026-05-05 17:46:30,740 [INFO] IPUIPlugin:80 - create IPUIPlugin
2026-05-05 17:46:30,740 [INFO] PluginManager:220 - loadIPPluginJar : add nvic
2026-05-05 17:46:30,825 [INFO] IPUIPlugin:80 - create IPUIPlugin
2026-05-05 17:46:30,825 [INFO] PluginManager:220 - loadIPPluginJar : add opamp
2026-05-05 17:46:30,949 [INFO] IPUIPlugin:80 - create IPUIPlugin
2026-05-05 17:46:30,949 [INFO] PluginManager:220 - loadIPPluginJar : add openamp
2026-05-05 17:46:31,037 [INFO] IPUIPlugin:80 - create IPUIPlugin
2026-05-05 17:46:31,037 [INFO] PluginManager:220 - loadIPPluginJar : add pdm2pcm
2026-05-05 17:46:31,061 [INFO] IPUIPlugin:80 - create IPUIPlugin
2026-05-05 17:46:31,065 [INFO] PluginManager:220 - loadIPPluginJar : add plateformsettings
2026-05-05 17:46:31,112 [INFO] IPUIPlugin:80 - create IPUIPlugin
2026-05-05 17:46:31,113 [INFO] PluginManager:220 - loadIPPluginJar : add quadspi
2026-05-05 17:46:31,193 [INFO] IPUIPlugin:80 - create IPUIPlugin
2026-05-05 17:46:31,194 [INFO] PluginManager:220 - loadIPPluginJar : add radio
2026-05-05 17:46:31,216 [INFO] IPUIPlugin:80 - create IPUIPlugin
2026-05-05 17:46:31,216 [INFO] PluginManager:220 - loadIPPluginJar : add resmgrutility
2026-05-05 17:46:31,316 [INFO] IPUIPlugin:80 - create IPUIPlugin
2026-05-05 17:46:31,317 [INFO] PluginManager:220 - loadIPPluginJar : add sai
2026-05-05 17:46:31,391 [INFO] IPUIPlugin:80 - create IPUIPlugin
2026-05-05 17:46:31,391 [INFO] PluginManager:220 - loadIPPluginJar : add spi
2026-05-05 17:46:31,566 [INFO] IPUIPlugin:80 - create IPUIPlugin
2026-05-05 17:46:31,568 [INFO] PluginManager:220 - loadIPPluginJar : add stm32_wpan
2026-05-05 17:46:31,614 [INFO] IPUIPlugin:80 - create IPUIPlugin
2026-05-05 17:46:31,614 [INFO] PluginManager:220 - loadIPPluginJar : add tim
2026-05-05 17:46:31,734 [INFO] IPUIPlugin:80 - create IPUIPlugin
2026-05-05 17:46:31,734 [INFO] PluginManager:220 - loadIPPluginJar : add touchsensing
2026-05-05 17:46:31,778 [INFO] IPUIPlugin:80 - create IPUIPlugin
2026-05-05 17:46:31,779 [INFO] PluginManager:220 - loadIPPluginJar : add tracer_emb
2026-05-05 17:46:31,823 [INFO] IPUIPlugin:80 - create IPUIPlugin
2026-05-05 17:46:31,823 [INFO] PluginManager:220 - loadIPPluginJar : add ts
2026-05-05 17:46:31,866 [INFO] IPUIPlugin:80 - create IPUIPlugin
2026-05-05 17:46:31,866 [INFO] PluginManager:220 - loadIPPluginJar : add tsc
2026-05-05 17:46:31,907 [INFO] IPUIPlugin:80 - create IPUIPlugin
2026-05-05 17:46:31,907 [INFO] PluginManager:220 - loadIPPluginJar : add ucpd
2026-05-05 17:46:32,009 [INFO] IPUIPlugin:80 - create IPUIPlugin
2026-05-05 17:46:32,009 [INFO] PluginManager:220 - loadIPPluginJar : add usart
2026-05-05 17:46:32,106 [INFO] IPUIPlugin:80 - create IPUIPlugin
2026-05-05 17:46:32,107 [INFO] PluginManager:220 - loadIPPluginJar : add usbx
2026-05-05 17:46:32,271 [FATAL] Updater:351 - Updater called before beeing initialized
2026-05-05 17:46:32,329 [INFO] RulesReader:64 - Compatibility file has been processed (317 Rules)
2026-05-05 17:46:32,350 [INFO] RulesReader:64 - Compatibility file has been processed (317 Rules)
2026-05-05 17:46:32,362 [INFO] CADModel:165 - CPN selected for project level
2026-05-05 17:46:32,362 [INFO] CADModel:114 - Register for checkConnection events
2026-05-05 17:46:32,362 [FATAL] Updater:351 - Updater called before beeing initialized
2026-05-05 17:46:32,363 [ERROR] CADModel:125 - Updater not yet initialized, retry later 
2026-05-05 17:46:32,642 [FATAL] Updater:351 - Updater called before beeing initialized
2026-05-05 17:46:32,646 [INFO] CADModel:165 - CPN selected for project level
2026-05-05 17:46:32,647 [INFO] CADModel:114 - Register for checkConnection events
2026-05-05 17:46:32,647 [FATAL] Updater:351 - Updater called before beeing initialized
2026-05-05 17:46:32,647 [ERROR] CADModel:125 - Updater not yet initialized, retry later 
2026-05-05 17:46:32,652 [FATAL] Updater:351 - Updater called before beeing initialized
2026-05-05 17:46:32,856 [FATAL] Updater:351 - Updater called before beeing initialized
2026-05-05 17:46:32,876 [INFO] DbMcusAds:53 - JSON generation date=Mon Apr 27 13:44:29 IST 2026 (1777277669577)
2026-05-05 17:46:32,877 [FATAL] Updater:351 - Updater called before beeing initialized
2026-05-05 17:46:32,937 [WARN] DetailPanel:346 - Failed to get advertising image, set to default
2026-05-05 17:46:33,088 [FATAL] Updater:351 - Updater called before beeing initialized
2026-05-05 17:46:33,090 [FATAL] Updater:351 - Updater called before beeing initialized
2026-05-05 17:46:33,090 [FATAL] Updater:351 - Updater called before beeing initialized
2026-05-05 17:46:33,091 [WARN] DetailPanel:346 - Failed to get advertising image, set to default
2026-05-05 17:46:33,092 [FATAL] Updater:351 - Updater called before beeing initialized
2026-05-05 17:46:33,180 [ERROR] Updater:1198 - MainUpdater not yet initialized. External WinMGr cannot be set.
2026-05-05 17:46:33,185 [INFO] Updater:1134 - Updater Version found : 6.15.0
2026-05-05 17:46:33,216 [INFO] ApplicationProperties:184 - Using Application install path: D:\STM32CubeIDE_1.19.0\STM32CubeIDE\plugins\com.st.stm32cube.common.mx_6.15.0.202507011659
2026-05-05 17:46:33,305 [INFO] ThirdPartyUpdaterWithRetryManager:70 - Updater plugin not ready yet. [3/15]
2026-05-05 17:46:34,813 [ERROR] LogOutputStream:75 - [STDERR_REDIRECT] May 05, 2026 5:46:34 PM java.util.prefs.WindowsPreferences <init>
2026-05-05 17:46:34,815 [ERROR] LogOutputStream:75 - [STDERR_REDIRECT] WARNING: Could not open/create prefs root node Software\JavaSoft\Prefs at root 0xffffffff80000002. Windows RegCreateKeyEx(...) returned error code 5.
2026-05-05 17:46:34,815 [ERROR] LogOutputStream:75 - [STDERR_REDIRECT] 
2026-05-05 17:46:35,379 [INFO] MainUpdater:2872 - connection check result : 10
2026-05-05 17:46:35,380 [INFO] MainUpdater:289 - Updater Check For Update Now.
2026-05-05 17:46:35,381 [INFO] MicroXplorer:498 - Change Database Version : DB.6.0.150
2026-05-05 17:46:35,395 [INFO] McuFinderGlobals:63 - Set McuFinder mode to 2 (CubeIDE integrated)
2026-05-05 17:46:35,415 [INFO] UserAuth:487 - Internet connection configuration mode: 1
2026-05-05 17:46:35,481 [INFO] JxBrowserEngine:152 - Initiate JxBrowser Engine with user profile folder
2026-05-05 17:46:35,735 [INFO] CheckServerUpdateThread:120 - End of CheckServer Thread
2026-05-05 17:46:36,948 [WARN] PackLoader:240 - Cannot read IP mode file for STMicroelectronics.X-CUBE-AZRTOS-H7.3.5.0
2026-05-05 17:46:36,969 [WARN] PackLoader:240 - Cannot read IP mode file for STMicroelectronics.FP-SNS-MOTENVWB1.1.4.0
2026-05-05 17:46:36,997 [WARN] PackLoader:240 - Cannot read IP mode file for STMicroelectronics.FP-ATR-ASTRA1.2.0.2
2026-05-05 17:46:37,028 [WARN] PackLoader:240 - Cannot read IP mode file for STMicroelectronics.X-CUBE-SMBUS.2.1.0
2026-05-05 17:46:37,105 [WARN] PackLoader:240 - Cannot read IP mode file for STMicroelectronics.X-CUBE-AZRTOS-F7.1.1.0
2026-05-05 17:46:37,109 [INFO] WebApp:169 - Instantiating new browser for Auth
2026-05-05 17:46:37,121 [WARN] PackLoader:240 - Cannot read IP mode file for Cesanta.I-CUBE-Mongoose.7.19.0
2026-05-05 17:46:37,179 [WARN] PackLoader:240 - Cannot read IP mode file for WES.I-CUBE-Cesium.1.4.0
2026-05-05 17:46:37,247 [WARN] PackLoader:240 - Cannot read IP mode file for Infineon.AIROC-Wi-Fi-Bluetooth-STM32.1.7.1
2026-05-05 17:46:37,312 [WARN] PackLoader:240 - Cannot read IP mode file for STMicroelectronics.X-CUBE-AZRTOS-H7.3.4.0
2026-05-05 17:46:37,350 [WARN] PackLoader:240 - Cannot read IP mode file for STMicroelectronics.X-CUBE-DISPLAY.3.0.0
2026-05-05 17:46:37,385 [WARN] PackLoader:240 - Cannot read IP mode file for STMicroelectronics.X-CUBE-GNSS1.7.1.1
2026-05-05 17:46:37,413 [WARN] PackLoader:240 - Cannot read IP mode file for STMicroelectronics.FP-SNS-MOTENVWB1.1.5.0
2026-05-05 17:46:37,443 [WARN] PackLoader:240 - Cannot read IP mode file for STMicroelectronics.X-CUBE-NFC10.1.0.0
2026-05-05 17:46:37,476 [WARN] PackLoader:240 - Cannot read IP mode file for emotas.I-CUBE-CANOPEN.1.3.0
2026-05-05 17:46:37,500 [WARN] PackLoader:240 - Cannot read IP mode file for STMicroelectronics.X-CUBE-GNSS1.7.1.0
2026-05-05 17:46:37,526 [WARN] PackLoader:240 - Cannot read IP mode file for STMicroelectronics.FP-SNS-SMARTAG2.1.2.0
2026-05-05 17:46:37,550 [WARN] PackLoader:240 - Cannot read IP mode file for STMicroelectronics.FP-SNS-FLIGHT1.5.1.0
2026-05-05 17:46:37,583 [INFO] LogOutputStream:77 - [STDOUT_REDIRECT] 1 : Invalid condition id : UX_CORESTACK_Condition cause : null
2026-05-05 17:46:37,583 [INFO] LogOutputStream:77 - [STDOUT_REDIRECT] 1 : Invalid condition id : UX_CORESTACK_Condition cause : null
2026-05-05 17:46:37,585 [INFO] LogOutputStream:77 - [STDOUT_REDIRECT] 1 : Invalid condition id : UX_CORESTACK_Condition cause : null
2026-05-05 17:46:37,586 [INFO] LogOutputStream:77 - [STDOUT_REDIRECT] 1 : Invalid condition id : UX_CORESTACK_Condition cause : null
2026-05-05 17:46:37,588 [INFO] LogOutputStream:77 - [STDOUT_REDIRECT] 1 : Invalid condition id : UX_CORESTACK_Condition cause : null
2026-05-05 17:46:37,592 [WARN] PackLoader:240 - Cannot read IP mode file for STMicroelectronics.X-CUBE-AZRTOS-WL.2.0.0
2026-05-05 17:46:37,649 [WARN] PackLoader:240 - Cannot read IP mode file for STMicroelectronics.X-CUBE-AZRTOS-H7RS.1.2.0
2026-05-05 17:46:37,677 [WARN] PackLoader:240 - Cannot read IP mode file for STMicroelectronics.X-CUBE-BLE2.3.3.0
2026-05-05 17:46:37,786 [WARN] PackLoader:240 - Cannot read IP mode file for STMicroelectronics.X-CUBE-NFC9.1.0.0
2026-05-05 17:46:37,821 [WARN] PackLoader:240 - Cannot read IP mode file for wolfSSL.I-CUBE-wolfSSL.5.8.2
2026-05-05 17:46:37,850 [WARN] PackLoader:240 - Cannot read IP mode file for STMicroelectronics.X-CUBE-BLE1.7.1.0
2026-05-05 17:46:37,878 [WARN] PackLoader:240 - Cannot read IP mode file for wolfSSL.I-CUBE-wolfMQTT.1.19.2
2026-05-05 17:46:37,903 [WARN] PackLoader:240 - Cannot read IP mode file for STMicroelectronics.X-CUBE-FREERTOS.1.4.0
2026-05-05 17:46:37,932 [WARN] PackLoader:240 - Cannot read IP mode file for STMicroelectronics.FP-SNS-STAIOTCFT.1.1.0
2026-05-05 17:46:38,041 [WARN] PackLoader:240 - Cannot read IP mode file for STMicroelectronics.X-CUBE-MEMS1.12.0.0
2026-05-05 17:46:38,318 [WARN] PackLoader:240 - Cannot read IP mode file for STMicroelectronics.X-CUBE-AZRTOS-G0.1.1.0
2026-05-05 17:46:38,365 [WARN] PackLoader:240 - Cannot read IP mode file for STMicroelectronics.X-CUBE-SAFEA1.1.2.2
2026-05-05 17:46:38,406 [WARN] PackLoader:240 - Cannot read IP mode file for STMicroelectronics.X-CUBE-NFC4.3.0.0
2026-05-05 17:46:38,463 [WARN] PackLoader:240 - Cannot read IP mode file for EmbeddedOffice.I-CUBE-FS-RTOS.1.0.1
2026-05-05 17:46:38,499 [WARN] PackLoader:240 - Cannot read IP mode file for STMicroelectronics.X-CUBE-WB05N.2.0.0
2026-05-05 17:46:38,529 [WARN] PackLoader:240 - Cannot read IP mode file for wolfSSL.I-CUBE-wolfTPM.3.8.0
2026-05-05 17:46:38,559 [WARN] PackLoader:240 - Cannot read IP mode file for STMicroelectronics.X-CUBE-TCPP.4.2.0
2026-05-05 17:46:38,579 [INFO] WebApp:463 - Apply proxy settings
2026-05-05 17:46:38,581 [INFO] WebApp:548 - Chromium requires no authentication
2026-05-05 17:46:38,597 [WARN] PackLoader:240 - Cannot read IP mode file for RealThread.X-CUBE-RT-Thread_Nano.4.1.1
2026-05-05 17:46:38,601 [INFO] WebApp:491 - Direct internet connection detected
2026-05-05 17:46:38,607 [WARN] PackLoader:240 - Cannot read IP mode file for STMicroelectronics.FP-ATR-SIGFOX1.3.2.0
2026-05-05 17:46:38,639 [WARN] PackLoader:240 - Cannot read IP mode file for STMicroelectronics.X-CUBE-FREERTOS.1.5.0
2026-05-05 17:46:38,654 [INFO] WebApp:900 - Register for checkConnection events
2026-05-05 17:46:38,654 [INFO] WebApp:463 - Apply proxy settings
2026-05-05 17:46:38,654 [INFO] WebApp:548 - Chromium requires no authentication
2026-05-05 17:46:38,655 [INFO] WebApp:491 - Direct internet connection detected
2026-05-05 17:46:38,674 [WARN] PackLoader:240 - Cannot read IP mode file for ITTIA_DB.I-CUBE-ITTIADB.8.9.0
2026-05-05 17:46:38,711 [WARN] PackLoader:240 - Cannot read IP mode file for STMicroelectronics.X-CUBE-NFC6.3.2.0
2026-05-05 17:46:38,807 [WARN] PackLoader:240 - Cannot read IP mode file for STMicroelectronics.X-CUBE-MEMS1.12.1.0
2026-05-05 17:46:39,008 [WARN] PackLoader:240 - Cannot read IP mode file for SEGGER.I-CUBE-embOS.1.3.1
2026-05-05 17:46:39,062 [INFO] WebApp:225 - Starting web application
2026-05-05 17:46:39,062 [INFO] WebApp:593 - Web application path used D:\STM32CubeIDE_1.19.0\STM32CubeIDE\plugins\com.st.stm32cube.common.mx_6.15.0.202507011659\db\plugins\mcufinder\reactClient1\index.html
2026-05-05 17:46:39,071 [WARN] PackLoader:240 - Cannot read IP mode file for STMicroelectronics.X-CUBE-ALGOBUILD.1.4.0
2026-05-05 17:46:39,161 [WARN] PackLoader:240 - Cannot read IP mode file for STMicroelectronics.X-CUBE-MEMS1.11.3.0
2026-05-05 17:46:39,384 [WARN] PackLoader:240 - Cannot read IP mode file for STMicroelectronics.X-CUBE-PM33A1.1.0.0
2026-05-05 17:46:39,422 [INFO] UserAuth:487 - Internet connection configuration mode: 1
2026-05-05 17:46:39,432 [INFO] WebApp:191 - Connection restablished
2026-05-05 17:46:39,450 [WARN] PackLoader:240 - Cannot read IP mode file for STMicroelectronics.X-CUBE-AZRTOS-F4.1.1.0
2026-05-05 17:46:39,492 [WARN] PackLoader:240 - Cannot read IP mode file for STMicroelectronics.X-CUBE-ISPU.2.1.0
2026-05-05 17:46:39,524 [WARN] PackLoader:240 - Cannot read IP mode file for STMicroelectronics.eDS-WB_DPC_TT-BIDIR.2.1.1
2026-05-05 17:46:39,599 [WARN] PackLoader:240 - Cannot read IP mode file for STMicroelectronics.X-CUBE-AZRTOS-L5.2.0.0
2026-05-05 17:46:39,641 [WARN] PackLoader:240 - Cannot read IP mode file for STMicroelectronics.X-CUBE-NFC6.3.1.0
2026-05-05 17:46:39,676 [WARN] PackLoader:240 - Cannot read IP mode file for STMicroelectronics.eDS-WB_DPC_VIENNA.1.2.0
2026-05-05 17:46:39,685 [WARN] PackLoader:240 - Cannot read IP mode file for STMicroelectronics.eDS-WB_DPC_3PH2L-BIDIR.1.1.1
2026-05-05 17:46:39,716 [ERROR] Engine:466 - C:\Users\Asmita Milind Bagad\.stm32cubemx\thirdparties\pdsc\STMicroelectronics.X-CUBE-ST67W61.1.3.0.pdsc: PDSC version is not supported
2026-05-05 17:46:39,748 [WARN] PackLoader:240 - Cannot read IP mode file for STMicroelectronics.X-CUBE-FREERTOS.1.3.1
2026-05-05 17:46:39,781 [WARN] PackLoader:240 - Cannot read IP mode file for STMicroelectronics.X-CUBE-TOUCHGFX.4.26.0
2026-05-05 17:46:39,806 [WARN] PackLoader:240 - Cannot read IP mode file for STMicroelectronics.X-CUBE-TOUCHGFX.4.26.1
2026-05-05 17:46:39,832 [WARN] PackLoader:240 - Cannot read IP mode file for STMicroelectronics.FP-SNS-STAIOTCFT.1.0.0
2026-05-05 17:46:39,861 [WARN] PackLoader:240 - Cannot read IP mode file for STMicroelectronics.X-CUBE-DPower.1.3.0
2026-05-05 17:46:39,912 [WARN] ConditionMgr:438 - getConditionDescription Invalid condition id : LAN8742 Phy interface Condition cause : null
2026-05-05 17:46:39,912 [WARN] PackLoader:240 - Cannot read IP mode file for STMicroelectronics.X-CUBE-AZRTOS-L4.2.0.0
2026-05-05 17:46:39,913 [WARN] ConditionMgr:1044 - genDependencies : Invalid condition id : LAN8742 Phy interface Condition cause : null
2026-05-05 17:46:39,914 [WARN] ConditionMgr:1044 - genDependencies : Invalid condition id : LAN8742 Phy interface Condition cause : null
2026-05-05 17:46:39,914 [WARN] ConditionMgr:1044 - genDependencies : Invalid condition id : LAN8742 Phy interface Condition cause : null
2026-05-05 17:46:39,946 [WARN] PackLoader:240 - Cannot read IP mode file for STMicroelectronics.X-CUBE-SFXS2LP1.4.0.0
2026-05-05 17:46:39,978 [WARN] PackLoader:240 - Cannot read IP mode file for STMicroelectronics.X-CUBE-WB05N.2.1.0
2026-05-05 17:46:40,012 [WARN] PackLoader:240 - Cannot read IP mode file for STMicroelectronics.X-CUBE-ST67W61.1.2.0
2026-05-05 17:46:40,062 [WARN] ConditionMgr:438 - getConditionDescription Invalid condition id : UX DEVICE CLASS RTOS Condition cause : null
2026-05-05 17:46:40,063 [WARN] ConditionMgr:438 - getConditionDescription Invalid condition id : UX DEVICE CLASS RTOS Condition cause : null
2026-05-05 17:46:40,064 [WARN] PackLoader:240 - Cannot read IP mode file for STMicroelectronics.X-CUBE-AZRTOS-WB.2.0.0
2026-05-05 17:46:40,065 [WARN] ConditionMgr:1044 - genDependencies : Invalid condition id : UX DEVICE CLASS RTOS Condition cause : null
2026-05-05 17:46:40,065 [WARN] ConditionMgr:1044 - genDependencies : Invalid condition id : UX DEVICE CLASS RTOS Condition cause : null
2026-05-05 17:46:40,066 [WARN] ConditionMgr:1044 - genDependencies : Invalid condition id : UX DEVICE CLASS RTOS Condition cause : null
2026-05-05 17:46:40,066 [WARN] ConditionMgr:1044 - genDependencies : Invalid condition id : UX DEVICE CLASS RTOS Condition cause : null
2026-05-05 17:46:40,066 [WARN] ConditionMgr:1044 - genDependencies : Invalid condition id : UX DEVICE CLASS RTOS Condition cause : null
2026-05-05 17:46:40,096 [WARN] ConditionMgr:438 - getConditionDescription Invalid condition id : Cortex-A Device cause : null
2026-05-05 17:46:40,134 [WARN] ConditionMgr:1044 - genDependencies : Invalid condition id : Cortex-A Device cause : null
2026-05-05 17:46:40,135 [WARN] ConditionMgr:1044 - genDependencies : Invalid condition id : Cortex-A Device cause : null
2026-05-05 17:46:40,135 [WARN] ConditionMgr:1044 - genDependencies : Invalid condition id : Cortex-A Device cause : null
2026-05-05 17:46:40,172 [WARN] PackLoader:240 - Cannot read IP mode file for STMicroelectronics.X-CUBE-STSE01.2.0.0
2026-05-05 17:46:40,216 [WARN] PackLoader:240 - Cannot read IP mode file for STMicroelectronics.X-CUBE-SUBG2.5.0.0
2026-05-05 17:46:40,271 [WARN] PackLoader:240 - Cannot read IP mode file for STMicroelectronics.X-CUBE-AZRTOS-H7RS.1.1.0
2026-05-05 17:46:40,314 [WARN] PackLoader:240 - Cannot read IP mode file for STMicroelectronics.X-CUBE-AZRTOS-G4.2.0.0
2026-05-05 17:46:40,338 [WARN] PackLoader:240 - Cannot read IP mode file for wolfSSL.I-CUBE-wolfSSH.1.4.20
2026-05-05 17:46:40,367 [WARN] PackLoader:240 - Cannot read IP mode file for STMicroelectronics.X-CUBE-NFC7.2.0.0
2026-05-05 17:46:40,391 [WARN] PackLoader:240 - Cannot read IP mode file for STMicroelectronics.X-CUBE-ALS.1.0.2
2026-05-05 17:46:40,425 [WARN] PackLoader:240 - Cannot read IP mode file for STMicroelectronics.X-CUBE-STSE01.1.0.0
2026-05-05 17:46:40,464 [WARN] PackLoader:240 - Cannot read IP mode file for STMicroelectronics.X-CUBE-TOF1.3.4.3
2026-05-05 17:46:40,478 [INFO] ThirdParty:978 - Integrity check success = true
2026-05-05 17:46:40,478 [INFO] IntegrityCheckThread:100 - exiting critical section [integrity check]
2026-05-05 17:46:40,479 [INFO] IntegrityCheckThread:103 - End integrity checks thread
2026-05-05 17:55:08,466 [ERROR] LogOutputStream:75 - [STDERR_REDIRECT] 
2026-05-05 17:55:08,468 [ERROR] LogOutputStream:75 - [STDERR_REDIRECT] 
