2026-05-04 10:55:32,054 [INFO] Activator:176 - 


2026-05-04 10:55:32,057 [INFO] Activator:177 - !SESSION log4j initialized
2026-05-04 10:55:35,526 [INFO] LogOutputStream:77 - [STDOUT_REDIRECT] 
2026-05-04 10:55:38,617 [INFO] ApplicationProperties:184 - Using Application install path: D:\STM32CubeIDE_1.19.0\STM32CubeIDE\plugins\com.st.stm32cube.common.mx_6.15.0.202507011659
2026-05-04 10:55:38,644 [INFO] DbMcusXml:78 - Set database path to: D:\STM32CubeIDE_1.19.0\STM32CubeIDE\plugins\com.st.stm32cube.common.mx_6.15.0.202507011659\\db\/mcu/
2026-05-04 10:55:38,644 [INFO] ApiDb:274 - Set plugin database path to: D:\STM32CubeIDE_1.19.0\STM32CubeIDE\plugins\com.st.stm32cube.common.mx_6.15.0.202507011659\\db\/plugins/boardmanager/
2026-05-04 10:55:38,645 [WARN] ApiDb:259 - Overriding images path with different value:  => D:\STM32CubeIDE_1.19.0\STM32CubeIDE\plugins\com.st.stm32cube.common.mx_6.15.0.202507011659\\db\/plugins/mcufinder/images/
2026-05-04 10:55:38,653 [INFO] ApiDb:250 - Set database path to: C:\Users\Asmita Milind Bagad\.stmcufinder\plugins\mcufinder//mcu/
2026-05-04 10:55:38,655 [INFO] DbMcusAds:125 - Set database path to: C:\Users\Asmita Milind Bagad\.stmcufinder\plugins\mcufinder//mcu/
2026-05-04 10:55:38,659 [INFO] CrossReferenceDbSqlite:203 - Set database path to: C:\Users\Asmita Milind Bagad\.stmcufinder\plugins\mcufinder//mcu/cs/
2026-05-04 10:55:38,860 [INFO] RulesReader:64 - Compatibility file has been processed (317 Rules)
2026-05-04 10:55:39,027 [INFO] DbMcusXml:78 - Set database path to: D:\STM32CubeIDE_1.19.0\STM32CubeIDE\plugins\com.st.stm32cube.common.mx_6.15.0.202507011659\\db\/mcu/
2026-05-04 10:55:39,027 [INFO] ApiDb:274 - Set plugin database path to: D:\STM32CubeIDE_1.19.0\STM32CubeIDE\plugins\com.st.stm32cube.common.mx_6.15.0.202507011659\\db\/plugins/boardmanager/
2026-05-04 10:55:39,027 [INFO] ApiDb:261 - Set plugin images path to: D:\STM32CubeIDE_1.19.0\STM32CubeIDE\plugins\com.st.stm32cube.common.mx_6.15.0.202507011659\\db\/plugins/mcufinder/images/
2026-05-04 10:55:39,028 [WARN] DbFile:41 - Overriding database path with different value: C:\Users\Asmita Milind Bagad\.stmcufinder\plugins\mcufinder/ => C:\Users\Asmita Milind Bagad\.stmcufinder\plugins\mcufinder
2026-05-04 10:55:39,028 [INFO] ApiDb:250 - Set database path to: C:\Users\Asmita Milind Bagad\.stmcufinder\plugins\mcufinder//mcu/
2026-05-04 10:55:39,028 [WARN] DbFile:41 - Overriding database path with different value: C:\Users\Asmita Milind Bagad\.stmcufinder\plugins\mcufinder/ => C:\Users\Asmita Milind Bagad\.stmcufinder\plugins\mcufinder
2026-05-04 10:55:39,028 [INFO] DbMcusAds:125 - Set database path to: C:\Users\Asmita Milind Bagad\.stmcufinder\plugins\mcufinder//mcu/
2026-05-04 10:55:39,028 [WARN] DbFile:41 - Overriding database path with different value: C:\Users\Asmita Milind Bagad\.stmcufinder\plugins\mcufinder/ => C:\Users\Asmita Milind Bagad\.stmcufinder\plugins\mcufinder
2026-05-04 10:55:39,028 [WARN] DbFile:41 - Overriding database path with different value: C:\Users\Asmita Milind Bagad\.stmcufinder\plugins\mcufinder/ => C:\Users\Asmita Milind Bagad\.stmcufinder\plugins\mcufinder
2026-05-04 10:55:39,029 [INFO] CrossReferenceDbSqlite:203 - Set database path to: C:\Users\Asmita Milind Bagad\.stmcufinder\plugins\mcufinder//mcu/cs/
2026-05-04 10:55:39,136 [INFO] MainPanel:274 - HeapMemory: 268435456
2026-05-04 10:55:39,263 [INFO] DbMcusXml:78 - Set database path to: D:\STM32CubeIDE_1.19.0\STM32CubeIDE\plugins\com.st.stm32cube.common.mx_6.15.0.202507011659\\db\/mcu/
2026-05-04 10:55:39,264 [INFO] ApiDb:274 - Set plugin database path to: D:\STM32CubeIDE_1.19.0\STM32CubeIDE\plugins\com.st.stm32cube.common.mx_6.15.0.202507011659\\db\/plugins/boardmanager/
2026-05-04 10:55:39,264 [INFO] ApiDb:261 - Set plugin images path to: D:\STM32CubeIDE_1.19.0\STM32CubeIDE\plugins\com.st.stm32cube.common.mx_6.15.0.202507011659\\db\/plugins/mcufinder/images/
2026-05-04 10:55:39,264 [WARN] DbFile:41 - Overriding database path with different value: C:\Users\Asmita Milind Bagad\.stmcufinder\plugins\mcufinder/ => C:\Users\Asmita Milind Bagad\.stmcufinder\plugins\mcufinder
2026-05-04 10:55:39,265 [INFO] ApiDb:250 - Set database path to: C:\Users\Asmita Milind Bagad\.stmcufinder\plugins\mcufinder//mcu/
2026-05-04 10:55:39,265 [WARN] DbFile:41 - Overriding database path with different value: C:\Users\Asmita Milind Bagad\.stmcufinder\plugins\mcufinder/ => C:\Users\Asmita Milind Bagad\.stmcufinder\plugins\mcufinder
2026-05-04 10:55:39,265 [INFO] DbMcusAds:125 - Set database path to: C:\Users\Asmita Milind Bagad\.stmcufinder\plugins\mcufinder//mcu/
2026-05-04 10:55:39,265 [WARN] DbFile:41 - Overriding database path with different value: C:\Users\Asmita Milind Bagad\.stmcufinder\plugins\mcufinder/ => C:\Users\Asmita Milind Bagad\.stmcufinder\plugins\mcufinder
2026-05-04 10:55:39,265 [WARN] DbFile:41 - Overriding database path with different value: C:\Users\Asmita Milind Bagad\.stmcufinder\plugins\mcufinder/ => C:\Users\Asmita Milind Bagad\.stmcufinder\plugins\mcufinder
2026-05-04 10:55:39,265 [INFO] CrossReferenceDbSqlite:203 - Set database path to: C:\Users\Asmita Milind Bagad\.stmcufinder\plugins\mcufinder//mcu/cs/
2026-05-04 10:55:39,308 [INFO] ApplicationProperties:184 - Using Application install path: D:\STM32CubeIDE_1.19.0\STM32CubeIDE\plugins\com.st.stm32cube.common.mx_6.15.0.202507011659
2026-05-04 10:55:39,310 [INFO] PluginManage:196 - Search for loadable plugins [exclusion list=, ]
2026-05-04 10:55:39,312 [INFO] PluginManage:310 - Check plugin analytics
2026-05-04 10:55:39,623 [INFO] AnalyticsPlugin:253 - Accepted Software Licenses: 
2026-05-04 10:55:39,623 [INFO] AnalyticsPlugin:255 - Accepted CMSIS Pack Licenses: 
2026-05-04 10:55:39,624 [INFO] AnalyticsPlugin:257 - Accepted Firmware Licenses: FW.F4.1.28.0,FW.G4.1.6.0
2026-05-04 10:55:39,629 [INFO] PluginManage:359 - Loaded plugin analytics (category:tool,tabindex:-1)
2026-05-04 10:55:39,630 [INFO] PluginManage:310 - Check plugin cadmodel
2026-05-04 10:55:39,636 [INFO] CADModel:105 - Init CAD model plugin
2026-05-04 10:55:39,637 [INFO] PluginManage:359 - Loaded plugin cadmodel (category:power,tabindex:5)
2026-05-04 10:55:39,637 [INFO] PluginManage:310 - Check plugin clock
2026-05-04 10:55:39,650 [INFO] PluginManage:359 - Loaded plugin clock (category:base,tabindex:2)
2026-05-04 10:55:39,651 [INFO] PluginManage:310 - Check plugin ddr
2026-05-04 10:55:39,655 [INFO] PluginManage:359 - Loaded plugin ddr (category:tool,tabindex:6)
2026-05-04 10:55:39,655 [INFO] PluginManage:310 - Check plugin filemanager
2026-05-04 10:55:39,888 [INFO] PluginManage:359 - Loaded plugin filemanager (category:base,tabindex:10)
2026-05-04 10:55:39,889 [INFO] PluginManage:310 - Check plugin ipmanager
2026-05-04 10:55:39,901 [INFO] PluginManage:359 - Loaded plugin ipmanager (category:base,tabindex:5)
2026-05-04 10:55:39,901 [INFO] PluginManage:310 - Check plugin lpbam
2026-05-04 10:55:39,914 [INFO] PluginManage:359 - Loaded plugin lpbam (category:base,tabindex:0)
2026-05-04 10:55:39,915 [INFO] PluginManage:310 - Check plugin memorymap
2026-05-04 10:55:39,933 [INFO] PluginManage:359 - Loaded plugin memorymap (category:base,tabindex:4)
2026-05-04 10:55:39,935 [INFO] PluginManage:310 - Check plugin pinoutandconfiguration
2026-05-04 10:55:39,948 [INFO] PluginManage:359 - Loaded plugin pinoutandconfiguration (category:base,tabindex:1)
2026-05-04 10:55:39,948 [INFO] PluginManage:310 - Check plugin pinoutconfig
2026-05-04 10:55:40,091 [WARN] SupportedApi:132 - Cannot load RTOS API schema: s4s-elt-must-match.1: The content of 'definitions' must match (annotation?, (simpleType | complexType)?, (unique | key | keyref)*)). A problem was found starting at: attribute.
2026-05-04 10:55:40,288 [INFO] PluginManage:359 - Loaded plugin pinoutconfig (category:base,tabindex:0)
2026-05-04 10:55:40,289 [INFO] PluginManage:310 - Check plugin power
2026-05-04 10:55:40,301 [INFO] PluginManage:359 - Loaded plugin power (category:power,tabindex:4)
2026-05-04 10:55:40,301 [INFO] PluginManage:310 - Check plugin projectmanager
2026-05-04 10:55:40,327 [INFO] PluginManage:359 - Loaded plugin projectmanager (category:projectmanager,tabindex:4)
2026-05-04 10:55:40,328 [INFO] PluginManage:310 - Check plugin rif
2026-05-04 10:55:40,343 [INFO] PluginManage:359 - Loaded plugin rif (category:base,tabindex:3)
2026-05-04 10:55:40,344 [INFO] PluginManage:310 - Check plugin thirdparty
2026-05-04 10:55:40,529 [INFO] PluginManage:359 - Loaded plugin thirdparty (category:base,tabindex:-1)
2026-05-04 10:55:40,529 [INFO] PluginManage:310 - Check plugin tools
2026-05-04 10:55:40,529 [WARN] IntegrityCheckThread:84 - waiting for thirdparty lock release [integrity check]
2026-05-04 10:55:40,529 [INFO] IntegrityCheckThread:86 - entering critical section [integrity check]
2026-05-04 10:55:40,530 [INFO] ThirdPartyUpdaterWithRetryManager:70 - Updater plugin not ready yet. [1/15]
2026-05-04 10:55:40,532 [INFO] PluginManage:359 - Loaded plugin tools (category:base,tabindex:7)
2026-05-04 10:55:40,533 [INFO] PluginManage:310 - Check plugin tutovideos
2026-05-04 10:55:40,831 [INFO] PluginManage:359 - Loaded plugin tutovideos (category:base,tabindex:-1)
2026-05-04 10:55:40,831 [INFO] PluginManage:310 - Check plugin updater
2026-05-04 10:55:40,865 [INFO] PluginManage:359 - Loaded plugin updater (category:base,tabindex:12)
2026-05-04 10:55:40,865 [INFO] PluginManage:310 - Check plugin userauth
2026-05-04 10:55:40,870 [INFO] UserAuth:118 - Init User Auth plugin
2026-05-04 10:55:40,871 [INFO] PluginManage:359 - Loaded plugin userauth (category:base,tabindex:14)
2026-05-04 10:55:40,871 [INFO] PluginManage:283 - PluginManage : Loaded plugins [18]
2026-05-04 10:55:41,186 [INFO] PinOutPanel:1589 - setPackage(No Configuration,No Configuration)
2026-05-04 10:55:41,332 [INFO] CADModel:165 - CPN selected for project level
2026-05-04 10:55:41,332 [INFO] CADModel:114 - Register for checkConnection events
2026-05-04 10:55:41,353 [INFO] IPUIPlugin:80 - create IPUIPlugin
2026-05-04 10:55:41,354 [INFO] PluginManager:220 - loadIPPluginJar : add adc
2026-05-04 10:55:41,357 [INFO] IPUIPlugin:80 - create IPUIPlugin
2026-05-04 10:55:41,357 [INFO] PluginManager:220 - loadIPPluginJar : add aes
2026-05-04 10:55:41,360 [INFO] IPUIPlugin:80 - create IPUIPlugin
2026-05-04 10:55:41,360 [INFO] PluginManager:220 - loadIPPluginJar : add can
2026-05-04 10:55:41,362 [INFO] IPUIPlugin:80 - create IPUIPlugin
2026-05-04 10:55:41,362 [INFO] PluginManager:220 - loadIPPluginJar : add comp
2026-05-04 10:55:41,365 [INFO] IPUIPlugin:80 - create IPUIPlugin
2026-05-04 10:55:41,366 [INFO] PluginManager:220 - loadIPPluginJar : add cryp
2026-05-04 10:55:41,368 [INFO] IPUIPlugin:80 - create IPUIPlugin
2026-05-04 10:55:41,368 [INFO] PluginManager:220 - loadIPPluginJar : add ddr_ctrl_phy
2026-05-04 10:55:41,371 [INFO] IPUIPlugin:80 - create IPUIPlugin
2026-05-04 10:55:41,371 [INFO] PluginManager:220 - loadIPPluginJar : add dfsdm
2026-05-04 10:55:41,377 [INFO] IPUIPlugin:80 - create IPUIPlugin
2026-05-04 10:55:41,377 [INFO] PluginManager:220 - loadIPPluginJar : add dma
2026-05-04 10:55:41,379 [INFO] IPUIPlugin:80 - create IPUIPlugin
2026-05-04 10:55:41,380 [INFO] PluginManager:220 - loadIPPluginJar : add dma3
2026-05-04 10:55:41,382 [INFO] IPUIPlugin:80 - create IPUIPlugin
2026-05-04 10:55:41,383 [INFO] PluginManager:220 - loadIPPluginJar : add extmemmanager
2026-05-04 10:55:41,384 [INFO] IPUIPlugin:80 - create IPUIPlugin
2026-05-04 10:55:41,384 [INFO] PluginManager:220 - loadIPPluginJar : add fatfs
2026-05-04 10:55:41,389 [INFO] IPUIPlugin:80 - create IPUIPlugin
2026-05-04 10:55:41,390 [INFO] PluginManager:220 - loadIPPluginJar : add fmc
2026-05-04 10:55:41,396 [INFO] IPUIPlugin:80 - create IPUIPlugin
2026-05-04 10:55:41,397 [INFO] PluginManager:220 - loadIPPluginJar : add freertos
2026-05-04 10:55:41,398 [INFO] IPUIPlugin:80 - create IPUIPlugin
2026-05-04 10:55:41,398 [INFO] PluginManager:220 - loadIPPluginJar : add genericplugin
2026-05-04 10:55:41,400 [INFO] IPUIPlugin:80 - create IPUIPlugin
2026-05-04 10:55:41,401 [INFO] PluginManager:220 - loadIPPluginJar : add gfxmmu
2026-05-04 10:55:41,406 [INFO] IPUIPlugin:80 - create IPUIPlugin
2026-05-04 10:55:41,407 [INFO] PluginManager:220 - loadIPPluginJar : add gic
2026-05-04 10:55:41,411 [INFO] IPUIPlugin:80 - create IPUIPlugin
2026-05-04 10:55:41,412 [INFO] PluginManager:220 - loadIPPluginJar : add gpio
2026-05-04 10:55:41,415 [INFO] IPUIPlugin:80 - create IPUIPlugin
2026-05-04 10:55:41,415 [INFO] PluginManager:220 - loadIPPluginJar : add gtzc
2026-05-04 10:55:41,418 [INFO] IPUIPlugin:80 - create IPUIPlugin
2026-05-04 10:55:41,418 [INFO] PluginManager:220 - loadIPPluginJar : add hash
2026-05-04 10:55:41,421 [INFO] IPUIPlugin:80 - create IPUIPlugin
2026-05-04 10:55:41,421 [INFO] PluginManager:220 - loadIPPluginJar : add i2c
2026-05-04 10:55:41,424 [INFO] IPUIPlugin:80 - create IPUIPlugin
2026-05-04 10:55:41,425 [INFO] PluginManager:220 - loadIPPluginJar : add i2s
2026-05-04 10:55:41,428 [INFO] IPUIPlugin:80 - create IPUIPlugin
2026-05-04 10:55:41,428 [INFO] PluginManager:220 - loadIPPluginJar : add i3c
2026-05-04 10:55:41,432 [INFO] IPUIPlugin:80 - create IPUIPlugin
2026-05-04 10:55:41,432 [INFO] PluginManager:220 - loadIPPluginJar : add ipddr
2026-05-04 10:55:41,440 [INFO] IPUIPlugin:80 - create IPUIPlugin
2026-05-04 10:55:41,440 [INFO] PluginManager:220 - loadIPPluginJar : add linkedlist
2026-05-04 10:55:41,445 [INFO] IPUIPlugin:80 - create IPUIPlugin
2026-05-04 10:55:41,445 [INFO] PluginManager:220 - loadIPPluginJar : add lorawan
2026-05-04 10:55:41,447 [INFO] IPUIPlugin:80 - create IPUIPlugin
2026-05-04 10:55:41,447 [INFO] PluginManager:220 - loadIPPluginJar : add ltdc
2026-05-04 10:55:41,454 [INFO] IPUIPlugin:80 - create IPUIPlugin
2026-05-04 10:55:41,454 [INFO] PluginManager:220 - loadIPPluginJar : add mdma
2026-05-04 10:55:41,458 [INFO] IPUIPlugin:80 - create IPUIPlugin
2026-05-04 10:55:41,458 [INFO] PluginManager:220 - loadIPPluginJar : add nvic
2026-05-04 10:55:41,461 [INFO] IPUIPlugin:80 - create IPUIPlugin
2026-05-04 10:55:41,461 [INFO] PluginManager:220 - loadIPPluginJar : add opamp
2026-05-04 10:55:41,465 [INFO] IPUIPlugin:80 - create IPUIPlugin
2026-05-04 10:55:41,465 [INFO] PluginManager:220 - loadIPPluginJar : add openamp
2026-05-04 10:55:41,469 [INFO] IPUIPlugin:80 - create IPUIPlugin
2026-05-04 10:55:41,469 [INFO] PluginManager:220 - loadIPPluginJar : add pdm2pcm
2026-05-04 10:55:41,476 [INFO] IPUIPlugin:80 - create IPUIPlugin
2026-05-04 10:55:41,480 [INFO] PluginManager:220 - loadIPPluginJar : add plateformsettings
2026-05-04 10:55:41,481 [INFO] IPUIPlugin:80 - create IPUIPlugin
2026-05-04 10:55:41,482 [INFO] PluginManager:220 - loadIPPluginJar : add quadspi
2026-05-04 10:55:41,484 [INFO] IPUIPlugin:80 - create IPUIPlugin
2026-05-04 10:55:41,485 [INFO] PluginManager:220 - loadIPPluginJar : add radio
2026-05-04 10:55:41,488 [INFO] IPUIPlugin:80 - create IPUIPlugin
2026-05-04 10:55:41,488 [INFO] PluginManager:220 - loadIPPluginJar : add resmgrutility
2026-05-04 10:55:41,492 [INFO] IPUIPlugin:80 - create IPUIPlugin
2026-05-04 10:55:41,492 [INFO] PluginManager:220 - loadIPPluginJar : add sai
2026-05-04 10:55:41,494 [INFO] IPUIPlugin:80 - create IPUIPlugin
2026-05-04 10:55:41,494 [INFO] PluginManager:220 - loadIPPluginJar : add spi
2026-05-04 10:55:41,502 [INFO] IPUIPlugin:80 - create IPUIPlugin
2026-05-04 10:55:41,503 [INFO] PluginManager:220 - loadIPPluginJar : add stm32_wpan
2026-05-04 10:55:41,504 [INFO] IPUIPlugin:80 - create IPUIPlugin
2026-05-04 10:55:41,505 [INFO] PluginManager:220 - loadIPPluginJar : add tim
2026-05-04 10:55:41,508 [INFO] IPUIPlugin:80 - create IPUIPlugin
2026-05-04 10:55:41,508 [INFO] PluginManager:220 - loadIPPluginJar : add touchsensing
2026-05-04 10:55:41,510 [INFO] IPUIPlugin:80 - create IPUIPlugin
2026-05-04 10:55:41,511 [INFO] PluginManager:220 - loadIPPluginJar : add tracer_emb
2026-05-04 10:55:41,512 [INFO] IPUIPlugin:80 - create IPUIPlugin
2026-05-04 10:55:41,514 [INFO] PluginManager:220 - loadIPPluginJar : add ts
2026-05-04 10:55:41,515 [INFO] IPUIPlugin:80 - create IPUIPlugin
2026-05-04 10:55:41,515 [INFO] PluginManager:220 - loadIPPluginJar : add tsc
2026-05-04 10:55:41,517 [INFO] IPUIPlugin:80 - create IPUIPlugin
2026-05-04 10:55:41,517 [INFO] PluginManager:220 - loadIPPluginJar : add ucpd
2026-05-04 10:55:41,520 [INFO] IPUIPlugin:80 - create IPUIPlugin
2026-05-04 10:55:41,520 [INFO] PluginManager:220 - loadIPPluginJar : add usart
2026-05-04 10:55:41,523 [INFO] IPUIPlugin:80 - create IPUIPlugin
2026-05-04 10:55:41,523 [INFO] PluginManager:220 - loadIPPluginJar : add usbx
2026-05-04 10:55:41,693 [FATAL] Updater:351 - Updater called before beeing initialized
2026-05-04 10:55:41,739 [INFO] RulesReader:64 - Compatibility file has been processed (317 Rules)
2026-05-04 10:55:41,763 [INFO] RulesReader:64 - Compatibility file has been processed (317 Rules)
2026-05-04 10:55:41,774 [INFO] CADModel:165 - CPN selected for project level
2026-05-04 10:55:41,774 [INFO] CADModel:114 - Register for checkConnection events
2026-05-04 10:55:41,775 [FATAL] Updater:351 - Updater called before beeing initialized
2026-05-04 10:55:41,775 [ERROR] CADModel:125 - Updater not yet initialized, retry later 
2026-05-04 10:55:42,001 [FATAL] Updater:351 - Updater called before beeing initialized
2026-05-04 10:55:42,003 [INFO] CADModel:165 - CPN selected for project level
2026-05-04 10:55:42,003 [INFO] CADModel:114 - Register for checkConnection events
2026-05-04 10:55:42,003 [FATAL] Updater:351 - Updater called before beeing initialized
2026-05-04 10:55:42,003 [ERROR] CADModel:125 - Updater not yet initialized, retry later 
2026-05-04 10:55:42,008 [FATAL] Updater:351 - Updater called before beeing initialized
2026-05-04 10:55:42,168 [FATAL] Updater:351 - Updater called before beeing initialized
2026-05-04 10:55:42,175 [INFO] DbMcusAds:53 - JSON generation date=Thu Mar 05 20:02:52 IST 2026 (1772721172890)
2026-05-04 10:55:42,175 [FATAL] Updater:351 - Updater called before beeing initialized
2026-05-04 10:55:42,227 [WARN] DetailPanel:346 - Failed to get advertising image, set to default
2026-05-04 10:55:42,378 [FATAL] Updater:351 - Updater called before beeing initialized
2026-05-04 10:55:42,380 [FATAL] Updater:351 - Updater called before beeing initialized
2026-05-04 10:55:42,380 [FATAL] Updater:351 - Updater called before beeing initialized
2026-05-04 10:55:42,380 [WARN] DetailPanel:346 - Failed to get advertising image, set to default
2026-05-04 10:55:42,382 [FATAL] Updater:351 - Updater called before beeing initialized
2026-05-04 10:55:42,450 [ERROR] Updater:1198 - MainUpdater not yet initialized. External WinMGr cannot be set.
2026-05-04 10:55:42,453 [INFO] Updater:1134 - Updater Version found : 6.15.0
2026-05-04 10:55:42,475 [INFO] ApplicationProperties:184 - Using Application install path: D:\STM32CubeIDE_1.19.0\STM32CubeIDE\plugins\com.st.stm32cube.common.mx_6.15.0.202507011659
2026-05-04 10:55:43,532 [INFO] ThirdPartyUpdaterWithRetryManager:70 - Updater plugin not ready yet. [2/15]
2026-05-04 10:55:44,058 [ERROR] LogOutputStream:75 - [STDERR_REDIRECT] May 04, 2026 10:55:44 AM java.util.prefs.WindowsPreferences <init>
2026-05-04 10:55:44,060 [ERROR] LogOutputStream:75 - [STDERR_REDIRECT] WARNING: Could not open/create prefs root node Software\JavaSoft\Prefs at root 0xffffffff80000002. Windows RegCreateKeyEx(...) returned error code 5.
2026-05-04 10:55:44,060 [ERROR] LogOutputStream:75 - [STDERR_REDIRECT] 
2026-05-04 10:55:44,500 [INFO] MainUpdater:2872 - connection check result : 10
2026-05-04 10:55:44,502 [INFO] MainUpdater:289 - Updater Check For Update Now.
2026-05-04 10:55:44,502 [INFO] MicroXplorer:498 - Change Database Version : DB.6.0.150
2026-05-04 10:55:44,513 [INFO] McuFinderGlobals:63 - Set McuFinder mode to 2 (CubeIDE integrated)
2026-05-04 10:55:44,514 [INFO] UserAuth:487 - Internet connection configuration mode: 1
2026-05-04 10:55:44,566 [INFO] JxBrowserEngine:152 - Initiate JxBrowser Engine with user profile folder
2026-05-04 10:55:44,761 [INFO] CheckServerUpdateThread:120 - End of CheckServer Thread
2026-05-04 10:55:45,801 [INFO] WebApp:169 - Instantiating new browser for Auth
2026-05-04 10:55:47,053 [WARN] PackLoader:240 - Cannot read IP mode file for STMicroelectronics.X-CUBE-AZRTOS-H7.3.5.0
2026-05-04 10:55:47,078 [WARN] PackLoader:240 - Cannot read IP mode file for STMicroelectronics.FP-SNS-MOTENVWB1.1.4.0
2026-05-04 10:55:47,089 [WARN] PackLoader:240 - Cannot read IP mode file for STMicroelectronics.FP-ATR-ASTRA1.2.0.2
2026-05-04 10:55:47,105 [WARN] PackLoader:240 - Cannot read IP mode file for STMicroelectronics.X-CUBE-SMBUS.2.1.0
2026-05-04 10:55:47,115 [INFO] WebApp:463 - Apply proxy settings
2026-05-04 10:55:47,115 [INFO] WebApp:548 - Chromium requires no authentication
2026-05-04 10:55:47,137 [INFO] WebApp:491 - Direct internet connection detected
2026-05-04 10:55:47,141 [WARN] PackLoader:240 - Cannot read IP mode file for STMicroelectronics.X-CUBE-AZRTOS-F7.1.1.0
2026-05-04 10:55:47,157 [WARN] PackLoader:240 - Cannot read IP mode file for Cesanta.I-CUBE-Mongoose.7.19.0
2026-05-04 10:55:47,175 [WARN] PackLoader:240 - Cannot read IP mode file for WES.I-CUBE-Cesium.1.4.0
2026-05-04 10:55:47,188 [INFO] WebApp:900 - Register for checkConnection events
2026-05-04 10:55:47,188 [INFO] WebApp:463 - Apply proxy settings
2026-05-04 10:55:47,188 [INFO] WebApp:548 - Chromium requires no authentication
2026-05-04 10:55:47,189 [INFO] WebApp:491 - Direct internet connection detected
2026-05-04 10:55:47,218 [WARN] PackLoader:240 - Cannot read IP mode file for Infineon.AIROC-Wi-Fi-Bluetooth-STM32.1.7.1
2026-05-04 10:55:47,254 [WARN] PackLoader:240 - Cannot read IP mode file for STMicroelectronics.X-CUBE-AZRTOS-H7.3.4.0
2026-05-04 10:55:47,277 [WARN] PackLoader:240 - Cannot read IP mode file for STMicroelectronics.X-CUBE-DISPLAY.3.0.0
2026-05-04 10:55:47,299 [WARN] PackLoader:240 - Cannot read IP mode file for STMicroelectronics.X-CUBE-GNSS1.7.1.1
2026-05-04 10:55:47,306 [WARN] PackLoader:240 - Cannot read IP mode file for STMicroelectronics.FP-SNS-MOTENVWB1.1.5.0
2026-05-04 10:55:47,314 [WARN] PackLoader:240 - Cannot read IP mode file for STMicroelectronics.X-CUBE-NFC10.1.0.0
2026-05-04 10:55:47,324 [WARN] PackLoader:240 - Cannot read IP mode file for emotas.I-CUBE-CANOPEN.1.3.0
2026-05-04 10:55:47,332 [WARN] PackLoader:240 - Cannot read IP mode file for STMicroelectronics.X-CUBE-GNSS1.7.1.0
2026-05-04 10:55:47,342 [WARN] PackLoader:240 - Cannot read IP mode file for STMicroelectronics.FP-SNS-SMARTAG2.1.2.0
2026-05-04 10:55:47,350 [WARN] PackLoader:240 - Cannot read IP mode file for STMicroelectronics.FP-SNS-FLIGHT1.5.1.0
2026-05-04 10:55:47,362 [INFO] LogOutputStream:77 - [STDOUT_REDIRECT] 1 : Invalid condition id : UX_CORESTACK_Condition cause : null
2026-05-04 10:55:47,363 [INFO] LogOutputStream:77 - [STDOUT_REDIRECT] 1 : Invalid condition id : UX_CORESTACK_Condition cause : null
2026-05-04 10:55:47,365 [INFO] LogOutputStream:77 - [STDOUT_REDIRECT] 1 : Invalid condition id : UX_CORESTACK_Condition cause : null
2026-05-04 10:55:47,367 [INFO] LogOutputStream:77 - [STDOUT_REDIRECT] 1 : Invalid condition id : UX_CORESTACK_Condition cause : null
2026-05-04 10:55:47,369 [INFO] LogOutputStream:77 - [STDOUT_REDIRECT] 1 : Invalid condition id : UX_CORESTACK_Condition cause : null
2026-05-04 10:55:47,373 [WARN] PackLoader:240 - Cannot read IP mode file for STMicroelectronics.X-CUBE-AZRTOS-WL.2.0.0
2026-05-04 10:55:47,415 [WARN] PackLoader:240 - Cannot read IP mode file for STMicroelectronics.X-CUBE-AZRTOS-H7RS.1.2.0
2026-05-04 10:55:47,429 [WARN] PackLoader:240 - Cannot read IP mode file for STMicroelectronics.X-CUBE-BLE2.3.3.0
2026-05-04 10:55:47,464 [WARN] PackLoader:240 - Cannot read IP mode file for STMicroelectronics.X-CUBE-NFC9.1.0.0
2026-05-04 10:55:47,474 [WARN] PackLoader:240 - Cannot read IP mode file for wolfSSL.I-CUBE-wolfSSL.5.8.2
2026-05-04 10:55:47,484 [WARN] PackLoader:240 - Cannot read IP mode file for STMicroelectronics.X-CUBE-BLE1.7.1.0
2026-05-04 10:55:47,490 [WARN] PackLoader:240 - Cannot read IP mode file for wolfSSL.I-CUBE-wolfMQTT.1.19.2
2026-05-04 10:55:47,499 [WARN] PackLoader:240 - Cannot read IP mode file for STMicroelectronics.X-CUBE-FREERTOS.1.4.0
2026-05-04 10:55:47,509 [WARN] PackLoader:240 - Cannot read IP mode file for STMicroelectronics.FP-SNS-STAIOTCFT.1.1.0
2026-05-04 10:55:47,575 [WARN] PackLoader:240 - Cannot read IP mode file for STMicroelectronics.X-CUBE-MEMS1.12.0.0
2026-05-04 10:55:47,619 [INFO] WebApp:225 - Starting web application
2026-05-04 10:55:47,620 [INFO] WebApp:593 - Web application path used D:\STM32CubeIDE_1.19.0\STM32CubeIDE\plugins\com.st.stm32cube.common.mx_6.15.0.202507011659\db\plugins\mcufinder\reactClient1\index.html
2026-05-04 10:55:47,678 [INFO] WebApp:191 - Connection restablished
2026-05-04 10:55:47,804 [WARN] PackLoader:240 - Cannot read IP mode file for STMicroelectronics.X-CUBE-AZRTOS-G0.1.1.0
2026-05-04 10:55:47,807 [INFO] UserAuth:487 - Internet connection configuration mode: 1
2026-05-04 10:55:47,823 [WARN] PackLoader:240 - Cannot read IP mode file for STMicroelectronics.X-CUBE-SAFEA1.1.2.2
2026-05-04 10:55:47,839 [WARN] PackLoader:240 - Cannot read IP mode file for STMicroelectronics.X-CUBE-NFC4.3.0.0
2026-05-04 10:55:47,858 [WARN] PackLoader:240 - Cannot read IP mode file for EmbeddedOffice.I-CUBE-FS-RTOS.1.0.1
2026-05-04 10:55:47,869 [WARN] PackLoader:240 - Cannot read IP mode file for STMicroelectronics.X-CUBE-WB05N.2.0.0
2026-05-04 10:55:47,891 [WARN] PackLoader:240 - Cannot read IP mode file for wolfSSL.I-CUBE-wolfTPM.3.8.0
2026-05-04 10:55:47,904 [WARN] PackLoader:240 - Cannot read IP mode file for STMicroelectronics.X-CUBE-TCPP.4.2.0
2026-05-04 10:55:47,922 [WARN] PackLoader:240 - Cannot read IP mode file for RealThread.X-CUBE-RT-Thread_Nano.4.1.1
2026-05-04 10:55:47,931 [WARN] PackLoader:240 - Cannot read IP mode file for STMicroelectronics.FP-ATR-SIGFOX1.3.2.0
2026-05-04 10:55:47,941 [WARN] PackLoader:240 - Cannot read IP mode file for STMicroelectronics.X-CUBE-FREERTOS.1.5.0
2026-05-04 10:55:47,955 [WARN] PackLoader:240 - Cannot read IP mode file for ITTIA_DB.I-CUBE-ITTIADB.8.9.0
2026-05-04 10:55:47,969 [WARN] PackLoader:240 - Cannot read IP mode file for STMicroelectronics.X-CUBE-NFC6.3.2.0
2026-05-04 10:55:48,092 [WARN] PackLoader:240 - Cannot read IP mode file for STMicroelectronics.X-CUBE-MEMS1.12.1.0
2026-05-04 10:55:48,302 [WARN] PackLoader:240 - Cannot read IP mode file for SEGGER.I-CUBE-embOS.1.3.1
2026-05-04 10:55:48,389 [WARN] PackLoader:240 - Cannot read IP mode file for STMicroelectronics.X-CUBE-ALGOBUILD.1.4.0
2026-05-04 10:55:48,455 [WARN] PackLoader:240 - Cannot read IP mode file for STMicroelectronics.X-CUBE-MEMS1.11.3.0
2026-05-04 10:55:48,629 [WARN] PackLoader:240 - Cannot read IP mode file for STMicroelectronics.X-CUBE-PM33A1.1.0.0
2026-05-04 10:55:48,664 [WARN] PackLoader:240 - Cannot read IP mode file for STMicroelectronics.X-CUBE-AZRTOS-F4.1.1.0
2026-05-04 10:55:48,676 [WARN] PackLoader:240 - Cannot read IP mode file for STMicroelectronics.X-CUBE-ISPU.2.1.0
2026-05-04 10:55:48,685 [WARN] PackLoader:240 - Cannot read IP mode file for STMicroelectronics.eDS-WB_DPC_TT-BIDIR.2.1.1
2026-05-04 10:55:48,711 [WARN] PackLoader:240 - Cannot read IP mode file for STMicroelectronics.X-CUBE-AZRTOS-L5.2.0.0
2026-05-04 10:55:48,723 [WARN] PackLoader:240 - Cannot read IP mode file for STMicroelectronics.X-CUBE-NFC6.3.1.0
2026-05-04 10:55:48,730 [WARN] PackLoader:240 - Cannot read IP mode file for STMicroelectronics.eDS-WB_DPC_VIENNA.1.2.0
2026-05-04 10:55:48,735 [WARN] PackLoader:240 - Cannot read IP mode file for STMicroelectronics.eDS-WB_DPC_3PH2L-BIDIR.1.1.1
2026-05-04 10:55:48,743 [ERROR] Engine:466 - C:\Users\Asmita Milind Bagad\.stm32cubemx\thirdparties\pdsc\STMicroelectronics.X-CUBE-ST67W61.1.3.0.pdsc: PDSC version is not supported
2026-05-04 10:55:48,750 [WARN] PackLoader:240 - Cannot read IP mode file for STMicroelectronics.X-CUBE-FREERTOS.1.3.1
2026-05-04 10:55:48,758 [WARN] PackLoader:240 - Cannot read IP mode file for STMicroelectronics.X-CUBE-TOUCHGFX.4.26.0
2026-05-04 10:55:48,762 [WARN] PackLoader:240 - Cannot read IP mode file for STMicroelectronics.X-CUBE-TOUCHGFX.4.26.1
2026-05-04 10:55:48,767 [WARN] PackLoader:240 - Cannot read IP mode file for STMicroelectronics.FP-SNS-STAIOTCFT.1.0.0
2026-05-04 10:55:48,774 [WARN] PackLoader:240 - Cannot read IP mode file for STMicroelectronics.X-CUBE-DPower.1.3.0
2026-05-04 10:55:48,796 [WARN] ConditionMgr:438 - getConditionDescription Invalid condition id : LAN8742 Phy interface Condition cause : null
2026-05-04 10:55:48,797 [WARN] PackLoader:240 - Cannot read IP mode file for STMicroelectronics.X-CUBE-AZRTOS-L4.2.0.0
2026-05-04 10:55:48,799 [WARN] ConditionMgr:1044 - genDependencies : Invalid condition id : LAN8742 Phy interface Condition cause : null
2026-05-04 10:55:48,799 [WARN] ConditionMgr:1044 - genDependencies : Invalid condition id : LAN8742 Phy interface Condition cause : null
2026-05-04 10:55:48,799 [WARN] ConditionMgr:1044 - genDependencies : Invalid condition id : LAN8742 Phy interface Condition cause : null
2026-05-04 10:55:48,809 [WARN] PackLoader:240 - Cannot read IP mode file for STMicroelectronics.X-CUBE-SFXS2LP1.4.0.0
2026-05-04 10:55:48,816 [WARN] PackLoader:240 - Cannot read IP mode file for STMicroelectronics.X-CUBE-WB05N.2.1.0
2026-05-04 10:55:48,825 [WARN] PackLoader:240 - Cannot read IP mode file for STMicroelectronics.X-CUBE-ST67W61.1.2.0
2026-05-04 10:55:48,839 [WARN] ConditionMgr:438 - getConditionDescription Invalid condition id : UX DEVICE CLASS RTOS Condition cause : null
2026-05-04 10:55:48,839 [WARN] ConditionMgr:438 - getConditionDescription Invalid condition id : UX DEVICE CLASS RTOS Condition cause : null
2026-05-04 10:55:48,842 [WARN] PackLoader:240 - Cannot read IP mode file for STMicroelectronics.X-CUBE-AZRTOS-WB.2.0.0
2026-05-04 10:55:48,842 [WARN] ConditionMgr:1044 - genDependencies : Invalid condition id : UX DEVICE CLASS RTOS Condition cause : null
2026-05-04 10:55:48,843 [WARN] ConditionMgr:1044 - genDependencies : Invalid condition id : UX DEVICE CLASS RTOS Condition cause : null
2026-05-04 10:55:48,843 [WARN] ConditionMgr:1044 - genDependencies : Invalid condition id : UX DEVICE CLASS RTOS Condition cause : null
2026-05-04 10:55:48,843 [WARN] ConditionMgr:1044 - genDependencies : Invalid condition id : UX DEVICE CLASS RTOS Condition cause : null
2026-05-04 10:55:48,843 [WARN] ConditionMgr:1044 - genDependencies : Invalid condition id : UX DEVICE CLASS RTOS Condition cause : null
2026-05-04 10:55:48,850 [WARN] ConditionMgr:438 - getConditionDescription Invalid condition id : Cortex-A Device cause : null
2026-05-04 10:55:48,879 [WARN] ConditionMgr:1044 - genDependencies : Invalid condition id : Cortex-A Device cause : null
2026-05-04 10:55:48,879 [WARN] ConditionMgr:1044 - genDependencies : Invalid condition id : Cortex-A Device cause : null
2026-05-04 10:55:48,879 [WARN] ConditionMgr:1044 - genDependencies : Invalid condition id : Cortex-A Device cause : null
2026-05-04 10:55:48,887 [WARN] PackLoader:240 - Cannot read IP mode file for STMicroelectronics.X-CUBE-STSE01.2.0.0
2026-05-04 10:55:48,899 [WARN] PackLoader:240 - Cannot read IP mode file for STMicroelectronics.X-CUBE-SUBG2.5.0.0
2026-05-04 10:55:48,920 [WARN] PackLoader:240 - Cannot read IP mode file for STMicroelectronics.X-CUBE-AZRTOS-H7RS.1.1.0
2026-05-04 10:55:48,943 [WARN] PackLoader:240 - Cannot read IP mode file for STMicroelectronics.X-CUBE-AZRTOS-G4.2.0.0
2026-05-04 10:55:48,950 [WARN] PackLoader:240 - Cannot read IP mode file for wolfSSL.I-CUBE-wolfSSH.1.4.20
2026-05-04 10:55:48,956 [WARN] PackLoader:240 - Cannot read IP mode file for STMicroelectronics.X-CUBE-NFC7.2.0.0
2026-05-04 10:55:48,962 [WARN] PackLoader:240 - Cannot read IP mode file for STMicroelectronics.X-CUBE-ALS.1.0.2
2026-05-04 10:55:48,969 [WARN] PackLoader:240 - Cannot read IP mode file for STMicroelectronics.X-CUBE-STSE01.1.0.0
2026-05-04 10:55:48,983 [WARN] PackLoader:240 - Cannot read IP mode file for STMicroelectronics.X-CUBE-TOF1.3.4.3
2026-05-04 10:55:48,993 [INFO] ThirdParty:978 - Integrity check success = true
2026-05-04 10:55:48,993 [INFO] IntegrityCheckThread:100 - exiting critical section [integrity check]
2026-05-04 10:55:48,993 [INFO] IntegrityCheckThread:103 - End integrity checks thread
2026-05-04 10:56:11,711 [INFO] McuFinderGlobals:63 - Set McuFinder mode to 2 (CubeIDE integrated)
2026-05-04 10:56:11,715 [INFO] MainUpdater:2872 - connection check result : 10
2026-05-04 10:56:11,743 [INFO] McuFinderGlobals:76 - Set McuFinderConnectedMode to true
2026-05-04 10:56:11,987 [INFO] ServerAccessManage:452 - Complete download http(s) 200
2026-05-04 10:56:11,989 [INFO] ServerAccessManage:509 - Download File mcusAds.json._tmp_
2026-05-04 10:56:12,105 [INFO] LoadUrlFilesThread:156 - End of LoadUrlFiles Thread
2026-05-04 10:56:12,268 [INFO] ServerAccessManage:452 - Complete download http(s) 200
2026-05-04 10:56:12,269 [INFO] ServerAccessManage:509 - Download File cube-finder-db.zip
2026-05-04 10:56:17,343 [INFO] FileExtend:248 - Unzip File : cube-finder-db.zip
2026-05-04 10:56:17,343 [INFO] FileExtend:263 - Standard Zip Deflate
2026-05-04 10:56:18,729 [INFO] LoadUrlFilesThread:156 - End of LoadUrlFiles Thread
2026-05-04 10:56:19,611 [INFO] ServerAccessManage:452 - Complete download http(s) 200
2026-05-04 10:56:19,612 [INFO] ServerAccessManage:509 - Download File crdb.zip
2026-05-04 10:56:20,393 [INFO] FileExtend:248 - Unzip File : crdb.zip
2026-05-04 10:56:20,393 [INFO] FileExtend:263 - Standard Zip Deflate
2026-05-04 10:56:20,554 [INFO] LoadUrlFilesThread:156 - End of LoadUrlFiles Thread
2026-05-04 10:56:20,682 [INFO] ServerAccessManage:452 - Complete download http(s) 200
2026-05-04 10:56:20,683 [INFO] ServerAccessManage:509 - Download File tutoVideoDB.zip
2026-05-04 10:56:20,714 [INFO] FileExtend:248 - Unzip File : tutoVideoDB.zip
2026-05-04 10:56:20,715 [INFO] FileExtend:263 - Standard Zip Deflate
2026-05-04 10:56:20,832 [INFO] LoadUrlFilesThread:156 - End of LoadUrlFiles Thread
2026-05-04 10:56:20,835 [WARN] DbFile:41 - Overriding database path with different value: C:\Users\Asmita Milind Bagad\.stmcufinder\plugins\mcufinder/ => C:\Users\Asmita Milind Bagad\.stmcufinder\plugins\mcufinder
2026-05-04 10:56:20,963 [INFO] ServerAccessManage:452 - Complete download http(s) 200
2026-05-04 10:56:20,964 [INFO] ServerAccessManage:509 - Download File api_config.json
2026-05-04 10:56:21,079 [INFO] LoadUrlFilesThread:156 - End of LoadUrlFiles Thread
2026-05-04 10:56:21,081 [INFO] DbMcusAds:53 - JSON generation date=Mon Apr 27 13:44:29 IST 2026 (1777277669577)
2026-05-04 10:56:21,166 [INFO] ServerAccessManage:452 - Complete download http(s) 200
2026-05-04 10:56:21,167 [INFO] ServerAccessManage:509 - Download File 
2026-05-04 10:56:21,186 [INFO] LoadUrlFilesThread:185 - End of LoadServerUrlFiles without Thread
2026-05-04 10:56:21,188 [INFO] TargetSelectorAdapter:259 - Refresh data is successful
2026-05-04 10:56:21,517 [INFO] ApiDb:581 - Connected to CubeFinder SQLite database (C:\Users\Asmita Milind Bagad\.stmcufinder\plugins\mcufinder\mcu\cube-finder-db.db)
2026-05-04 10:56:21,713 [INFO] ApiDb:668 - CubeFinder database Data Model version=2.1
2026-05-04 10:56:21,713 [INFO] ApiDb:669 - CubeFinder database Configuration version=3.0.42
2026-05-04 10:56:21,713 [INFO] ApiDb:670 - CubeFinder database generation date=2026-03-11 (1773229989)
2026-05-04 10:56:21,713 [INFO] ApiDb:671 - CubeFinder database FW Pack versions=[FP-ATR-ASTRA1_V2.0.0, FP-SNS-FLIGHT1_V5.1.0, FP-SNS-MOTENV1_V5.1.0, FP-SNS-MOTENVWB1_V1.5.0, FP-SNS-SMARTAG2_V1.2.0, FP-SNS-STBOX1_V2.1.0, STM32Cube_FW_C0_V1.4.0, STM32Cube_FW_F4_V1.28.3, STM32Cube_FW_F7_V1.17.4, STM32Cube_FW_G0_V1.6.3, STM32Cube_FW_G4_V1.6.2, STM32Cube_FW_H5_V1.6.0, STM32Cube_FW_H7RS_V1.3.0, STM32Cube_FW_H7_V1.13.0, STM32Cube_FW_L0_V1.12.2, STM32Cube_FW_L4_V1.18.2, STM32Cube_FW_L5_V1.6.0, STM32Cube_FW_N6_V1.3.0, STM32Cube_FW_U0_V1.3.0, STM32Cube_FW_U3_V1.3.0, STM32Cube_FW_U5_V1.8.0, STM32Cube_FW_WB0_V1.4.0, STM32Cube_FW_WBA_V1.9.0, STM32Cube_FW_WB_V1.24.0, STM32Cube_FW_WL3_V1.4.0, STM32Cube_FW_WL_V1.5.0, X-CUBE-ALGOBUILD_V1.4.0, X-CUBE-ALS_V1.0.2, X-CUBE-AZRTOS-F4_V1.1.0, X-CUBE-AZRTOS-F7_V1.1.0, X-CUBE-AZRTOS-G0_V1.1.0, X-CUBE-AZRTOS-G4_V2.0.0, X-CUBE-AZRTOS-H7RS_V1.1.0, X-CUBE-AZRTOS-H7_V3.4.0, X-CUBE-AZRTOS-L4_V2.0.0, X-CUBE-AZRTOS-L5_V2.0.0, X-CUBE-AZRTOS-WB_V2.0.0, X-CUBE-AZRTOS-WL_V2.0.0, X-CUBE-BLE1_V7.1.0, X-CUBE-BLE2_V3.3.0, X-CUBE-BLEMGR_V4.1.0, X-CUBE-EEPRMA1_V5.2.0, X-CUBE-FREERTOS_V1.5.0, X-CUBE-GNSS1_V6.0.0, X-CUBE-MEMS1_V12.0.0, X-CUBE-NFC4_V3.0.0, X-CUBE-NFC7_V2.0.0, X-CUBE-SFXS2LP1_V4.0.0, X-CUBE-ST67W61_V1.2.0, X-CUBE-SUBG2_V5.0.0, X-CUBE-TOF1_V3.4.3]
2026-05-04 10:56:27,022 [INFO] ApiDb:240 - Found 880 in-development CPN: [B-G473E-ZEST1S, B-WB1M-WPAN1, B-WBA5M-WPAN, B-WL5M-SUBG1, NUCLEO-C031C6, NUCLEO-C051C8, NUCLEO-C071RB, NUCLEO-C092RC, NUCLEO-H503RB, NUCLEO-H533RE, NUCLEO-H563ZI, NUCLEO-H7S3L8, NUCLEO-N657X0-Q, NUCLEO-U031R8, NUCLEO-U083RC, NUCLEO-U385RG-Q, NUCLEO-U545RE-Q, NUCLEO-U5A5ZJ-Q, NUCLEO-WB05KZ, NUCLEO-WB07CC, NUCLEO-WB09KE, NUCLEO-WBA52CG, NUCLEO-WBA55CG, NUCLEO-WL33CC1, NUCLEO-WL33CC2, STEVAL-PROTEUS1, STEVAL-SMARTAG2, STEVAL-STWINBX1, STM320518-EVAL, STM32C0116-DK, STM32C011D6Y3TR, STM32C011D6Y6TR, STM32C011F4P3, STM32C011F4P6, STM32C011F4U3, STM32C011F4U6TR, STM32C011F6P3, STM32C011F6P6, STM32C011F6U3, STM32C011F6U6TR, STM32C011J4M3, STM32C011J4M6, STM32C011J6M3, STM32C011J6M6, STM32C0316-DK, STM32C031C4T3, STM32C031C4T6, STM32C031C4U3, STM32C031C4U6, STM32C031C6T3, STM32C031C6T6, STM32C031C6U3, STM32C031C6U6, STM32C031F4P3, STM32C031F4P6, STM32C031F6P3, STM32C031F6P6, STM32C031G4U3, STM32C031G4U6, STM32C031G6U3, STM32C031G6U6, STM32C031K4T3, STM32C031K4T6, STM32C031K4U3, STM32C031K4U6, STM32C031K6T3, STM32C031K6T6, STM32C031K6U3, STM32C031K6U6, STM32C051C6T6, STM32C051C6U6, STM32C051C8T6, STM32C051C8U6, STM32C051D8Y6TR, STM32C051F6P6, STM32C051F8P6, STM32C051G6U6, STM32C051G8U6, STM32C051K6T6, STM32C051K6U6, STM32C051K8T6, STM32C071C8T6, STM32C071C8T6N, STM32C071C8U6, STM32C071C8U6N, STM32C071CBT6, STM32C071CBT6N, STM32C071CBU6, STM32C071CBU6N, STM32C071F8P6, STM32C071F8P6N, STM32C071FBP6, STM32C071FBP6N, STM32C071FBY6TR, STM32C071G8U6, STM32C071G8U6N, STM32C071GBU6, STM32C071GBU6N, STM32C071K8T6, STM32C071K8T6N, STM32C071K8U6, STM32C071K8U6N, STM32C071KBT6, STM32C071KBT6N, STM32C071KBU6, STM32C071KBU6N, STM32C071R8T6, STM32C071R8T6N, STM32C071RBI6N, STM32C071RBT6, STM32C071RBT6N, STM32C091CBT6, STM32C091CBU6, STM32C091CCT6, STM32C091CCU6, STM32C091ECY6TR, STM32C091FBP6, STM32C091FCP6, STM32C091GBU6, STM32C091GCU6, STM32C091KBT6, STM32C091KBU6, STM32C091KCT6, STM32C091KCU6, STM32C091RBT6, STM32C091RCI6, STM32C091RCT6, STM32C092CBT6, STM32C092CBU6, STM32C092CCT6, STM32C092CCU6, STM32C092ECY6TR, STM32C092FBP6, STM32C092FCP6, STM32C092GBU6, STM32C092GCU6, STM32C092KBT6, STM32C092KBU6, STM32C092KCT6, STM32C092KCU6, STM32C092RBT6, STM32C092RCI6, STM32C092RCT6, STM32G071K8TXN, STM32G071K8UXN, STM32G081GBU6N, STM32G081KBT6N, STM32G081KBUXN, STM32G0B1CCT6N, STM32G0B1KCT6, STM32G0B1NEY6TR, STM32G0B1RCT6N, STM32G0C1CCT6, STM32G0C1CCT6N, STM32G0C1CCU6N, STM32G0C1CET6N, STM32G0C1CEU6N, STM32G0C1KCT6, STM32G0C1NEY6TR, STM32G0C1RCI6N, STM32G0C1RCT6N, STM32G0C1REI6N, STM32G0C1RET6N, STM32G0C1VCI6, STM32G0C1VEI6, STM32G411C6T3, STM32G411C6T6, STM32G411C6U3, STM32G411C6U6, STM32G411C8T3, STM32G411C8T6, STM32G411C8U3, STM32G411C8U6, STM32G411CBT3, STM32G411CBT6, STM32G411CBU3, STM32G411CBU6, STM32G411K6T3, STM32G411K6T6, STM32G411K6U3, STM32G411K6U6, STM32G411K8T3, STM32G411K8T6, STM32G411K8U3, STM32G411K8U6, STM32G411KBT3, STM32G411KBT6, STM32G411KBU3, STM32G411KBU6, STM32G411M6T3, STM32G411M6T6, STM32G411M8T3, STM32G411M8T6, STM32G411MBT3, STM32G411MBT6, STM32G411R6T3, STM32G411R6T6, STM32G411R8T3, STM32G411R8T6, STM32G411RBT3, STM32G411RBT6, STM32G414CBT3, STM32G414CBT6, STM32G414CBU3, STM32G414CBU6, STM32G414CCT3, STM32G414CCT6, STM32G414CCU3, STM32G414CCU6, STM32G414MBT3, STM32G414MBT6, STM32G414MCT3, STM32G414MCT6, STM32G414RBT3, STM32G414RBT6, STM32G414RCT3, STM32G414RCT6, STM32G414VBT3, STM32G414VBT6, STM32G414VCT3, STM32G414VCT6, STM32G431CBT3Z, STM32G431RBT3Z, STM32G471CCT6, STM32G471CCU6, STM32G471CET3, STM32G471CET6, STM32G471CEU3, STM32G471CEU6, STM32G471MCT6, STM32G471MET3, STM32G471MET6, STM32G471MEY6TR, STM32G471QCT6, STM32G471QET3, STM32G471RCT6, STM32G471RET3, STM32G471RET6, STM32G471VCH6, STM32G471VCI6, STM32G471VCT6, STM32G471VEH3, STM32G471VEH6, STM32G471VEI3, STM32G471VEI6, STM32G471VET3, STM32G471VET6, STM32G473QET3Z, STM32G473RET3Z, STM32G474CCT6, STM32G491RET3Z, STM32H503CBT6, STM32H503CBU6, STM32H503EBY6TR, STM32H503KBU6, STM32H503RBT6, STM32H523CCT6, STM32H523CCU6, STM32H523CET6, STM32H523CEU6, STM32H523HEY6TR, STM32H523RCT6, STM32H523RET6, STM32H523VCI6, STM32H523VCT6, STM32H523VEI6, STM32H523VET6, STM32H523ZCJ6, STM32H523ZCT6, STM32H523ZEJ6, STM32H523ZET6, STM32H533CET6, STM32H533CEU6, STM32H533HEY6TR, STM32H533RET6, STM32H533VEI6, STM32H533VET6, STM32H533ZEJ6, STM32H533ZET6, STM32H562AGI6, STM32H562AII6, STM32H562IGK6, STM32H562IGT6, STM32H562IIK6, STM32H562IIT6, STM32H562RGT6, STM32H562RGV6, STM32H562RIT6, STM32H562RIV6, STM32H562VGT6, STM32H562VIT6, STM32H562ZGT6, STM32H562ZIT6, STM32H563AGI6, STM32H563AII3Q, STM32H563AII6, STM32H563IGK6, STM32H563IGT6, STM32H563IIK3Q, STM32H563IIK6, STM32H563IIT3Q, STM32H563IIT6, STM32H563MIY3QTR, STM32H563RGT6, STM32H563RGV6, STM32H563RIT6, STM32H563RIV6, STM32H563VGT6, STM32H563VIT3Q, STM32H563VIT6, STM32H563ZGT6, STM32H563ZIT3Q, STM32H563ZIT6, STM32H573AII3Q, STM32H573AII6, STM32H573I-DK, STM32H573IIK3Q, STM32H573IIK6, STM32H573IIT3Q, STM32H573IIT6, STM32H573MIY3QTR, STM32H573RIT6, STM32H573RIV6, STM32H573VIT3Q, STM32H573VIT6, STM32H573ZIT3Q, STM32H573ZIT6, STM32H7R3A8I6, STM32H7R3I8K6, STM32H7R3I8T6, STM32H7R3L8H6, STM32H7R3L8H6H, STM32H7R3R8V6, STM32H7R3V8H6, STM32H7R3V8T6, STM32H7R3V8Y6TR, STM32H7R3Z8J6, STM32H7R3Z8T6, STM32H7R7A8I6, STM32H7R7I8K6, STM32H7R7I8T6, STM32H7R7L8H6, STM32H7R7L8H6H, STM32H7R7Z8J6, STM32H7S3A8I6, STM32H7S3I8K6, STM32H7S3I8T6, STM32H7S3L8H6, STM32H7S3L8H6H, STM32H7S3R8V6, STM32H7S3V8H6, STM32H7S3V8T6, STM32H7S3V8Y6TR, STM32H7S3Z8J6, STM32H7S3Z8T6, STM32H7S78-DK, STM32H7S7A8I6, STM32H7S7I8K6, STM32H7S7I8T6, STM32H7S7L8H6, STM32H7S7L8H6H, STM32H7S7Z8J6, STM32L4R5QGI6STR, STM32MP131AAE3, STM32MP131AAF3, STM32MP131AAG3, STM32MP131CAE3, STM32MP131CAF3, STM32MP131CAG3, STM32MP131DAE7, STM32MP131DAF7, STM32MP131DAG7, STM32MP131FAE7, STM32MP131FAF7, STM32MP131FAG7, STM32MP133AAE3, STM32MP133AAF3, STM32MP133AAG3, STM32MP133CAE3, STM32MP133CAF3, STM32MP133CAG3, STM32MP133DAE7, STM32MP133DAF7, STM32MP133DAG7, STM32MP133FAE7, STM32MP133FAF7, STM32MP133FAG7, STM32MP135AAE3, STM32MP135AAF3, STM32MP135AAG3, STM32MP135CAE3, STM32MP135CAF3, STM32MP135CAG3, STM32MP135DAE7, STM32MP135DAF7, STM32MP135DAG7, STM32MP135F-DK, STM32MP135FAE7, STM32MP135FAF7, STM32MP135FAF7T, STM32MP135FAF7U, STM32MP135FAG7, STM32MP211AAL3, STM32MP211AAM3, STM32MP211AAN3, STM32MP211AAO3, STM32MP211CAL3, STM32MP211CAM3, STM32MP211CAN3, STM32MP211CAO3, STM32MP211DAL3, STM32MP211DAM3, STM32MP211DAN3, STM32MP211DAO3, STM32MP211FAL3, STM32MP211FAM3, STM32MP211FAN3, STM32MP211FAO3, STM32MP213AAL3, STM32MP213AAM3, STM32MP213AAN3, STM32MP213AAO3, STM32MP213CAL3, STM32MP213CAM3, STM32MP213CAN3, STM32MP213CAO3, STM32MP213DAL3, STM32MP213DAM3, STM32MP213DAN3, STM32MP213DAO3, STM32MP213FAL3, STM32MP213FAM3, STM32MP213FAN3, STM32MP213FAO3, STM32MP215AAL3, STM32MP215AAM3, STM32MP215AAN3, STM32MP215AAO3, STM32MP215CAL3, STM32MP215CAM3, STM32MP215CAN3, STM32MP215CAO3, STM32MP215DAL3, STM32MP215DAM3, STM32MP215DAN3, STM32MP215DAO3, STM32MP215F-DK, STM32MP215FAL3, STM32MP215FAM3, STM32MP215FAN3, STM32MP215FAO3, STM32MP231AAJ3, STM32MP231AAK3, STM32MP231AAL3, STM32MP231CAJ3, STM32MP231CAK3, STM32MP231CAL3, STM32MP231DAJ3, STM32MP231DAK3, STM32MP231DAL3, STM32MP231FAJ3, STM32MP231FAK3, STM32MP231FAL3, STM32MP233AAJ3, STM32MP233AAK3, STM32MP233AAL3, STM32MP233CAJ3, STM32MP233CAK3, STM32MP233CAL3, STM32MP233DAJ3, STM32MP233DAK3, STM32MP233DAL3, STM32MP233FAJ3, STM32MP233FAK3, STM32MP233FAL3, STM32MP235AAJ3, STM32MP235AAK3, STM32MP235AAL3, STM32MP235CAJ3, STM32MP235CAK3, STM32MP235CAL3, STM32MP235DAJ3, STM32MP235DAK3, STM32MP235DAL3, STM32MP235FAJ3, STM32MP235FAK3, STM32MP235FAL3, STM32MP251AAI3, STM32MP251AAK3, STM32MP251AAL3, STM32MP251CAI3, STM32MP251CAK3, STM32MP251CAL3, STM32MP251DAI3, STM32MP251DAK3, STM32MP251DAL3, STM32MP251FAI3, STM32MP251FAK3, STM32MP251FAL3, STM32MP253AAI3, STM32MP253AAK3, STM32MP253AAL3, STM32MP253CAI3, STM32MP253CAK3, STM32MP253CAL3, STM32MP253DAI3, STM32MP253DAK3, STM32MP253DAL3, STM32MP253FAI3, STM32MP253FAK3, STM32MP253FAL3, STM32MP255AAI3, STM32MP255AAK3, STM32MP255AAL3, STM32MP255CAI3, STM32MP255CAK3, STM32MP255CAL3, STM32MP255DAI3, STM32MP255DAK3, STM32MP255DAL3, STM32MP255FAI3, STM32MP255FAK3, STM32MP255FAL3, STM32MP257AAI3, STM32MP257AAK3, STM32MP257AAL3, STM32MP257CAI3, STM32MP257CAK3, STM32MP257CAL3, STM32MP257DAI3, STM32MP257DAK3, STM32MP257DAL3, STM32MP257F-DK, STM32MP257F-EV1, STM32MP257FAI3, STM32MP257FAK3, STM32MP257FAL3, STM32N645A0H3Q, STM32N645B0H3Q, STM32N645I0H3Q, STM32N645L0H3Q, STM32N645X0H3Q, STM32N645Z0H3Q, STM32N647A0H3Q, STM32N647B0H3Q, STM32N647I0H3Q, STM32N647L0H3Q, STM32N647X0H3Q, STM32N647Z0H3Q, STM32N655A0H3Q, STM32N655B0H3Q, STM32N655I0H3Q, STM32N655L0H3Q, STM32N655X0H3Q, STM32N655Z0H3Q, STM32N6570-DK, STM32N657A0H3Q, STM32N657B0H3Q, STM32N657I0H3Q, STM32N657L0H3Q, STM32N657X0H3Q, STM32N657Z0H3Q, STM32U031C6T6, STM32U031C6U6, STM32U031C8T6, STM32U031C8U6, STM32U031F4P6, STM32U031F6P6, STM32U031F8P6, STM32U031G6Y6TR, STM32U031G8Y6TR, STM32U031K4U6, STM32U031K6U6, STM32U031K8U6, STM32U031R6I6, STM32U031R6T6, STM32U031R8I6, STM32U031R8T6, STM32U073C8T6, STM32U073C8U6, STM32U073CBT6, STM32U073CBU6, STM32U073CCT6, STM32U073CCU6, STM32U073H8Y6TR, STM32U073HBY6TR, STM32U073HCY6TR, STM32U073K8U6, STM32U073KBU6, STM32U073KCU6, STM32U073M8I6, STM32U073M8T6, STM32U073MBI6, STM32U073MBT6, STM32U073MCI6, STM32U073MCT6, STM32U073R8I6, STM32U073R8T6, STM32U073RBI6, STM32U073RBT6, STM32U073RCI6, STM32U073RCT6, STM32U083C-DK, STM32U083CCT6, STM32U083CCU6, STM32U083HCY6TR, STM32U083KCU6, STM32U083MCI6, STM32U083MCT6, STM32U083RCI6, STM32U083RCT6, STM32U375CET6, STM32U375CET6Q, STM32U375CEU6, STM32U375CEU6Q, STM32U375CEY6QTR, STM32U375CGT6, STM32U375CGT6Q, STM32U375CGU6, STM32U375CGU6Q, STM32U375CGY6QTR, STM32U375KEU6, STM32U375KGU6, STM32U375REI6, STM32U375REI6Q, STM32U375RET6, STM32U375RET6Q, STM32U375REY6GTR, STM32U375REY6QTR, STM32U375RGI6, STM32U375RGI6Q, STM32U375RGT6, STM32U375RGT6Q, STM32U375RGY6GTR, STM32U375RGY6QTR, STM32U375VEI6, STM32U375VEI6Q, STM32U375VET6, STM32U375VET6Q, STM32U375VGI6, STM32U375VGI6Q, STM32U375VGT6, STM32U375VGT6Q, STM32U385CGT6, STM32U385CGT6Q, STM32U385CGU6, STM32U385CGU6Q, STM32U385CGY6QTR, STM32U385KGU6, STM32U385RGI6, STM32U385RGI6Q, STM32U385RGT6, STM32U385RGT6Q, STM32U385RGY6GTR, STM32U385RGY6QTR, STM32U385VGI6, STM32U385VGI6Q, STM32U385VGT6, STM32U385VGT6Q, STM32U535CBT6, STM32U535CBT6Q, STM32U535CBU6, STM32U535CBU6Q, STM32U535CCT6, STM32U535CCT6Q, STM32U535CCU6, STM32U535CCU6Q, STM32U535CET6, STM32U535CET6Q, STM32U535CEU6, STM32U535CEU6Q, STM32U535JEY6QTR, STM32U535NCY6QTR, STM32U535NEY6QTR, STM32U535RBI6, STM32U535RBI6Q, STM32U535RBT6, STM32U535RBT6Q, STM32U535RCI6, STM32U535RCI6Q, STM32U535RCT6, STM32U535RCT6Q, STM32U535REI6, STM32U535REI6Q, STM32U535RET6, STM32U535RET6Q, STM32U535VCI6, STM32U535VCI6Q, STM32U535VCT6, STM32U535VCT6Q, STM32U535VEI6, STM32U535VEI6Q, STM32U535VET6, STM32U535VET6Q, STM32U545CET6, STM32U545CET6Q, STM32U545CEU6, STM32U545CEU6Q, STM32U545JEY6QTR, STM32U545NEY6QTR, STM32U545REI6, STM32U545REI6Q, STM32U545RET6, STM32U545RET6Q, STM32U545VEI6, STM32U545VEI6Q, STM32U545VET6, STM32U545VET6Q, STM32U595AIH6, STM32U595AIH6Q, STM32U595AJH6, STM32U595AJH6Q, STM32U595QII6, STM32U595QII6Q, STM32U595QJI6, STM32U595QJI6Q, STM32U595RIT6, STM32U595RIT6Q, STM32U595RJT6, STM32U595RJT6Q, STM32U595VIT6, STM32U595VIT6Q, STM32U595VJT6, STM32U595VJT6Q, STM32U595ZIT6, STM32U595ZIT6Q, STM32U595ZIY6QTR, STM32U595ZJT6, STM32U595ZJT6Q, STM32U595ZJY6QTR, STM32U599BJY6QTR, STM32U599NIH6Q, STM32U599NJH6Q, STM32U599VIT6Q, STM32U599VJT6, STM32U599VJT6Q, STM32U599ZIT6Q, STM32U599ZIY6QTR, STM32U599ZJT6Q, STM32U599ZJY6QTR, STM32U5A5AJH6, STM32U5A5AJH6Q, STM32U5A5QII3Q , STM32U5A5QJI6, STM32U5A5QJI6Q, STM32U5A5RJT6, STM32U5A5RJT6Q, STM32U5A5VJT6, STM32U5A5VJT6Q, STM32U5A5ZJT6, STM32U5A5ZJT6Q, STM32U5A5ZJY6QTR, STM32U5A9BJY6QTR, STM32U5A9J-DK, STM32U5A9NJH6Q, STM32U5A9VJT6Q, STM32U5A9ZJT6Q, STM32U5A9ZJY6QTR, STM32U5F7VIT6, STM32U5F7VIT6Q, STM32U5F7VJT6, STM32U5F7VJT6Q, STM32U5F9BJY6QTR, STM32U5F9NJH6Q, STM32U5F9VIT6Q, STM32U5F9VJT6Q, STM32U5F9ZIJ6QTR, STM32U5F9ZIT6Q, STM32U5F9ZJJ6QTR, STM32U5F9ZJT6Q, STM32U5G7VJT6, STM32U5G7VJT6Q, STM32U5G9BJY6QTR, STM32U5G9J-DK1, STM32U5G9J-DK2, STM32U5G9NJH6Q, STM32U5G9VJT6Q, STM32U5G9ZJJ6QTR, STM32U5G9ZJT6Q, STM32WB05KZV6TR, STM32WB05KZV7TR, STM32WB05TZF6TR, STM32WB05TZF7TR, STM32WB06CCF6TR, STM32WB06CCF7TR, STM32WB06CCV6TR, STM32WB06CCV7TR, STM32WB06KCV6TR, STM32WB06KCV7TR, STM32WB07CCF6TR, STM32WB07CCF7TR, STM32WB07CCV6TR, STM32WB07CCV7TR, STM32WB07KCV6TR, STM32WB07KCV7TR, STM32WB09KEV6TR, STM32WB09KEV7TR, STM32WB09TEF6TR, STM32WB09TEF7TR, STM32WB1MMCH6, STM32WBA50KGU6, STM32WBA50KGU6TR, STM32WBA52CEU6, STM32WBA52CEU6TR, STM32WBA52CEU7, STM32WBA52CEU7TR, STM32WBA52CGU6, STM32WBA52CGU6TR, STM32WBA52CGU6U, STM32WBA52CGU7, STM32WBA52CGU7TR, STM32WBA52KEU6, STM32WBA52KEU6TR, STM32WBA52KGU6, STM32WBA52KGU6TR, STM32WBA54CEU6, STM32WBA54CEU6TR, STM32WBA54CEU7, STM32WBA54CEU7TR, STM32WBA54CGU6, STM32WBA54CGU6TR, STM32WBA54CGU7, STM32WBA54CGU7TR, STM32WBA54KEU6, STM32WBA54KEU6TR, STM32WBA54KEU7, STM32WBA54KEU7TR, STM32WBA54KGU6, STM32WBA54KGU6TR, STM32WBA54KGU7, STM32WBA54KGU7TR, STM32WBA55CEU6, STM32WBA55CEU6TR, STM32WBA55CEU7, STM32WBA55CEU7TR, STM32WBA55CGU6, STM32WBA55CGU6TR, STM32WBA55CGU6U, STM32WBA55CGU7, STM32WBA55CGU7TR, STM32WBA55G-DK1, STM32WBA55HEF6, STM32WBA55HEF7, STM32WBA55HGF6, STM32WBA55HGF7, STM32WBA55UEI6, STM32WBA55UEI6TR, STM32WBA55UEI7, STM32WBA55UEI7TR, STM32WBA55UGI6, STM32WBA55UGI6TR, STM32WBA55UGI7, STM32WBA55UGI7TR, STM32WBA5MMGH6TR, STM32WBA62MGF6, STM32WBA62MIF6, STM32WBA65MGF7, STM32WBA65MIF6, STM32WBA65MIF7, STM32WL30K8V6, STM32WL30KBV6, STM32WL31C8V6, STM32WL31CBV6, STM32WL31K8V6, STM32WL31KBV6, STM32WL33C8V6, STM32WL33C8V6X, STM32WL33CBV6, STM32WL33CBV6X, STM32WL33CCV6, STM32WL33CCV6A, STM32WL33CCV6X, STM32WL33K8V7, STM32WL33K8V7X, STM32WL33KBV7 , STM32WL33KBV7X, STM32WL33KCV7, STM32WL33KCV7X, STM32WL5MOCH6, STM32WL5MOCH6TR]
2026-05-04 10:56:27,030 [INFO] DbMcus:218 - Found 5055 MCUs, 4968 are supported
2026-05-04 10:56:27,032 [INFO] ApiDb:423 - Load user favorites file C:\Users\Asmita Milind Bagad/.stm32cubeide/favorites.mcus.txt: 0 item(s)
2026-05-04 10:56:27,032 [INFO] ApiDb:427 - User favorites MCUs=[]
2026-05-04 10:56:27,032 [INFO] DbMcus:224 - Set 0 / 0 favorites MCUs
2026-05-04 10:56:27,739 [INFO] ApiDb:668 - CubeFinder database Data Model version=2.1
2026-05-04 10:56:27,739 [INFO] ApiDb:669 - CubeFinder database Configuration version=3.0.42
2026-05-04 10:56:27,740 [INFO] ApiDb:670 - CubeFinder database generation date=2026-03-11 (1773229989)
2026-05-04 10:56:27,740 [INFO] ApiDb:671 - CubeFinder database FW Pack versions=[FP-ATR-ASTRA1_V2.0.0, FP-SNS-FLIGHT1_V5.1.0, FP-SNS-MOTENV1_V5.1.0, FP-SNS-MOTENVWB1_V1.5.0, FP-SNS-SMARTAG2_V1.2.0, FP-SNS-STBOX1_V2.1.0, STM32Cube_FW_C0_V1.4.0, STM32Cube_FW_F4_V1.28.3, STM32Cube_FW_F7_V1.17.4, STM32Cube_FW_G0_V1.6.3, STM32Cube_FW_G4_V1.6.2, STM32Cube_FW_H5_V1.6.0, STM32Cube_FW_H7RS_V1.3.0, STM32Cube_FW_H7_V1.13.0, STM32Cube_FW_L0_V1.12.2, STM32Cube_FW_L4_V1.18.2, STM32Cube_FW_L5_V1.6.0, STM32Cube_FW_N6_V1.3.0, STM32Cube_FW_U0_V1.3.0, STM32Cube_FW_U3_V1.3.0, STM32Cube_FW_U5_V1.8.0, STM32Cube_FW_WB0_V1.4.0, STM32Cube_FW_WBA_V1.9.0, STM32Cube_FW_WB_V1.24.0, STM32Cube_FW_WL3_V1.4.0, STM32Cube_FW_WL_V1.5.0, X-CUBE-ALGOBUILD_V1.4.0, X-CUBE-ALS_V1.0.2, X-CUBE-AZRTOS-F4_V1.1.0, X-CUBE-AZRTOS-F7_V1.1.0, X-CUBE-AZRTOS-G0_V1.1.0, X-CUBE-AZRTOS-G4_V2.0.0, X-CUBE-AZRTOS-H7RS_V1.1.0, X-CUBE-AZRTOS-H7_V3.4.0, X-CUBE-AZRTOS-L4_V2.0.0, X-CUBE-AZRTOS-L5_V2.0.0, X-CUBE-AZRTOS-WB_V2.0.0, X-CUBE-AZRTOS-WL_V2.0.0, X-CUBE-BLE1_V7.1.0, X-CUBE-BLE2_V3.3.0, X-CUBE-BLEMGR_V4.1.0, X-CUBE-EEPRMA1_V5.2.0, X-CUBE-FREERTOS_V1.5.0, X-CUBE-GNSS1_V6.0.0, X-CUBE-MEMS1_V12.0.0, X-CUBE-NFC4_V3.0.0, X-CUBE-NFC7_V2.0.0, X-CUBE-SFXS2LP1_V4.0.0, X-CUBE-ST67W61_V1.2.0, X-CUBE-SUBG2_V5.0.0, X-CUBE-TOF1_V3.4.3]
2026-05-04 10:56:27,831 [INFO] DbBoardsSqlite:226 - include board P-NUCLEO-WB55-NUCLEO as a kit item of type 'Nucleo-64'
2026-05-04 10:56:27,831 [INFO] DbBoardsSqlite:226 - include board P-NUCLEO-WB55-USBDONGLE as a kit item of type 'Nucleo USB Dongle'
2026-05-04 10:56:27,831 [INFO] DbBoardsSqlite:226 - include board STEVAL-IDP005V1 as a kit item of type 'Evaluation Board'
2026-05-04 10:56:27,831 [INFO] DbBoardsSqlite:226 - include board STEVAL-IDP005V2 as a kit item of type 'Evaluation Board'
2026-05-04 10:56:27,989 [INFO] ApiDb:240 - Found 880 in-development CPN: [B-G473E-ZEST1S, B-WB1M-WPAN1, B-WBA5M-WPAN, B-WL5M-SUBG1, NUCLEO-C031C6, NUCLEO-C051C8, NUCLEO-C071RB, NUCLEO-C092RC, NUCLEO-H503RB, NUCLEO-H533RE, NUCLEO-H563ZI, NUCLEO-H7S3L8, NUCLEO-N657X0-Q, NUCLEO-U031R8, NUCLEO-U083RC, NUCLEO-U385RG-Q, NUCLEO-U545RE-Q, NUCLEO-U5A5ZJ-Q, NUCLEO-WB05KZ, NUCLEO-WB07CC, NUCLEO-WB09KE, NUCLEO-WBA52CG, NUCLEO-WBA55CG, NUCLEO-WL33CC1, NUCLEO-WL33CC2, STEVAL-PROTEUS1, STEVAL-SMARTAG2, STEVAL-STWINBX1, STM320518-EVAL, STM32C0116-DK, STM32C011D6Y3TR, STM32C011D6Y6TR, STM32C011F4P3, STM32C011F4P6, STM32C011F4U3, STM32C011F4U6TR, STM32C011F6P3, STM32C011F6P6, STM32C011F6U3, STM32C011F6U6TR, STM32C011J4M3, STM32C011J4M6, STM32C011J6M3, STM32C011J6M6, STM32C0316-DK, STM32C031C4T3, STM32C031C4T6, STM32C031C4U3, STM32C031C4U6, STM32C031C6T3, STM32C031C6T6, STM32C031C6U3, STM32C031C6U6, STM32C031F4P3, STM32C031F4P6, STM32C031F6P3, STM32C031F6P6, STM32C031G4U3, STM32C031G4U6, STM32C031G6U3, STM32C031G6U6, STM32C031K4T3, STM32C031K4T6, STM32C031K4U3, STM32C031K4U6, STM32C031K6T3, STM32C031K6T6, STM32C031K6U3, STM32C031K6U6, STM32C051C6T6, STM32C051C6U6, STM32C051C8T6, STM32C051C8U6, STM32C051D8Y6TR, STM32C051F6P6, STM32C051F8P6, STM32C051G6U6, STM32C051G8U6, STM32C051K6T6, STM32C051K6U6, STM32C051K8T6, STM32C071C8T6, STM32C071C8T6N, STM32C071C8U6, STM32C071C8U6N, STM32C071CBT6, STM32C071CBT6N, STM32C071CBU6, STM32C071CBU6N, STM32C071F8P6, STM32C071F8P6N, STM32C071FBP6, STM32C071FBP6N, STM32C071FBY6TR, STM32C071G8U6, STM32C071G8U6N, STM32C071GBU6, STM32C071GBU6N, STM32C071K8T6, STM32C071K8T6N, STM32C071K8U6, STM32C071K8U6N, STM32C071KBT6, STM32C071KBT6N, STM32C071KBU6, STM32C071KBU6N, STM32C071R8T6, STM32C071R8T6N, STM32C071RBI6N, STM32C071RBT6, STM32C071RBT6N, STM32C091CBT6, STM32C091CBU6, STM32C091CCT6, STM32C091CCU6, STM32C091ECY6TR, STM32C091FBP6, STM32C091FCP6, STM32C091GBU6, STM32C091GCU6, STM32C091KBT6, STM32C091KBU6, STM32C091KCT6, STM32C091KCU6, STM32C091RBT6, STM32C091RCI6, STM32C091RCT6, STM32C092CBT6, STM32C092CBU6, STM32C092CCT6, STM32C092CCU6, STM32C092ECY6TR, STM32C092FBP6, STM32C092FCP6, STM32C092GBU6, STM32C092GCU6, STM32C092KBT6, STM32C092KBU6, STM32C092KCT6, STM32C092KCU6, STM32C092RBT6, STM32C092RCI6, STM32C092RCT6, STM32G071K8TXN, STM32G071K8UXN, STM32G081GBU6N, STM32G081KBT6N, STM32G081KBUXN, STM32G0B1CCT6N, STM32G0B1KCT6, STM32G0B1NEY6TR, STM32G0B1RCT6N, STM32G0C1CCT6, STM32G0C1CCT6N, STM32G0C1CCU6N, STM32G0C1CET6N, STM32G0C1CEU6N, STM32G0C1KCT6, STM32G0C1NEY6TR, STM32G0C1RCI6N, STM32G0C1RCT6N, STM32G0C1REI6N, STM32G0C1RET6N, STM32G0C1VCI6, STM32G0C1VEI6, STM32G411C6T3, STM32G411C6T6, STM32G411C6U3, STM32G411C6U6, STM32G411C8T3, STM32G411C8T6, STM32G411C8U3, STM32G411C8U6, STM32G411CBT3, STM32G411CBT6, STM32G411CBU3, STM32G411CBU6, STM32G411K6T3, STM32G411K6T6, STM32G411K6U3, STM32G411K6U6, STM32G411K8T3, STM32G411K8T6, STM32G411K8U3, STM32G411K8U6, STM32G411KBT3, STM32G411KBT6, STM32G411KBU3, STM32G411KBU6, STM32G411M6T3, STM32G411M6T6, STM32G411M8T3, STM32G411M8T6, STM32G411MBT3, STM32G411MBT6, STM32G411R6T3, STM32G411R6T6, STM32G411R8T3, STM32G411R8T6, STM32G411RBT3, STM32G411RBT6, STM32G414CBT3, STM32G414CBT6, STM32G414CBU3, STM32G414CBU6, STM32G414CCT3, STM32G414CCT6, STM32G414CCU3, STM32G414CCU6, STM32G414MBT3, STM32G414MBT6, STM32G414MCT3, STM32G414MCT6, STM32G414RBT3, STM32G414RBT6, STM32G414RCT3, STM32G414RCT6, STM32G414VBT3, STM32G414VBT6, STM32G414VCT3, STM32G414VCT6, STM32G431CBT3Z, STM32G431RBT3Z, STM32G471CCT6, STM32G471CCU6, STM32G471CET3, STM32G471CET6, STM32G471CEU3, STM32G471CEU6, STM32G471MCT6, STM32G471MET3, STM32G471MET6, STM32G471MEY6TR, STM32G471QCT6, STM32G471QET3, STM32G471RCT6, STM32G471RET3, STM32G471RET6, STM32G471VCH6, STM32G471VCI6, STM32G471VCT6, STM32G471VEH3, STM32G471VEH6, STM32G471VEI3, STM32G471VEI6, STM32G471VET3, STM32G471VET6, STM32G473QET3Z, STM32G473RET3Z, STM32G474CCT6, STM32G491RET3Z, STM32H503CBT6, STM32H503CBU6, STM32H503EBY6TR, STM32H503KBU6, STM32H503RBT6, STM32H523CCT6, STM32H523CCU6, STM32H523CET6, STM32H523CEU6, STM32H523HEY6TR, STM32H523RCT6, STM32H523RET6, STM32H523VCI6, STM32H523VCT6, STM32H523VEI6, STM32H523VET6, STM32H523ZCJ6, STM32H523ZCT6, STM32H523ZEJ6, STM32H523ZET6, STM32H533CET6, STM32H533CEU6, STM32H533HEY6TR, STM32H533RET6, STM32H533VEI6, STM32H533VET6, STM32H533ZEJ6, STM32H533ZET6, STM32H562AGI6, STM32H562AII6, STM32H562IGK6, STM32H562IGT6, STM32H562IIK6, STM32H562IIT6, STM32H562RGT6, STM32H562RGV6, STM32H562RIT6, STM32H562RIV6, STM32H562VGT6, STM32H562VIT6, STM32H562ZGT6, STM32H562ZIT6, STM32H563AGI6, STM32H563AII3Q, STM32H563AII6, STM32H563IGK6, STM32H563IGT6, STM32H563IIK3Q, STM32H563IIK6, STM32H563IIT3Q, STM32H563IIT6, STM32H563MIY3QTR, STM32H563RGT6, STM32H563RGV6, STM32H563RIT6, STM32H563RIV6, STM32H563VGT6, STM32H563VIT3Q, STM32H563VIT6, STM32H563ZGT6, STM32H563ZIT3Q, STM32H563ZIT6, STM32H573AII3Q, STM32H573AII6, STM32H573I-DK, STM32H573IIK3Q, STM32H573IIK6, STM32H573IIT3Q, STM32H573IIT6, STM32H573MIY3QTR, STM32H573RIT6, STM32H573RIV6, STM32H573VIT3Q, STM32H573VIT6, STM32H573ZIT3Q, STM32H573ZIT6, STM32H7R3A8I6, STM32H7R3I8K6, STM32H7R3I8T6, STM32H7R3L8H6, STM32H7R3L8H6H, STM32H7R3R8V6, STM32H7R3V8H6, STM32H7R3V8T6, STM32H7R3V8Y6TR, STM32H7R3Z8J6, STM32H7R3Z8T6, STM32H7R7A8I6, STM32H7R7I8K6, STM32H7R7I8T6, STM32H7R7L8H6, STM32H7R7L8H6H, STM32H7R7Z8J6, STM32H7S3A8I6, STM32H7S3I8K6, STM32H7S3I8T6, STM32H7S3L8H6, STM32H7S3L8H6H, STM32H7S3R8V6, STM32H7S3V8H6, STM32H7S3V8T6, STM32H7S3V8Y6TR, STM32H7S3Z8J6, STM32H7S3Z8T6, STM32H7S78-DK, STM32H7S7A8I6, STM32H7S7I8K6, STM32H7S7I8T6, STM32H7S7L8H6, STM32H7S7L8H6H, STM32H7S7Z8J6, STM32L4R5QGI6STR, STM32MP131AAE3, STM32MP131AAF3, STM32MP131AAG3, STM32MP131CAE3, STM32MP131CAF3, STM32MP131CAG3, STM32MP131DAE7, STM32MP131DAF7, STM32MP131DAG7, STM32MP131FAE7, STM32MP131FAF7, STM32MP131FAG7, STM32MP133AAE3, STM32MP133AAF3, STM32MP133AAG3, STM32MP133CAE3, STM32MP133CAF3, STM32MP133CAG3, STM32MP133DAE7, STM32MP133DAF7, STM32MP133DAG7, STM32MP133FAE7, STM32MP133FAF7, STM32MP133FAG7, STM32MP135AAE3, STM32MP135AAF3, STM32MP135AAG3, STM32MP135CAE3, STM32MP135CAF3, STM32MP135CAG3, STM32MP135DAE7, STM32MP135DAF7, STM32MP135DAG7, STM32MP135F-DK, STM32MP135FAE7, STM32MP135FAF7, STM32MP135FAF7T, STM32MP135FAF7U, STM32MP135FAG7, STM32MP211AAL3, STM32MP211AAM3, STM32MP211AAN3, STM32MP211AAO3, STM32MP211CAL3, STM32MP211CAM3, STM32MP211CAN3, STM32MP211CAO3, STM32MP211DAL3, STM32MP211DAM3, STM32MP211DAN3, STM32MP211DAO3, STM32MP211FAL3, STM32MP211FAM3, STM32MP211FAN3, STM32MP211FAO3, STM32MP213AAL3, STM32MP213AAM3, STM32MP213AAN3, STM32MP213AAO3, STM32MP213CAL3, STM32MP213CAM3, STM32MP213CAN3, STM32MP213CAO3, STM32MP213DAL3, STM32MP213DAM3, STM32MP213DAN3, STM32MP213DAO3, STM32MP213FAL3, STM32MP213FAM3, STM32MP213FAN3, STM32MP213FAO3, STM32MP215AAL3, STM32MP215AAM3, STM32MP215AAN3, STM32MP215AAO3, STM32MP215CAL3, STM32MP215CAM3, STM32MP215CAN3, STM32MP215CAO3, STM32MP215DAL3, STM32MP215DAM3, STM32MP215DAN3, STM32MP215DAO3, STM32MP215F-DK, STM32MP215FAL3, STM32MP215FAM3, STM32MP215FAN3, STM32MP215FAO3, STM32MP231AAJ3, STM32MP231AAK3, STM32MP231AAL3, STM32MP231CAJ3, STM32MP231CAK3, STM32MP231CAL3, STM32MP231DAJ3, STM32MP231DAK3, STM32MP231DAL3, STM32MP231FAJ3, STM32MP231FAK3, STM32MP231FAL3, STM32MP233AAJ3, STM32MP233AAK3, STM32MP233AAL3, STM32MP233CAJ3, STM32MP233CAK3, STM32MP233CAL3, STM32MP233DAJ3, STM32MP233DAK3, STM32MP233DAL3, STM32MP233FAJ3, STM32MP233FAK3, STM32MP233FAL3, STM32MP235AAJ3, STM32MP235AAK3, STM32MP235AAL3, STM32MP235CAJ3, STM32MP235CAK3, STM32MP235CAL3, STM32MP235DAJ3, STM32MP235DAK3, STM32MP235DAL3, STM32MP235FAJ3, STM32MP235FAK3, STM32MP235FAL3, STM32MP251AAI3, STM32MP251AAK3, STM32MP251AAL3, STM32MP251CAI3, STM32MP251CAK3, STM32MP251CAL3, STM32MP251DAI3, STM32MP251DAK3, STM32MP251DAL3, STM32MP251FAI3, STM32MP251FAK3, STM32MP251FAL3, STM32MP253AAI3, STM32MP253AAK3, STM32MP253AAL3, STM32MP253CAI3, STM32MP253CAK3, STM32MP253CAL3, STM32MP253DAI3, STM32MP253DAK3, STM32MP253DAL3, STM32MP253FAI3, STM32MP253FAK3, STM32MP253FAL3, STM32MP255AAI3, STM32MP255AAK3, STM32MP255AAL3, STM32MP255CAI3, STM32MP255CAK3, STM32MP255CAL3, STM32MP255DAI3, STM32MP255DAK3, STM32MP255DAL3, STM32MP255FAI3, STM32MP255FAK3, STM32MP255FAL3, STM32MP257AAI3, STM32MP257AAK3, STM32MP257AAL3, STM32MP257CAI3, STM32MP257CAK3, STM32MP257CAL3, STM32MP257DAI3, STM32MP257DAK3, STM32MP257DAL3, STM32MP257F-DK, STM32MP257F-EV1, STM32MP257FAI3, STM32MP257FAK3, STM32MP257FAL3, STM32N645A0H3Q, STM32N645B0H3Q, STM32N645I0H3Q, STM32N645L0H3Q, STM32N645X0H3Q, STM32N645Z0H3Q, STM32N647A0H3Q, STM32N647B0H3Q, STM32N647I0H3Q, STM32N647L0H3Q, STM32N647X0H3Q, STM32N647Z0H3Q, STM32N655A0H3Q, STM32N655B0H3Q, STM32N655I0H3Q, STM32N655L0H3Q, STM32N655X0H3Q, STM32N655Z0H3Q, STM32N6570-DK, STM32N657A0H3Q, STM32N657B0H3Q, STM32N657I0H3Q, STM32N657L0H3Q, STM32N657X0H3Q, STM32N657Z0H3Q, STM32U031C6T6, STM32U031C6U6, STM32U031C8T6, STM32U031C8U6, STM32U031F4P6, STM32U031F6P6, STM32U031F8P6, STM32U031G6Y6TR, STM32U031G8Y6TR, STM32U031K4U6, STM32U031K6U6, STM32U031K8U6, STM32U031R6I6, STM32U031R6T6, STM32U031R8I6, STM32U031R8T6, STM32U073C8T6, STM32U073C8U6, STM32U073CBT6, STM32U073CBU6, STM32U073CCT6, STM32U073CCU6, STM32U073H8Y6TR, STM32U073HBY6TR, STM32U073HCY6TR, STM32U073K8U6, STM32U073KBU6, STM32U073KCU6, STM32U073M8I6, STM32U073M8T6, STM32U073MBI6, STM32U073MBT6, STM32U073MCI6, STM32U073MCT6, STM32U073R8I6, STM32U073R8T6, STM32U073RBI6, STM32U073RBT6, STM32U073RCI6, STM32U073RCT6, STM32U083C-DK, STM32U083CCT6, STM32U083CCU6, STM32U083HCY6TR, STM32U083KCU6, STM32U083MCI6, STM32U083MCT6, STM32U083RCI6, STM32U083RCT6, STM32U375CET6, STM32U375CET6Q, STM32U375CEU6, STM32U375CEU6Q, STM32U375CEY6QTR, STM32U375CGT6, STM32U375CGT6Q, STM32U375CGU6, STM32U375CGU6Q, STM32U375CGY6QTR, STM32U375KEU6, STM32U375KGU6, STM32U375REI6, STM32U375REI6Q, STM32U375RET6, STM32U375RET6Q, STM32U375REY6GTR, STM32U375REY6QTR, STM32U375RGI6, STM32U375RGI6Q, STM32U375RGT6, STM32U375RGT6Q, STM32U375RGY6GTR, STM32U375RGY6QTR, STM32U375VEI6, STM32U375VEI6Q, STM32U375VET6, STM32U375VET6Q, STM32U375VGI6, STM32U375VGI6Q, STM32U375VGT6, STM32U375VGT6Q, STM32U385CGT6, STM32U385CGT6Q, STM32U385CGU6, STM32U385CGU6Q, STM32U385CGY6QTR, STM32U385KGU6, STM32U385RGI6, STM32U385RGI6Q, STM32U385RGT6, STM32U385RGT6Q, STM32U385RGY6GTR, STM32U385RGY6QTR, STM32U385VGI6, STM32U385VGI6Q, STM32U385VGT6, STM32U385VGT6Q, STM32U535CBT6, STM32U535CBT6Q, STM32U535CBU6, STM32U535CBU6Q, STM32U535CCT6, STM32U535CCT6Q, STM32U535CCU6, STM32U535CCU6Q, STM32U535CET6, STM32U535CET6Q, STM32U535CEU6, STM32U535CEU6Q, STM32U535JEY6QTR, STM32U535NCY6QTR, STM32U535NEY6QTR, STM32U535RBI6, STM32U535RBI6Q, STM32U535RBT6, STM32U535RBT6Q, STM32U535RCI6, STM32U535RCI6Q, STM32U535RCT6, STM32U535RCT6Q, STM32U535REI6, STM32U535REI6Q, STM32U535RET6, STM32U535RET6Q, STM32U535VCI6, STM32U535VCI6Q, STM32U535VCT6, STM32U535VCT6Q, STM32U535VEI6, STM32U535VEI6Q, STM32U535VET6, STM32U535VET6Q, STM32U545CET6, STM32U545CET6Q, STM32U545CEU6, STM32U545CEU6Q, STM32U545JEY6QTR, STM32U545NEY6QTR, STM32U545REI6, STM32U545REI6Q, STM32U545RET6, STM32U545RET6Q, STM32U545VEI6, STM32U545VEI6Q, STM32U545VET6, STM32U545VET6Q, STM32U595AIH6, STM32U595AIH6Q, STM32U595AJH6, STM32U595AJH6Q, STM32U595QII6, STM32U595QII6Q, STM32U595QJI6, STM32U595QJI6Q, STM32U595RIT6, STM32U595RIT6Q, STM32U595RJT6, STM32U595RJT6Q, STM32U595VIT6, STM32U595VIT6Q, STM32U595VJT6, STM32U595VJT6Q, STM32U595ZIT6, STM32U595ZIT6Q, STM32U595ZIY6QTR, STM32U595ZJT6, STM32U595ZJT6Q, STM32U595ZJY6QTR, STM32U599BJY6QTR, STM32U599NIH6Q, STM32U599NJH6Q, STM32U599VIT6Q, STM32U599VJT6, STM32U599VJT6Q, STM32U599ZIT6Q, STM32U599ZIY6QTR, STM32U599ZJT6Q, STM32U599ZJY6QTR, STM32U5A5AJH6, STM32U5A5AJH6Q, STM32U5A5QII3Q , STM32U5A5QJI6, STM32U5A5QJI6Q, STM32U5A5RJT6, STM32U5A5RJT6Q, STM32U5A5VJT6, STM32U5A5VJT6Q, STM32U5A5ZJT6, STM32U5A5ZJT6Q, STM32U5A5ZJY6QTR, STM32U5A9BJY6QTR, STM32U5A9J-DK, STM32U5A9NJH6Q, STM32U5A9VJT6Q, STM32U5A9ZJT6Q, STM32U5A9ZJY6QTR, STM32U5F7VIT6, STM32U5F7VIT6Q, STM32U5F7VJT6, STM32U5F7VJT6Q, STM32U5F9BJY6QTR, STM32U5F9NJH6Q, STM32U5F9VIT6Q, STM32U5F9VJT6Q, STM32U5F9ZIJ6QTR, STM32U5F9ZIT6Q, STM32U5F9ZJJ6QTR, STM32U5F9ZJT6Q, STM32U5G7VJT6, STM32U5G7VJT6Q, STM32U5G9BJY6QTR, STM32U5G9J-DK1, STM32U5G9J-DK2, STM32U5G9NJH6Q, STM32U5G9VJT6Q, STM32U5G9ZJJ6QTR, STM32U5G9ZJT6Q, STM32WB05KZV6TR, STM32WB05KZV7TR, STM32WB05TZF6TR, STM32WB05TZF7TR, STM32WB06CCF6TR, STM32WB06CCF7TR, STM32WB06CCV6TR, STM32WB06CCV7TR, STM32WB06KCV6TR, STM32WB06KCV7TR, STM32WB07CCF6TR, STM32WB07CCF7TR, STM32WB07CCV6TR, STM32WB07CCV7TR, STM32WB07KCV6TR, STM32WB07KCV7TR, STM32WB09KEV6TR, STM32WB09KEV7TR, STM32WB09TEF6TR, STM32WB09TEF7TR, STM32WB1MMCH6, STM32WBA50KGU6, STM32WBA50KGU6TR, STM32WBA52CEU6, STM32WBA52CEU6TR, STM32WBA52CEU7, STM32WBA52CEU7TR, STM32WBA52CGU6, STM32WBA52CGU6TR, STM32WBA52CGU6U, STM32WBA52CGU7, STM32WBA52CGU7TR, STM32WBA52KEU6, STM32WBA52KEU6TR, STM32WBA52KGU6, STM32WBA52KGU6TR, STM32WBA54CEU6, STM32WBA54CEU6TR, STM32WBA54CEU7, STM32WBA54CEU7TR, STM32WBA54CGU6, STM32WBA54CGU6TR, STM32WBA54CGU7, STM32WBA54CGU7TR, STM32WBA54KEU6, STM32WBA54KEU6TR, STM32WBA54KEU7, STM32WBA54KEU7TR, STM32WBA54KGU6, STM32WBA54KGU6TR, STM32WBA54KGU7, STM32WBA54KGU7TR, STM32WBA55CEU6, STM32WBA55CEU6TR, STM32WBA55CEU7, STM32WBA55CEU7TR, STM32WBA55CGU6, STM32WBA55CGU6TR, STM32WBA55CGU6U, STM32WBA55CGU7, STM32WBA55CGU7TR, STM32WBA55G-DK1, STM32WBA55HEF6, STM32WBA55HEF7, STM32WBA55HGF6, STM32WBA55HGF7, STM32WBA55UEI6, STM32WBA55UEI6TR, STM32WBA55UEI7, STM32WBA55UEI7TR, STM32WBA55UGI6, STM32WBA55UGI6TR, STM32WBA55UGI7, STM32WBA55UGI7TR, STM32WBA5MMGH6TR, STM32WBA62MGF6, STM32WBA62MIF6, STM32WBA65MGF7, STM32WBA65MIF6, STM32WBA65MIF7, STM32WL30K8V6, STM32WL30KBV6, STM32WL31C8V6, STM32WL31CBV6, STM32WL31K8V6, STM32WL31KBV6, STM32WL33C8V6, STM32WL33C8V6X, STM32WL33CBV6, STM32WL33CBV6X, STM32WL33CCV6, STM32WL33CCV6A, STM32WL33CCV6X, STM32WL33K8V7, STM32WL33K8V7X, STM32WL33KBV7 , STM32WL33KBV7X, STM32WL33KCV7, STM32WL33KCV7X, STM32WL5MOCH6, STM32WL5MOCH6TR]
2026-05-04 10:56:28,129 [INFO] BoardInfo:889 - No configuration file found for board NUCLEO-H5E5ZJ
2026-05-04 10:56:28,130 [INFO] DbBoards:161 - Board is not supported: NUCLEO-H5E5ZJ
2026-05-04 10:56:28,208 [INFO] BoardInfo:889 - No configuration file found for board NUCLEO-U3C5ZI-Q
2026-05-04 10:56:28,209 [INFO] DbBoards:161 - Board is not supported: NUCLEO-U3C5ZI-Q
2026-05-04 10:56:28,229 [INFO] BoardInfo:889 - No configuration file found for board NUCLEO-WBA25CE1
2026-05-04 10:56:28,229 [INFO] DbBoards:161 - Board is not supported: NUCLEO-WBA25CE1
2026-05-04 10:56:28,243 [INFO] BoardInfo:889 - No configuration file found for board NUCLEO-WL3RKB1
2026-05-04 10:56:28,244 [INFO] DbBoards:161 - Board is not supported: NUCLEO-WL3RKB1
2026-05-04 10:56:28,246 [INFO] BoardInfo:889 - No configuration file found for board NUCLEO-WL3RKB2
2026-05-04 10:56:28,247 [INFO] DbBoards:161 - Board is not supported: NUCLEO-WL3RKB2
2026-05-04 10:56:28,256 [INFO] BoardInfo:889 - No configuration file found for board P-NUCLEO-WB55
2026-05-04 10:56:28,257 [INFO] DbBoards:161 - Kit is not supported: P-NUCLEO-WB55
2026-05-04 10:56:28,266 [INFO] BoardInfo:889 - No configuration file found for board STEVAL-BFA001V1B
2026-05-04 10:56:28,267 [INFO] DbBoards:161 - Kit is not supported: STEVAL-BFA001V1B
2026-05-04 10:56:28,269 [INFO] BoardInfo:889 - No configuration file found for board STEVAL-BFA001V2B
2026-05-04 10:56:28,270 [INFO] DbBoards:161 - Kit is not supported: STEVAL-BFA001V2B
2026-05-04 10:56:28,381 [INFO] BoardInfo:889 - No configuration file found for board STM32H5F5J-DK
2026-05-04 10:56:28,381 [INFO] DbBoards:161 - Board is not supported: STM32H5F5J-DK
2026-05-04 10:56:28,509 [INFO] DbBoards:168 - Found 218 boards, 209 are supported
2026-05-04 10:56:28,509 [INFO] DbBoards:169 - Found 218 boards, 43 of them is supported for  Bsp
2026-05-04 10:56:28,516 [INFO] ApiDb:423 - Load user favorites file C:\Users\Asmita Milind Bagad/.stm32cubeide/favorites.boards.txt: 0 item(s)
2026-05-04 10:56:28,516 [INFO] ApiDb:427 - User favorites Boards=[]
2026-05-04 10:56:28,516 [INFO] DbBoards:198 - Set 0 / 0 favorites Boards
2026-05-04 10:56:28,521 [INFO] ApiDb:668 - CubeFinder database Data Model version=2.1
2026-05-04 10:56:28,521 [INFO] ApiDb:669 - CubeFinder database Configuration version=3.0.42
2026-05-04 10:56:28,521 [INFO] ApiDb:670 - CubeFinder database generation date=2026-03-11 (1773229989)
2026-05-04 10:56:28,521 [INFO] ApiDb:671 - CubeFinder database FW Pack versions=[FP-ATR-ASTRA1_V2.0.0, FP-SNS-FLIGHT1_V5.1.0, FP-SNS-MOTENV1_V5.1.0, FP-SNS-MOTENVWB1_V1.5.0, FP-SNS-SMARTAG2_V1.2.0, FP-SNS-STBOX1_V2.1.0, STM32Cube_FW_C0_V1.4.0, STM32Cube_FW_F4_V1.28.3, STM32Cube_FW_F7_V1.17.4, STM32Cube_FW_G0_V1.6.3, STM32Cube_FW_G4_V1.6.2, STM32Cube_FW_H5_V1.6.0, STM32Cube_FW_H7RS_V1.3.0, STM32Cube_FW_H7_V1.13.0, STM32Cube_FW_L0_V1.12.2, STM32Cube_FW_L4_V1.18.2, STM32Cube_FW_L5_V1.6.0, STM32Cube_FW_N6_V1.3.0, STM32Cube_FW_U0_V1.3.0, STM32Cube_FW_U3_V1.3.0, STM32Cube_FW_U5_V1.8.0, STM32Cube_FW_WB0_V1.4.0, STM32Cube_FW_WBA_V1.9.0, STM32Cube_FW_WB_V1.24.0, STM32Cube_FW_WL3_V1.4.0, STM32Cube_FW_WL_V1.5.0, X-CUBE-ALGOBUILD_V1.4.0, X-CUBE-ALS_V1.0.2, X-CUBE-AZRTOS-F4_V1.1.0, X-CUBE-AZRTOS-F7_V1.1.0, X-CUBE-AZRTOS-G0_V1.1.0, X-CUBE-AZRTOS-G4_V2.0.0, X-CUBE-AZRTOS-H7RS_V1.1.0, X-CUBE-AZRTOS-H7_V3.4.0, X-CUBE-AZRTOS-L4_V2.0.0, X-CUBE-AZRTOS-L5_V2.0.0, X-CUBE-AZRTOS-WB_V2.0.0, X-CUBE-AZRTOS-WL_V2.0.0, X-CUBE-BLE1_V7.1.0, X-CUBE-BLE2_V3.3.0, X-CUBE-BLEMGR_V4.1.0, X-CUBE-EEPRMA1_V5.2.0, X-CUBE-FREERTOS_V1.5.0, X-CUBE-GNSS1_V6.0.0, X-CUBE-MEMS1_V12.0.0, X-CUBE-NFC4_V3.0.0, X-CUBE-NFC7_V2.0.0, X-CUBE-SFXS2LP1_V4.0.0, X-CUBE-ST67W61_V1.2.0, X-CUBE-SUBG2_V5.0.0, X-CUBE-TOF1_V3.4.3]
2026-05-04 10:56:29,688 [ERROR] DbExamplesSqlite:437 - Missing JSON key: board_cpn
2026-05-04 10:56:29,689 [ERROR] DbExamplesSqlite:437 - Missing JSON key: board_cpn
2026-05-04 10:56:29,689 [ERROR] DbExamplesSqlite:437 - Missing JSON key: board_cpn
2026-05-04 10:56:29,689 [ERROR] DbExamplesSqlite:437 - Missing JSON key: board_cpn
2026-05-04 10:56:30,173 [ERROR] DbExamplesSqlite:437 - Missing JSON key: board_cpn
2026-05-04 10:56:30,173 [ERROR] DbExamplesSqlite:437 - Missing JSON key: board_cpn
2026-05-04 10:56:30,257 [INFO] DbExamplesSqlite:395 - Ignored 39 examples not supported by CubeIDE
2026-05-04 10:56:30,258 [INFO] DbExamplesSqlite:396 - Found 11210 examples active
2026-05-04 10:56:30,258 [INFO] DbExamplesSqlite:397 - Found 0 examples obsolete
2026-05-04 10:56:30,258 [INFO] DbExamplesSqlite:398 - Found 0 examples under development
2026-05-04 10:56:30,258 [INFO] DbExamplesSqlite:399 - Found 76 examples not building
2026-05-04 10:56:30,261 [INFO] DbExamples:125 - Found 11247 examples
2026-05-04 10:56:30,341 [ERROR] DbExamples:208 - Found 377 examples with invalid data (board or MCU)
2026-05-04 10:56:30,342 [INFO] DbExamples:222 - Found 140 boards with related examples
2026-05-04 10:56:30,343 [INFO] DbExamples:235 - Found 114 MCUs with related examples
2026-05-04 10:56:30,377 [INFO] ApiDb:414 - User favorites file not found: C:\Users\Asmita Milind Bagad/.stm32cubeide/favorites.examples.txt
2026-05-04 10:56:30,378 [INFO] DbExamples:250 - Set 0 / 0 favorites Examples
2026-05-04 10:56:30,551 [INFO] McuFinderGlobals:76 - Set McuFinderConnectedMode to true
2026-05-04 10:56:30,563 [INFO] MultiScanPanel:200 - Auto-refresh data requested => check proxy status ongoing
2026-05-04 10:56:30,567 [INFO] FinderPluginLoader:96 - Searching for filters in installed packs
2026-05-04 10:56:33,168 [INFO] LoadUrlFilesThread:185 - End of LoadServerUrlFiles without Thread
2026-05-04 10:56:33,184 [INFO] DetailPanel:341 - Set advertising image to C:/Users/Asmita Milind Bagad/STM32Cube/Repository/\en.prom-stm32wba2-stm32-nucleo-board-0426.png
2026-05-04 10:56:38,899 [INFO] MultiScanPanel:200 - Auto-refresh data requested => check proxy status ongoing
2026-05-04 10:56:39,122 [INFO] LoadUrlFilesThread:185 - End of LoadServerUrlFiles without Thread
2026-05-04 10:56:39,122 [INFO] DetailPanel:341 - Set advertising image to C:/Users/Asmita Milind Bagad/STM32Cube/Repository/\en.prom-stm32wba2-stm32-nucleo-board-0426.png
2026-05-04 10:56:39,144 [INFO] DbBoards:642 - Loading board mini-images...
2026-05-04 10:56:43,212 [INFO] DbBoards:665 - Loaded 218 board mini-images
2026-05-04 10:56:58,310 [INFO] BoardResultTable:719 - Mark Board NUCLEO-C071RB as favorite
2026-05-04 10:57:21,208 [INFO] MainUpdater:2872 - connection check result : 10
2026-05-04 10:57:21,208 [INFO] MainUpdater:2872 - connection check result : 10
2026-05-04 10:57:21,283 [INFO] MicroXplorer:468 - Change Database Path : 
2026-05-04 10:57:21,284 [INFO] MicroXplorer:498 - Change Database Version : DB.6.0.150
2026-05-04 10:57:21,293 [WARN] ThirdParty:871 - waiting for thirdparty lock release [close project]
2026-05-04 10:57:21,293 [INFO] ThirdParty:873 - entering critical section [close project]
2026-05-04 10:57:21,295 [INFO] ThirdParty:883 - exiting critical section [close project]
2026-05-04 10:57:21,299 [INFO] PinOutPanel:1589 - setPackage(No Configuration,No Configuration)
2026-05-04 10:57:21,301 [INFO] UtilMem:75 - Begin LoadConfig() Used Memory: 985415016 Bytes (1073741824)
2026-05-04 10:57:21,313 [INFO] OpenFileManager:355 - Change cursor
2026-05-04 10:57:21,441 [INFO] Mcu:2029 - Initializing MCU STM32C071RBTx STM32C071RBTx STM32C071RBT6
2026-05-04 10:57:24,753 [INFO] Context:786 - Trying to add GPIOservice into a context  which must be forbidden
2026-05-04 10:57:25,326 [INFO] Rule:233 - rule Adapt Old IOC before rework replace old CORTEX_M33/CORTEX_M55 attributes by the new one. is applicable
2026-05-04 10:57:25,327 [INFO] Rule:233 - rule Rename parametre of RCC RCC_APBDBG_DIV2 to RCC_TIMPRES_DIV2 is applicable
2026-05-04 10:57:25,327 [INFO] Rule:233 - rule Rename DIE493 pin PA10 [PA12] -> PA10 is applicable
2026-05-04 10:57:25,327 [INFO] Rule:233 - rule Rename DIE493 pin PA9 [PA11] -> PA9 is applicable
2026-05-04 10:57:25,327 [INFO] Rule:233 - rule Rename DIE492 PartNumber CPN STM32WBA5MJGHx -> STM32WBA5MMGHx is applicable
2026-05-04 10:57:25,327 [INFO] Rule:233 - rule Rename DIE492 PartNumber  Name STM32WBA5MJGHx -> STM32WBA5MMGHx is applicable
2026-05-04 10:57:25,327 [INFO] Rule:233 - rule Rename DIE492 PartNumber UserName STM32WBA5MJGHx -> STM32WBA5MMGHx is applicable
2026-05-04 10:57:25,327 [INFO] Rule:233 - rule Rename DIE492 PartNumber DeviceId STM32WBA5MJGHx -> STM32WBA5MMGHx is applicable
2026-05-04 10:57:25,327 [INFO] Rule:233 - rule Adapt Old IOC CSI. is applicable
2026-05-04 10:57:25,328 [INFO] Rule:233 - rule Adapt Old IOC DCMIPP. is applicable
2026-05-04 10:57:25,328 [INFO] Rule:233 - rule Adapt Old IOC DCMIPP Mode Parallel. is applicable
2026-05-04 10:57:25,328 [INFO] Rule:233 - rule Adapt Old IOC LTDC. is applicable
2026-05-04 10:57:25,328 [INFO] Rule:233 - rule Rename STM32MP2 RIF Peripheral LTDC RIF.RISUP.LTDC_L0L1.Privilege -> RIF.RISUP.LTDC_L1L2.Privilege is applicable
2026-05-04 10:57:25,328 [INFO] Rule:233 - rule Rename STM32MP2 RIF Peripheral LTDC RIF.RISUP.LTDC_L0L1.Privilege -> RIF.RISUP.LTDC_L1L2.Privilege is applicable
2026-05-04 10:57:25,328 [INFO] Rule:233 - rule Rename STM32MP2 RIF Peripheral LTDC RIF.RISUP.LTDC_L0L1.Lock -> RIF.RISUP.LTDC_L1L2.Lock is applicable
2026-05-04 10:57:25,328 [INFO] Rule:233 - rule Rename STM32MP2 RIF Peripheral LTDC RIF.RISUP.LTDC_L2.Lock -> RIF.RISUP.LTDC_L3.Lock is applicable
2026-05-04 10:57:25,328 [INFO] Rule:233 - rule Adapt the old IOC example for updating the SYS when it is misconfigured. is applicable
2026-05-04 10:57:25,329 [INFO] Rule:233 - rule Rename STM32C09 Mcu.Package LQFP64 -> LQFP48 is applicable
2026-05-04 10:57:25,329 [INFO] Rule:233 - rule Adapt the old IOC example for updating the SYS when it is misconfigured. is applicable
2026-05-04 10:57:25,329 [INFO] Rule:233 - rule Adapt the old IOC example for updating the SYS when it is misconfigured. is applicable
2026-05-04 10:57:25,332 [INFO] DbConfProperties:307 - Apply Compatibility (6/20 Rules)
2026-05-04 10:57:25,510 [INFO] ApiDbMcu:532 - Load IP Config File for NUCLEO-C071RB
2026-05-04 10:57:25,637 [INFO] ImportTextPane:234 - (OptionalMessage_ERROR) Pin6 (VP_RIF_VS_RIF1) cannot be retrieved for this MCU
2026-05-04 10:57:26,004 [WARN] ModelIntegratedComponent:63 - No mode defined for component null
2026-05-04 10:57:26,004 [WARN] ModelIntegratedComponent:63 - No mode defined for component null
2026-05-04 10:57:26,004 [WARN] ModelIntegratedComponent:63 - No mode defined for component null
2026-05-04 10:57:26,004 [WARN] ModelIntegratedComponent:63 - No mode defined for component null
2026-05-04 10:57:26,004 [WARN] ModelIntegratedComponent:63 - No mode defined for component null
2026-05-04 10:57:26,004 [WARN] ModelIntegratedComponent:63 - No mode defined for component null
2026-05-04 10:57:26,005 [WARN] ModelIntegratedComponent:63 - No mode defined for component null
2026-05-04 10:57:26,005 [WARN] ModelIntegratedComponent:63 - No mode defined for component null
2026-05-04 10:57:26,005 [WARN] ModelIntegratedComponent:63 - No mode defined for component null
2026-05-04 10:57:26,005 [WARN] ModelIntegratedComponent:63 - No mode defined for component null
2026-05-04 10:57:26,005 [WARN] ModelIntegratedComponent:63 - No mode defined for component null
2026-05-04 10:57:26,005 [WARN] ModelIntegratedComponent:63 - No mode defined for component null
2026-05-04 10:57:26,005 [WARN] ModelIntegratedComponent:63 - No mode defined for component null
2026-05-04 10:57:26,005 [WARN] ModelIntegratedComponent:63 - No mode defined for component null
2026-05-04 10:57:26,005 [WARN] ModelIntegratedComponent:63 - No mode defined for component null
2026-05-04 10:57:26,005 [WARN] ModelIntegratedComponent:63 - No mode defined for component null
2026-05-04 10:57:26,005 [WARN] ModelIntegratedComponent:63 - No mode defined for component null
2026-05-04 10:57:26,005 [WARN] ModelIntegratedComponent:63 - No mode defined for component null
2026-05-04 10:57:26,006 [WARN] ModelIntegratedComponent:63 - No mode defined for component null
2026-05-04 10:57:26,006 [WARN] ModelIntegratedComponent:63 - No mode defined for component null
2026-05-04 10:57:26,006 [WARN] ModelIntegratedComponent:63 - No mode defined for component null
2026-05-04 10:57:26,006 [WARN] ModelIntegratedComponent:63 - No mode defined for component null
2026-05-04 10:57:26,006 [WARN] ModelIntegratedComponent:63 - No mode defined for component null
2026-05-04 10:57:26,006 [WARN] ModelIntegratedComponent:63 - No mode defined for component null
2026-05-04 10:57:26,006 [WARN] ModelIntegratedComponent:63 - No mode defined for component null
2026-05-04 10:57:26,006 [WARN] ModelIntegratedComponent:63 - No mode defined for component null
2026-05-04 10:57:26,006 [WARN] ModelIntegratedComponent:63 - No mode defined for component null
2026-05-04 10:57:26,006 [WARN] ModelIntegratedComponent:63 - No mode defined for component null
2026-05-04 10:57:26,006 [WARN] ModelIntegratedComponent:63 - No mode defined for component null
2026-05-04 10:57:26,006 [WARN] ModelIntegratedComponent:63 - No mode defined for component null
2026-05-04 10:57:26,007 [WARN] ModelIntegratedComponent:63 - No mode defined for component null
2026-05-04 10:57:26,007 [WARN] ModelIntegratedComponent:63 - No mode defined for component null
2026-05-04 10:57:26,007 [WARN] ModelIntegratedComponent:63 - No mode defined for component null
2026-05-04 10:57:26,007 [WARN] ModelIntegratedComponent:63 - No mode defined for component null
2026-05-04 10:57:26,007 [WARN] ModelIntegratedComponent:63 - No mode defined for component null
2026-05-04 10:57:26,007 [WARN] ModelPack:524 - Component already loaded: STMicroelectronics:HAL Drivers:0.0.0:STMicroelectronics:Device:STMicro_Driver:XSPI:HAL::0.0.1:HAL_XSPI
2026-05-04 10:57:26,014 [INFO] RtosManager:558 - Registered RTOS mode: class=RTOS, group=ThreadX, mode=Core, owner=THREADX
2026-05-04 10:57:26,217 [INFO] ThirdPartyModel:298 - Start build external matchings
2026-05-04 10:57:27,901 [INFO] ThirdPartyModel:316 - End build external matchings
2026-05-04 10:57:28,263 [INFO] UtilMem:75 - End LoadConfig() Used Memory: 978764800 Bytes (1073741824)
2026-05-04 10:57:37,932 [INFO] BspBoardWizard:580 - Analytics plugin initialized with success
2026-05-04 10:57:38,594 [INFO] BspBoardWizard:580 - Analytics plugin initialized with success
2026-05-04 10:57:38,730 [INFO] BspBoardWizard:580 - Analytics plugin initialized with success
2026-05-04 10:57:39,117 [WARN] ThirdParty:833 - waiting for thirdparty lock release [change project]
2026-05-04 10:57:39,117 [INFO] ThirdParty:835 - entering critical section [change project]
2026-05-04 10:57:39,117 [INFO] ThirdParty:1030 - CMSIS Pack Vendor :STMicroelectronics X-CUBE-AZRTOS-H7 3.5.0
2026-05-04 10:57:39,118 [INFO] ThirdParty:1030 - CMSIS Pack Vendor :STMicroelectronics X-CUBE-PM33A1 1.0.0
2026-05-04 10:57:39,118 [INFO] ThirdParty:1030 - CMSIS Pack Vendor :STMicroelectronics USBPD 4.1
2026-05-04 10:57:39,118 [INFO] ThirdParty:1030 - CMSIS Pack Vendor :STMicroelectronics X-CUBE-NFC9 1.0.0
2026-05-04 10:57:39,118 [INFO] ThirdParty:1030 - CMSIS Pack Vendor :STMicroelectronics USB_HOST 2.0.0
2026-05-04 10:57:39,118 [INFO] ThirdParty:1030 - CMSIS Pack Vendor :STMicroelectronics FP-SNS-MOTENVWB1 1.4.0
2026-05-04 10:57:39,118 [INFO] ThirdParty:1030 - CMSIS Pack Vendor :STMicroelectronics X-CUBE-AZRTOS-F4 1.1.0
2026-05-04 10:57:39,118 [INFO] ThirdParty:1030 - CMSIS Pack Vendor :STMicroelectronics LIBJPEG 8.0.0
2026-05-04 10:57:39,118 [INFO] ThirdParty:1030 - CMSIS Pack Vendor :STMicroelectronics FP-ATR-ASTRA1 2.0.2
2026-05-04 10:57:39,118 [INFO] ThirdParty:1030 - CMSIS Pack Vendor :wolfSSL I-CUBE-wolfSSL 5.8.2
2026-05-04 10:57:39,118 [INFO] ThirdParty:1030 - CMSIS Pack Vendor :STMicroelectronics X-CUBE-BLE1 7.1.0
2026-05-04 10:57:39,118 [INFO] ThirdParty:1030 - CMSIS Pack Vendor :STMicroelectronics X-CUBE-SMBUS 2.1.0
2026-05-04 10:57:39,118 [INFO] ThirdParty:1030 - CMSIS Pack Vendor :wolfSSL I-CUBE-wolfMQTT 1.19.2
2026-05-04 10:57:39,118 [INFO] ThirdParty:1030 - CMSIS Pack Vendor :STMicroelectronics USB_DEVICE 3.0.0
2026-05-04 10:57:39,118 [INFO] ThirdParty:1030 - CMSIS Pack Vendor :STMicroelectronics X-CUBE-ISPU 2.1.0
2026-05-04 10:57:39,118 [INFO] ThirdParty:1030 - CMSIS Pack Vendor :STMicroelectronics X-CUBE-FREERTOS 1.4.0
2026-05-04 10:57:39,119 [INFO] ThirdParty:1030 - CMSIS Pack Vendor :STMicroelectronics eDS-WB_DPC_TT-BIDIR 2.1.1
2026-05-04 10:57:39,119 [INFO] ThirdParty:1030 - CMSIS Pack Vendor :STMicroelectronics X-CUBE-AZRTOS-WB 2.0.0
2026-05-04 10:57:39,119 [INFO] ThirdParty:1030 - CMSIS Pack Vendor :STMicroelectronics X-CUBE-AZRTOS-F7 1.1.0
2026-05-04 10:57:39,119 [INFO] ThirdParty:1030 - CMSIS Pack Vendor :STMicroelectronics X-CUBE-AZRTOS-L5 2.0.0
2026-05-04 10:57:39,119 [INFO] ThirdParty:1030 - CMSIS Pack Vendor :STMicroelectronics USB_DEVICE 2.0.0
2026-05-04 10:57:39,119 [INFO] ThirdParty:1030 - CMSIS Pack Vendor :STMicroelectronics X-CUBE-NFC6 3.1.0
2026-05-04 10:57:39,119 [INFO] ThirdParty:1030 - CMSIS Pack Vendor :Cesanta I-CUBE-Mongoose 7.19.0
2026-05-04 10:57:39,119 [INFO] ThirdParty:1030 - CMSIS Pack Vendor :STMicroelectronics FP-SNS-STAIOTCFT 1.1.0
2026-05-04 10:57:39,119 [INFO] ThirdParty:1030 - CMSIS Pack Vendor :quantropi X-CUBE-qispace-sdk-base 2.1.0
2026-05-04 10:57:39,120 [INFO] ThirdParty:1030 - CMSIS Pack Vendor :STMicroelectronics X-CUBE-MEMS1 12.0.0
2026-05-04 10:57:39,120 [INFO] ThirdParty:1030 - CMSIS Pack Vendor :STMicroelectronics X-CUBE-STSE01 2.0.0
2026-05-04 10:57:39,120 [INFO] ThirdParty:1030 - CMSIS Pack Vendor :STMicroelectronics FreeRTOS 0.0.1
2026-05-04 10:57:39,120 [INFO] ThirdParty:1030 - CMSIS Pack Vendor :STMicroelectronics X-CUBE-AZRTOS-G0 1.1.0
2026-05-04 10:57:39,120 [INFO] ThirdParty:1030 - CMSIS Pack Vendor :STMicroelectronics X-CUBE-SAFEA1 1.2.2
2026-05-04 10:57:39,120 [INFO] ThirdParty:1030 - CMSIS Pack Vendor :STMicroelectronics X-CUBE-NFC4 3.0.0
2026-05-04 10:57:39,120 [INFO] ThirdParty:1030 - CMSIS Pack Vendor :STMicroelectronics X-CUBE-SUBG2 5.0.0
2026-05-04 10:57:39,120 [INFO] ThirdParty:1030 - CMSIS Pack Vendor :STMicroelectronics X-CUBE-AZRTOS-H7RS 1.1.0
2026-05-04 10:57:39,121 [INFO] ThirdParty:1030 - CMSIS Pack Vendor :STMicroelectronics STM32_WPAN 1.0.0
2026-05-04 10:57:39,121 [INFO] ThirdParty:1030 - CMSIS Pack Vendor :STMicroelectronics eDS-WB_DPC_VIENNA 1.2.0
2026-05-04 10:57:39,121 [INFO] ThirdParty:1030 - CMSIS Pack Vendor :EmbeddedOffice I-CUBE-FS-RTOS 1.0.1
2026-05-04 10:57:39,121 [INFO] ThirdParty:1030 - CMSIS Pack Vendor :STMicroelectronics lwIP 2.0.3
2026-05-04 10:57:39,121 [INFO] ThirdParty:1030 - CMSIS Pack Vendor :WES I-CUBE-Cesium 1.4.0
2026-05-04 10:57:39,121 [INFO] ThirdParty:1030 - CMSIS Pack Vendor :STMicroelectronics eDS-WB_DPC_3PH2L-BIDIR 1.1.1
2026-05-04 10:57:39,121 [INFO] ThirdParty:1030 - CMSIS Pack Vendor :STMicroelectronics USB_HOST 1.0.0
2026-05-04 10:57:39,121 [INFO] ThirdParty:1030 - CMSIS Pack Vendor :Infineon AIROC-Wi-Fi-Bluetooth-STM32 1.7.1
2026-05-04 10:57:39,121 [INFO] ThirdParty:1030 - CMSIS Pack Vendor :STMicroelectronics X-CUBE-AZRTOS-G4 2.0.0
2026-05-04 10:57:39,121 [INFO] ThirdParty:1030 - CMSIS Pack Vendor :STMicroelectronics X-CUBE-WB05N 2.0.0
2026-05-04 10:57:39,121 [INFO] ThirdParty:1030 - CMSIS Pack Vendor :STMicroelectronics PDM2PCM 3.1.0
2026-05-04 10:57:39,121 [INFO] ThirdParty:1030 - CMSIS Pack Vendor :STMicroelectronics PDM2PCM 3.3.0
2026-05-04 10:57:39,121 [INFO] ThirdParty:1030 - CMSIS Pack Vendor :wolfSSL I-CUBE-wolfTPM 3.8.0
2026-05-04 10:57:39,122 [INFO] ThirdParty:1030 - CMSIS Pack Vendor :STMicroelectronics X-CUBE-AZRTOS-H7 3.4.0
2026-05-04 10:57:39,122 [INFO] ThirdParty:1030 - CMSIS Pack Vendor :STMicroelectronics X-CUBE-DISPLAY 3.0.0
2026-05-04 10:57:39,122 [INFO] ThirdParty:1030 - CMSIS Pack Vendor :wolfSSL I-CUBE-wolfSSH 1.4.20
2026-05-04 10:57:39,122 [INFO] ThirdParty:1030 - CMSIS Pack Vendor :STMicroelectronics X-CUBE-NFC7 2.0.0
2026-05-04 10:57:39,122 [INFO] ThirdParty:1030 - CMSIS Pack Vendor :STMicroelectronics X-CUBE-GNSS1 7.1.1
2026-05-04 10:57:39,122 [INFO] ThirdParty:1030 - CMSIS Pack Vendor :STMicroelectronics FP-SNS-MOTENVWB1 1.5.0
2026-05-04 10:57:39,122 [INFO] ThirdParty:1030 - CMSIS Pack Vendor :STMicroelectronics X-CUBE-TCPP 4.2.0
2026-05-04 10:57:39,122 [INFO] ThirdParty:1030 - CMSIS Pack Vendor :RealThread X-CUBE-RT-Thread_Nano 4.1.1
2026-05-04 10:57:39,123 [INFO] ThirdParty:1030 - CMSIS Pack Vendor :STMicroelectronics FP-ATR-SIGFOX1 3.2.0
2026-05-04 10:57:39,123 [INFO] ThirdParty:1030 - CMSIS Pack Vendor :STMicroelectronics X-CUBE-NFC10 1.0.0
2026-05-04 10:57:39,123 [INFO] ThirdParty:1030 - CMSIS Pack Vendor :STMicroelectronics X-CUBE-FREERTOS 1.3.1
2026-05-04 10:57:39,123 [INFO] ThirdParty:1030 - CMSIS Pack Vendor :STMicroelectronics HAL Drivers 0.0.0
2026-05-04 10:57:39,123 [INFO] ThirdParty:1030 - CMSIS Pack Vendor :STMicroelectronics X-CUBE-FREERTOS 1.5.0
2026-05-04 10:57:39,123 [INFO] ThirdParty:1030 - CMSIS Pack Vendor :STMicroelectronics MBEDTLS 2.16.2
2026-05-04 10:57:39,123 [INFO] ThirdParty:1030 - CMSIS Pack Vendor :STMicroelectronics X-CUBE-ALS 1.0.2
2026-05-04 10:57:39,123 [INFO] ThirdParty:1030 - CMSIS Pack Vendor :emotas I-CUBE-CANOPEN 1.3.0
2026-05-04 10:57:39,123 [INFO] ThirdParty:1030 - CMSIS Pack Vendor :STMicroelectronics MBEDTLS 2.14.1
2026-05-04 10:57:39,124 [INFO] ThirdParty:1030 - CMSIS Pack Vendor :STMicroelectronics X-CUBE-GNSS1 7.1.0
2026-05-04 10:57:39,124 [INFO] ThirdParty:1030 - CMSIS Pack Vendor :ITTIA_DB I-CUBE-ITTIADB 8.9.0
2026-05-04 10:57:39,124 [INFO] ThirdParty:1030 - CMSIS Pack Vendor :STMicroelectronics X-CUBE-TOUCHGFX 4.26.0
2026-05-04 10:57:39,124 [INFO] ThirdParty:1030 - CMSIS Pack Vendor :STMicroelectronics X-CUBE-STSE01 1.0.0
2026-05-04 10:57:39,124 [INFO] ThirdParty:1030 - CMSIS Pack Vendor :STMicroelectronics X-CUBE-TOUCHGFX 4.26.1
2026-05-04 10:57:39,124 [INFO] ThirdParty:1030 - CMSIS Pack Vendor :STMicroelectronics X-CUBE-NFC6 3.2.0
2026-05-04 10:57:39,124 [INFO] ThirdParty:1030 - CMSIS Pack Vendor :STMicroelectronics FP-SNS-STAIOTCFT 1.0.0
2026-05-04 10:57:39,124 [INFO] ThirdParty:1030 - CMSIS Pack Vendor :STMicroelectronics ThreadX 1.0.0
2026-05-04 10:57:39,124 [INFO] ThirdParty:1030 - CMSIS Pack Vendor :STMicroelectronics FP-SNS-SMARTAG2 1.2.0
2026-05-04 10:57:39,124 [INFO] ThirdParty:1030 - CMSIS Pack Vendor :STMicroelectronics X-CUBE-MEMS1 12.1.0
2026-05-04 10:57:39,124 [INFO] ThirdParty:1030 - CMSIS Pack Vendor :STMicroelectronics FP-SNS-FLIGHT1 5.1.0
2026-05-04 10:57:39,124 [INFO] ThirdParty:1030 - CMSIS Pack Vendor :STMicroelectronics X-CUBE-AZRTOS-WL 2.0.0
2026-05-04 10:57:39,124 [INFO] ThirdParty:1030 - CMSIS Pack Vendor :SEGGER I-CUBE-embOS 1.3.1
2026-05-04 10:57:39,124 [INFO] ThirdParty:1030 - CMSIS Pack Vendor :STMicroelectronics X-CUBE-ALGOBUILD 1.4.0
2026-05-04 10:57:39,125 [INFO] ThirdParty:1030 - CMSIS Pack Vendor :STMicroelectronics X-CUBE-DPower 1.3.0
2026-05-04 10:57:39,125 [INFO] ThirdParty:1030 - CMSIS Pack Vendor :STMicroelectronics X-CUBE-MEMS1 11.3.0
2026-05-04 10:57:39,125 [INFO] ThirdParty:1030 - CMSIS Pack Vendor :STMicroelectronics USB_DEVICE 1.0.0
2026-05-04 10:57:39,125 [INFO] ThirdParty:1030 - CMSIS Pack Vendor :STMicroelectronics X-CUBE-AZRTOS-H7RS 1.2.0
2026-05-04 10:57:39,125 [INFO] ThirdParty:1030 - CMSIS Pack Vendor :STMicroelectronics X-CUBE-AZRTOS-L4 2.0.0
2026-05-04 10:57:39,125 [INFO] ThirdParty:1030 - CMSIS Pack Vendor :STMicroelectronics ThreadX 0.0.2
2026-05-04 10:57:39,125 [INFO] ThirdParty:1030 - CMSIS Pack Vendor :STMicroelectronics lwIP 2.1.2
2026-05-04 10:57:39,125 [INFO] ThirdParty:1030 - CMSIS Pack Vendor :STMicroelectronics X-CUBE-SFXS2LP1 4.0.0
2026-05-04 10:57:39,125 [INFO] ThirdParty:1030 - CMSIS Pack Vendor :STMicroelectronics X-CUBE-BLE2 3.3.0
2026-05-04 10:57:39,125 [INFO] ThirdParty:1030 - CMSIS Pack Vendor :Avnet-IOTCONNECT X-CUBE-iotc-st67-sdk 1.0.0
2026-05-04 10:57:39,125 [INFO] ThirdParty:1030 - CMSIS Pack Vendor :STMicroelectronics X-CUBE-TOF1 3.4.3
2026-05-04 10:57:39,125 [INFO] ThirdParty:1030 - CMSIS Pack Vendor :STMicroelectronics PDM2PCM 3.2.0
2026-05-04 10:57:39,125 [INFO] ThirdParty:1030 - CMSIS Pack Vendor :STMicroelectronics X-CUBE-WB05N 2.1.0
2026-05-04 10:57:39,125 [INFO] ThirdParty:1030 - CMSIS Pack Vendor :STMicroelectronics X-CUBE-ST67W61 1.2.0
2026-05-04 10:57:39,126 [INFO] ThirdParty:841 - exiting critical section [change project]
2026-05-04 10:57:39,569 [INFO] PinOutPanel:1589 - setPackage(No Configuration,No Configuration)
2026-05-04 10:57:39,571 [INFO] PinOutPanel:1589 - setPackage(STM32C071RBTx,LQFP64_GP)
2026-05-04 10:57:40,136 [INFO] UtilMem:75 - Before build in PCC Used Memory: 1011090152 Bytes (1073741824)
2026-05-04 10:57:41,848 [INFO] UtilMem:75 - After build in PCC Used Memory: 979297808 Bytes (1073741824)
2026-05-04 10:57:41,933 [INFO] IPUIPlugin:80 - create IPUIPlugin
2026-05-04 10:57:41,933 [INFO] IPUIPlugin:80 - create IPUIPlugin
2026-05-04 10:57:41,934 [INFO] IPUIPlugin:80 - create IPUIPlugin
2026-05-04 10:57:41,934 [INFO] IPUIPlugin:80 - create IPUIPlugin
2026-05-04 10:57:41,934 [INFO] IPUIPlugin:80 - create IPUIPlugin
2026-05-04 10:57:41,935 [INFO] IPUIPlugin:80 - create IPUIPlugin
2026-05-04 10:57:41,935 [INFO] IPUIPlugin:80 - create IPUIPlugin
2026-05-04 10:57:41,935 [INFO] IPUIPlugin:80 - create IPUIPlugin
2026-05-04 10:57:41,936 [INFO] IPUIPlugin:80 - create IPUIPlugin
2026-05-04 10:57:41,936 [INFO] IPUIPlugin:80 - create IPUIPlugin
2026-05-04 10:57:41,936 [INFO] IPUIPlugin:80 - create IPUIPlugin
2026-05-04 10:57:41,937 [INFO] IPUIPlugin:80 - create IPUIPlugin
2026-05-04 10:57:41,937 [INFO] IPUIPlugin:80 - create IPUIPlugin
2026-05-04 10:57:41,937 [INFO] IPUIPlugin:80 - create IPUIPlugin
2026-05-04 10:57:41,938 [INFO] IPUIPlugin:80 - create IPUIPlugin
2026-05-04 10:57:41,939 [INFO] IPUIPlugin:80 - create IPUIPlugin
2026-05-04 10:57:41,940 [INFO] IPUIPlugin:80 - create IPUIPlugin
2026-05-04 10:57:41,940 [INFO] IPUIPlugin:80 - create IPUIPlugin
2026-05-04 10:57:41,941 [INFO] IPUIPlugin:80 - create IPUIPlugin
2026-05-04 10:57:41,941 [INFO] IPUIPlugin:80 - create IPUIPlugin
2026-05-04 10:57:41,942 [INFO] IPUIPlugin:80 - create IPUIPlugin
2026-05-04 10:57:41,942 [INFO] IPUIPlugin:80 - create IPUIPlugin
2026-05-04 10:57:41,942 [INFO] IPUIPlugin:80 - create IPUIPlugin
2026-05-04 10:57:41,943 [INFO] IPUIPlugin:80 - create IPUIPlugin
2026-05-04 10:57:41,943 [INFO] IPUIPlugin:80 - create IPUIPlugin
2026-05-04 10:57:41,943 [INFO] IPUIPlugin:80 - create IPUIPlugin
2026-05-04 10:57:41,944 [INFO] IPUIPlugin:80 - create IPUIPlugin
2026-05-04 10:57:41,944 [INFO] IPUIPlugin:80 - create IPUIPlugin
2026-05-04 10:57:41,945 [INFO] IPUIPlugin:80 - create IPUIPlugin
2026-05-04 10:57:41,945 [INFO] IPUIPlugin:80 - create IPUIPlugin
2026-05-04 10:57:41,946 [INFO] IPUIPlugin:80 - create IPUIPlugin
2026-05-04 10:57:41,946 [INFO] IPUIPlugin:80 - create IPUIPlugin
2026-05-04 10:57:41,947 [INFO] IPUIPlugin:80 - create IPUIPlugin
2026-05-04 10:57:41,947 [INFO] IPUIPlugin:80 - create IPUIPlugin
2026-05-04 10:57:41,948 [INFO] IPUIPlugin:80 - create IPUIPlugin
2026-05-04 10:57:41,948 [INFO] IPUIPlugin:80 - create IPUIPlugin
2026-05-04 10:57:42,341 [INFO] CADModel:165 - CPN selected for project levelSTM32C071RBT6
2026-05-04 10:57:42,341 [INFO] CADModel:114 - Register for checkConnection events
2026-05-04 10:57:42,383 [INFO] OpenFileManager:386 - Restore cursor
2026-05-04 10:57:48,852 [INFO] UtilMem:75 - End SaveConfig() Used Memory: 987334400 Bytes (1073741824)
2026-05-04 10:57:49,468 [ERROR] IocParser:95 - Exception caught: Cannot invoke "java.lang.CharSequence.length()" because "this.text" is null
2026-05-04 10:57:49,969 [INFO] ServerAccessManage:452 - Complete download http(s) 200
2026-05-04 10:57:49,970 [INFO] ServerAccessManage:509 - Download File stm32cube_fw_c0_v140.zip
2026-05-04 10:58:27,216 [INFO] AnalyticsPlugin:368 - Accepted License(s): [FW.C0.1.4.0]
2026-05-04 10:58:27,218 [INFO] FileExtend:248 - Unzip File : stm32cube_fw_c0_v140.zip
2026-05-04 10:58:27,219 [INFO] FileExtend:263 - Standard Zip Deflate
2026-05-04 10:59:52,822 [INFO] LoadServerPackagesThread:196 - End of LoadServerPackages Thread
2026-05-04 10:59:53,198 [INFO] ThirdPartyModel:298 - Start build external matchings
2026-05-04 10:59:53,219 [INFO] UtilMem:75 - End SaveConfig() Used Memory: 1054193864 Bytes (1073741824)
2026-05-04 10:59:55,170 [ERROR] IocParser:95 - Exception caught: Cannot invoke "java.lang.CharSequence.length()" because "this.text" is null
2026-05-04 10:59:55,515 [INFO] BlockDiagram:2775 - set Specific Code input for plugin: NVIC
2026-05-04 10:59:55,515 [INFO] BlockDiagram:2775 - set Specific Code input for plugin: NUCLEO-C071RB
2026-05-04 10:59:55,515 [INFO] BlockDiagram:2775 - set Specific Code input for plugin: SYS
2026-05-04 10:59:55,516 [INFO] BlockDiagram:2775 - set Specific Code input for plugin: RCC
2026-05-04 10:59:55,517 [INFO] CodeGenerator:892 - code generatio: config db path: D:\STM32CubeIDE_1.19.0\STM32CubeIDE\plugins\com.st.stm32cube.common.mx_6.15.0.202507011659\\db\
2026-05-04 10:59:56,521 [INFO] CodeEngine:265 - oldGeneratedFile, D:\Strataroh_Git\25_SV09_Internship_Projects_FW\Asmita_04052026\Led_blinking\MXTmpFiles\license.tmp_save
2026-05-04 10:59:57,375 [INFO] ThirdPartyModel:316 - End build external matchings
2026-05-04 10:59:57,399 [INFO] CheckServerUpdateThread:120 - End of CheckServer Thread
2026-05-04 10:59:58,428 [INFO] CodeEngine:289 - Generated code: D:\Strataroh_Git\25_SV09_Internship_Projects_FW\Asmita_04052026\Led_blinking\MXTmpFiles\license.tmp
2026-05-04 10:59:58,681 [INFO] CodeEngine:265 - oldGeneratedFile, D:\Strataroh_Git\25_SV09_Internship_Projects_FW\Asmita_04052026\Led_blinking\MXTmpFiles\cortex.tmp_save
2026-05-04 10:59:58,953 [INFO] CodeEngine:289 - Generated code: D:\Strataroh_Git\25_SV09_Internship_Projects_FW\Asmita_04052026\Led_blinking\MXTmpFiles\cortex.tmp
2026-05-04 10:59:58,983 [INFO] CodeEngine:265 - oldGeneratedFile, D:\Strataroh_Git\25_SV09_Internship_Projects_FW\Asmita_04052026\Led_blinking\Core\Inc\stm32c0xx_nucleo_conf.h_save
2026-05-04 10:59:59,225 [INFO] CodeEngine:289 - Generated code: D:\Strataroh_Git\25_SV09_Internship_Projects_FW\Asmita_04052026\Led_blinking\Core\Inc\stm32c0xx_nucleo_conf.h
2026-05-04 10:59:59,247 [INFO] CodeEngine:265 - oldGeneratedFile, D:\Strataroh_Git\25_SV09_Internship_Projects_FW\Asmita_04052026\Led_blinking\MXTmpFiles\bsp_inc.tmp_save
2026-05-04 10:59:59,393 [INFO] CodeEngine:289 - Generated code: D:\Strataroh_Git\25_SV09_Internship_Projects_FW\Asmita_04052026\Led_blinking\MXTmpFiles\bsp_inc.tmp
2026-05-04 10:59:59,423 [INFO] CodeEngine:265 - oldGeneratedFile, D:\Strataroh_Git\25_SV09_Internship_Projects_FW\Asmita_04052026\Led_blinking\MXTmpFiles\bsp_common_vars.tmp_save
2026-05-04 10:59:59,553 [INFO] CodeEngine:289 - Generated code: D:\Strataroh_Git\25_SV09_Internship_Projects_FW\Asmita_04052026\Led_blinking\MXTmpFiles\bsp_common_vars.tmp
2026-05-04 10:59:59,570 [INFO] CodeEngine:265 - oldGeneratedFile, D:\Strataroh_Git\25_SV09_Internship_Projects_FW\Asmita_04052026\Led_blinking\MXTmpFiles\bsp_common_init.tmp_save
2026-05-04 10:59:59,700 [INFO] CodeEngine:289 - Generated code: D:\Strataroh_Git\25_SV09_Internship_Projects_FW\Asmita_04052026\Led_blinking\MXTmpFiles\bsp_common_init.tmp
2026-05-04 10:59:59,717 [INFO] CodeEngine:265 - oldGeneratedFile, D:\Strataroh_Git\25_SV09_Internship_Projects_FW\Asmita_04052026\Led_blinking\MXTmpFiles\bsp_common_demo_before_while.tmp_save
2026-05-04 10:59:59,835 [INFO] CodeEngine:289 - Generated code: D:\Strataroh_Git\25_SV09_Internship_Projects_FW\Asmita_04052026\Led_blinking\MXTmpFiles\bsp_common_demo_before_while.tmp
2026-05-04 10:59:59,841 [INFO] CodeEngine:265 - oldGeneratedFile, D:\Strataroh_Git\25_SV09_Internship_Projects_FW\Asmita_04052026\Led_blinking\MXTmpFiles\bsp_common_demo_inside_while.tmp_save
2026-05-04 10:59:59,955 [INFO] CodeEngine:289 - Generated code: D:\Strataroh_Git\25_SV09_Internship_Projects_FW\Asmita_04052026\Led_blinking\MXTmpFiles\bsp_common_demo_inside_while.tmp
2026-05-04 10:59:59,961 [INFO] CodeEngine:265 - oldGeneratedFile, D:\Strataroh_Git\25_SV09_Internship_Projects_FW\Asmita_04052026\Led_blinking\MXTmpFiles\bsp_common_demo_fct.tmp_save
2026-05-04 11:00:00,078 [INFO] CodeEngine:289 - Generated code: D:\Strataroh_Git\25_SV09_Internship_Projects_FW\Asmita_04052026\Led_blinking\MXTmpFiles\bsp_common_demo_fct.tmp
2026-05-04 11:00:00,091 [INFO] CodeEngine:265 - oldGeneratedFile, D:\Strataroh_Git\25_SV09_Internship_Projects_FW\Asmita_04052026\Led_blinking\Core\Src\stm32c0xx_it.c_save
2026-05-04 11:00:00,387 [INFO] CodeEngine:289 - Generated code: D:\Strataroh_Git\25_SV09_Internship_Projects_FW\Asmita_04052026\Led_blinking\Core\Src\stm32c0xx_it.c
2026-05-04 11:00:00,411 [INFO] CodeEngine:265 - oldGeneratedFile, D:\Strataroh_Git\25_SV09_Internship_Projects_FW\Asmita_04052026\Led_blinking\Core\Inc\stm32c0xx_it.h_save
2026-05-04 11:00:00,562 [INFO] CodeEngine:289 - Generated code: D:\Strataroh_Git\25_SV09_Internship_Projects_FW\Asmita_04052026\Led_blinking\Core\Inc\stm32c0xx_it.h
2026-05-04 11:00:00,619 [INFO] CodeEngine:265 - oldGeneratedFile, D:\Strataroh_Git\25_SV09_Internship_Projects_FW\Asmita_04052026\Led_blinking\Core\Src\stm32c0xx_hal_msp.c_save
2026-05-04 11:00:00,926 [INFO] CodeEngine:289 - Generated code: D:\Strataroh_Git\25_SV09_Internship_Projects_FW\Asmita_04052026\Led_blinking\Core\Src\stm32c0xx_hal_msp.c
2026-05-04 11:00:00,946 [INFO] CodeEngine:265 - oldGeneratedFile, D:\Strataroh_Git\25_SV09_Internship_Projects_FW\Asmita_04052026\Led_blinking\MXTmpFiles\system.tmp_save
2026-05-04 11:00:01,081 [INFO] CodeEngine:289 - Generated code: D:\Strataroh_Git\25_SV09_Internship_Projects_FW\Asmita_04052026\Led_blinking\MXTmpFiles\system.tmp
2026-05-04 11:00:01,108 [INFO] CodeEngine:321 - oldGeneratedFile, D:\Strataroh_Git\25_SV09_Internship_Projects_FW\Asmita_04052026\Led_blinking\Core\Inc\stm32c0xx_hal_conf.h_save
2026-05-04 11:00:01,344 [INFO] CodeEngine:345 - Generated code: D:\Strataroh_Git\25_SV09_Internship_Projects_FW\Asmita_04052026\Led_blinking\Core\Inc\stm32c0xx_hal_conf.h
2026-05-04 11:00:01,394 [WARN] IPConfigManager:3238 - Warning: the RefConfig RCC_PClockConfig is not available in your config.xml file
2026-05-04 11:00:01,395 [WARN] IPConfigManager:3238 - Warning: the RefConfig RCC_interrupt_Time_SYSTICK_Config is not available in your config.xml file
2026-05-04 11:00:01,406 [INFO] ApiDbMcu:532 - Load IP Config File for RCC
2026-05-04 11:00:01,418 [INFO] CodeEngine:265 - oldGeneratedFile, D:\Strataroh_Git\25_SV09_Internship_Projects_FW\Asmita_04052026\Led_blinking\Core\Inc\main.h_save
2026-05-04 11:00:01,676 [INFO] CodeEngine:289 - Generated code: D:\Strataroh_Git\25_SV09_Internship_Projects_FW\Asmita_04052026\Led_blinking\Core\Inc\main.h
2026-05-04 11:00:01,701 [INFO] CodeEngine:265 - oldGeneratedFile, D:\Strataroh_Git\25_SV09_Internship_Projects_FW\Asmita_04052026\Led_blinking\Core\Src\main.c_save
2026-05-04 11:00:01,950 [INFO] CodeEngine:289 - Generated code: D:\Strataroh_Git\25_SV09_Internship_Projects_FW\Asmita_04052026\Led_blinking\Core\Src\main.c
2026-05-04 11:00:02,520 [INFO] ProjectBuilder:3606 - Time for Copy HAL[1] : 213mS.
2026-05-04 11:00:02,535 [INFO] ProjectBuilder:5216 - Project Generator version: 4.7.0-B52
2026-05-04 11:00:02,725 [INFO] ConfigFileManager:1595 - The Die is : DIE493
2026-05-04 11:00:02,753 [INFO] ApiDbMcu:532 - Load IP Config File for FILEX
2026-05-04 11:00:02,780 [INFO] ApiDbMcu:532 - Load IP Config File for LEVELX
2026-05-04 11:00:02,804 [INFO] ApiDbMcu:532 - Load IP Config File for THREADX
2026-05-04 11:00:02,840 [INFO] ApiDbMcu:532 - Load IP Config File for USBX
2026-05-04 11:00:04,112 [INFO] LogOutputStream:77 - [STDOUT_REDIRECT] 
2026-05-04 11:00:09,978 [INFO] ProjectBuilder:5496 - Time for Generating toolchain IDE Files: 7444mS.
2026-05-04 11:00:09,979 [INFO] ProjectBuilder:3463 - Time for Copy CMSIS : 1mS.
2026-05-04 11:00:09,982 [INFO] ProjectBuilder:3463 - Time for Copy CMSIS : 0mS.
2026-05-04 11:00:11,557 [INFO] McuFinderGlobals:76 - Set McuFinderConnectedMode to true
2026-05-04 11:00:11,563 [INFO] ApiDb:448 - Save user favorites file C:\Users\Asmita Milind Bagad/.stm32cubeide/favorites.mcus.txt: 0 item(s)
2026-05-04 11:00:11,564 [INFO] ApiDb:452 - User favorites MCUs=[]
2026-05-04 11:00:11,566 [INFO] ApiDb:448 - Save user favorites file C:\Users\Asmita Milind Bagad/.stm32cubeide/favorites.boards.txt: 1 item(s)
2026-05-04 11:00:11,567 [INFO] ApiDb:452 - User favorites Boards=[NUCLEO-C071RB]
2026-05-04 11:00:13,107 [ERROR] ConfigurationRetriever:142 - IOException on connection: Read timed out
2026-05-04 11:02:17,837 [INFO] WebApp:194 - Connection lost
2026-05-04 11:03:03,822 [INFO] WebApp:191 - Connection restablished
2026-05-04 11:03:05,890 [INFO] WebApp:194 - Connection lost
2026-05-04 11:03:06,285 [INFO] WebApp:191 - Connection restablished
2026-05-04 11:11:10,719 [INFO] WebApp:194 - Connection lost
2026-05-04 11:11:55,710 [INFO] WebApp:191 - Connection restablished
2026-05-04 11:12:00,416 [INFO] WebApp:194 - Connection lost
2026-05-04 11:12:00,875 [INFO] WebApp:191 - Connection restablished
2026-05-04 11:14:42,359 [INFO] WebApp:194 - Connection lost
2026-05-04 11:15:17,283 [INFO] WebApp:191 - Connection restablished
2026-05-04 11:16:43,377 [INFO] Gpio:278 - dependency for GPIO [RCC]
2026-05-04 11:16:48,419 [INFO] WebApp:194 - Connection lost
2026-05-04 11:16:48,812 [INFO] WebApp:191 - Connection restablished
2026-05-04 11:16:53,461 [INFO] UtilMem:75 - End SaveConfig() Used Memory: 687374136 Bytes (1073741824)
2026-05-04 11:16:54,339 [ERROR] IocParser:95 - Exception caught: null
2026-05-04 11:16:55,659 [INFO] UtilMem:75 - End SaveConfig() Used Memory: 709201384 Bytes (1073741824)
2026-05-04 11:16:55,990 [ERROR] IocParser:95 - Exception caught: null
2026-05-04 11:16:58,623 [INFO] UtilMem:75 - End SaveConfig() Used Memory: 778793712 Bytes (1073741824)
2026-05-04 11:16:58,769 [ERROR] IocParser:95 - Exception caught: null
2026-05-04 11:16:59,012 [INFO] BlockDiagram:2775 - set Specific Code input for plugin: NVIC
2026-05-04 11:16:59,013 [INFO] BlockDiagram:2775 - set Specific Code input for plugin: NUCLEO-C071RB
2026-05-04 11:16:59,013 [INFO] BlockDiagram:2775 - set Specific Code input for plugin: SYS
2026-05-04 11:16:59,014 [INFO] BlockDiagram:2775 - set Specific Code input for plugin: GPIO
2026-05-04 11:16:59,014 [INFO] BlockDiagram:2775 - set Specific Code input for plugin: RCC
2026-05-04 11:16:59,015 [INFO] CodeGenerator:892 - code generatio: config db path: D:\STM32CubeIDE_1.19.0\STM32CubeIDE\plugins\com.st.stm32cube.common.mx_6.15.0.202507011659\\db\
2026-05-04 11:16:59,139 [INFO] CodeEngine:265 - oldGeneratedFile, D:\Strataroh_Git\25_SV09_Internship_Projects_FW\Asmita_04052026\Led_blinking\MXTmpFiles\license.tmp_save
2026-05-04 11:16:59,685 [INFO] CodeEngine:289 - Generated code: D:\Strataroh_Git\25_SV09_Internship_Projects_FW\Asmita_04052026\Led_blinking\MXTmpFiles\license.tmp
2026-05-04 11:16:59,785 [INFO] CodeEngine:265 - oldGeneratedFile, D:\Strataroh_Git\25_SV09_Internship_Projects_FW\Asmita_04052026\Led_blinking\Core\Src\gpio.c_save
2026-05-04 11:17:00,154 [INFO] CodeEngine:289 - Generated code: D:\Strataroh_Git\25_SV09_Internship_Projects_FW\Asmita_04052026\Led_blinking\Core\Src\gpio.c
2026-05-04 11:17:00,180 [INFO] CodeEngine:265 - oldGeneratedFile, D:\Strataroh_Git\25_SV09_Internship_Projects_FW\Asmita_04052026\Led_blinking\Core\Inc\gpio.h_save
2026-05-04 11:17:00,384 [INFO] CodeEngine:289 - Generated code: D:\Strataroh_Git\25_SV09_Internship_Projects_FW\Asmita_04052026\Led_blinking\Core\Inc\gpio.h
2026-05-04 11:17:00,515 [INFO] CodeEngine:265 - oldGeneratedFile, D:\Strataroh_Git\25_SV09_Internship_Projects_FW\Asmita_04052026\Led_blinking\MXTmpFiles\cortex.tmp_save
2026-05-04 11:17:00,728 [INFO] CodeEngine:289 - Generated code: D:\Strataroh_Git\25_SV09_Internship_Projects_FW\Asmita_04052026\Led_blinking\MXTmpFiles\cortex.tmp
2026-05-04 11:17:00,760 [INFO] CodeEngine:265 - oldGeneratedFile, D:\Strataroh_Git\25_SV09_Internship_Projects_FW\Asmita_04052026\Led_blinking\Core\Inc\stm32c0xx_nucleo_conf.h_save
2026-05-04 11:17:00,972 [INFO] CodeEngine:289 - Generated code: D:\Strataroh_Git\25_SV09_Internship_Projects_FW\Asmita_04052026\Led_blinking\Core\Inc\stm32c0xx_nucleo_conf.h
2026-05-04 11:17:00,982 [INFO] CodeEngine:265 - oldGeneratedFile, D:\Strataroh_Git\25_SV09_Internship_Projects_FW\Asmita_04052026\Led_blinking\MXTmpFiles\bsp_inc.tmp_save
2026-05-04 11:17:01,112 [INFO] CodeEngine:289 - Generated code: D:\Strataroh_Git\25_SV09_Internship_Projects_FW\Asmita_04052026\Led_blinking\MXTmpFiles\bsp_inc.tmp
2026-05-04 11:17:01,121 [INFO] CodeEngine:265 - oldGeneratedFile, D:\Strataroh_Git\25_SV09_Internship_Projects_FW\Asmita_04052026\Led_blinking\MXTmpFiles\bsp_common_vars.tmp_save
2026-05-04 11:17:01,252 [INFO] CodeEngine:289 - Generated code: D:\Strataroh_Git\25_SV09_Internship_Projects_FW\Asmita_04052026\Led_blinking\MXTmpFiles\bsp_common_vars.tmp
2026-05-04 11:17:01,260 [INFO] CodeEngine:265 - oldGeneratedFile, D:\Strataroh_Git\25_SV09_Internship_Projects_FW\Asmita_04052026\Led_blinking\MXTmpFiles\bsp_common_init.tmp_save
2026-05-04 11:17:01,368 [INFO] CodeEngine:289 - Generated code: D:\Strataroh_Git\25_SV09_Internship_Projects_FW\Asmita_04052026\Led_blinking\MXTmpFiles\bsp_common_init.tmp
2026-05-04 11:17:01,376 [INFO] CodeEngine:265 - oldGeneratedFile, D:\Strataroh_Git\25_SV09_Internship_Projects_FW\Asmita_04052026\Led_blinking\MXTmpFiles\bsp_common_demo_before_while.tmp_save
2026-05-04 11:17:01,471 [INFO] CodeEngine:289 - Generated code: D:\Strataroh_Git\25_SV09_Internship_Projects_FW\Asmita_04052026\Led_blinking\MXTmpFiles\bsp_common_demo_before_while.tmp
2026-05-04 11:17:01,477 [INFO] CodeEngine:265 - oldGeneratedFile, D:\Strataroh_Git\25_SV09_Internship_Projects_FW\Asmita_04052026\Led_blinking\MXTmpFiles\bsp_common_demo_inside_while.tmp_save
2026-05-04 11:17:01,573 [INFO] CodeEngine:289 - Generated code: D:\Strataroh_Git\25_SV09_Internship_Projects_FW\Asmita_04052026\Led_blinking\MXTmpFiles\bsp_common_demo_inside_while.tmp
2026-05-04 11:17:01,579 [INFO] CodeEngine:265 - oldGeneratedFile, D:\Strataroh_Git\25_SV09_Internship_Projects_FW\Asmita_04052026\Led_blinking\MXTmpFiles\bsp_common_demo_fct.tmp_save
2026-05-04 11:17:01,676 [INFO] CodeEngine:289 - Generated code: D:\Strataroh_Git\25_SV09_Internship_Projects_FW\Asmita_04052026\Led_blinking\MXTmpFiles\bsp_common_demo_fct.tmp
2026-05-04 11:17:01,691 [INFO] CodeEngine:265 - oldGeneratedFile, D:\Strataroh_Git\25_SV09_Internship_Projects_FW\Asmita_04052026\Led_blinking\Core\Src\stm32c0xx_it.c_save
2026-05-04 11:17:02,104 [INFO] CodeEngine:289 - Generated code: D:\Strataroh_Git\25_SV09_Internship_Projects_FW\Asmita_04052026\Led_blinking\Core\Src\stm32c0xx_it.c
2026-05-04 11:17:02,113 [INFO] CodeEngine:265 - oldGeneratedFile, D:\Strataroh_Git\25_SV09_Internship_Projects_FW\Asmita_04052026\Led_blinking\Core\Inc\stm32c0xx_it.h_save
2026-05-04 11:17:02,222 [INFO] CodeEngine:289 - Generated code: D:\Strataroh_Git\25_SV09_Internship_Projects_FW\Asmita_04052026\Led_blinking\Core\Inc\stm32c0xx_it.h
2026-05-04 11:17:02,270 [INFO] CodeEngine:265 - oldGeneratedFile, D:\Strataroh_Git\25_SV09_Internship_Projects_FW\Asmita_04052026\Led_blinking\Core\Src\stm32c0xx_hal_msp.c_save
2026-05-04 11:17:02,549 [INFO] CodeEngine:289 - Generated code: D:\Strataroh_Git\25_SV09_Internship_Projects_FW\Asmita_04052026\Led_blinking\Core\Src\stm32c0xx_hal_msp.c
2026-05-04 11:17:02,556 [INFO] CodeEngine:265 - oldGeneratedFile, D:\Strataroh_Git\25_SV09_Internship_Projects_FW\Asmita_04052026\Led_blinking\MXTmpFiles\system.tmp_save
2026-05-04 11:17:02,661 [INFO] CodeEngine:289 - Generated code: D:\Strataroh_Git\25_SV09_Internship_Projects_FW\Asmita_04052026\Led_blinking\MXTmpFiles\system.tmp
2026-05-04 11:17:02,679 [INFO] CodeEngine:321 - oldGeneratedFile, D:\Strataroh_Git\25_SV09_Internship_Projects_FW\Asmita_04052026\Led_blinking\Core\Inc\stm32c0xx_hal_conf.h_save
2026-05-04 11:17:02,918 [INFO] CodeEngine:345 - Generated code: D:\Strataroh_Git\25_SV09_Internship_Projects_FW\Asmita_04052026\Led_blinking\Core\Inc\stm32c0xx_hal_conf.h
2026-05-04 11:17:02,949 [WARN] IPConfigManager:3238 - Warning: the RefConfig RCC_PClockConfig is not available in your config.xml file
2026-05-04 11:17:02,950 [WARN] IPConfigManager:3238 - Warning: the RefConfig RCC_interrupt_Time_SYSTICK_Config is not available in your config.xml file
2026-05-04 11:17:02,965 [INFO] CodeEngine:265 - oldGeneratedFile, D:\Strataroh_Git\25_SV09_Internship_Projects_FW\Asmita_04052026\Led_blinking\Core\Inc\main.h_save
2026-05-04 11:17:03,273 [INFO] CodeEngine:289 - Generated code: D:\Strataroh_Git\25_SV09_Internship_Projects_FW\Asmita_04052026\Led_blinking\Core\Inc\main.h
2026-05-04 11:17:03,281 [INFO] CodeEngine:265 - oldGeneratedFile, D:\Strataroh_Git\25_SV09_Internship_Projects_FW\Asmita_04052026\Led_blinking\Core\Src\main.c_save
2026-05-04 11:17:03,509 [INFO] CodeEngine:289 - Generated code: D:\Strataroh_Git\25_SV09_Internship_Projects_FW\Asmita_04052026\Led_blinking\Core\Src\main.c
2026-05-04 11:17:04,062 [INFO] ProjectBuilder:3606 - Time for Copy HAL[1] : 249mS.
2026-05-04 11:17:04,070 [INFO] ProjectBuilder:5216 - Project Generator version: 4.7.0-B52
2026-05-04 11:17:04,228 [INFO] ConfigFileManager:1595 - The Die is : DIE493
2026-05-04 11:17:06,148 [INFO] ProjectBuilder:5496 - Time for Generating toolchain IDE Files: 2077mS.
2026-05-04 11:17:06,149 [INFO] ProjectBuilder:3463 - Time for Copy CMSIS : 1mS.
2026-05-04 11:17:06,151 [INFO] ProjectBuilder:3463 - Time for Copy CMSIS : 0mS.
2026-05-04 11:18:12,858 [INFO] WebApp:194 - Connection lost
2026-05-04 11:18:31,769 [INFO] WebApp:191 - Connection restablished
2026-05-04 11:18:33,440 [INFO] WebApp:194 - Connection lost
2026-05-04 11:18:33,975 [INFO] WebApp:191 - Connection restablished
2026-05-04 11:18:36,428 [INFO] WebApp:194 - Connection lost
2026-05-04 11:18:36,775 [INFO] WebApp:191 - Connection restablished
2026-05-04 11:20:18,301 [INFO] Gpio:278 - dependency for GPIO [RCC]
2026-05-04 11:20:18,336 [INFO] NvicIntPanel:101 - NVIC parent = com.st.microxplorer.plugins.ip.nvic.MultiNvicIntPanel[,0,0,0x0,invalid,layout=javax.swing.BoxLayout,alignmentX=0.0,alignmentY=0.0,border=,flags=9,maximumSize=,minimumSize=,preferredSize=]
2026-05-04 11:20:30,418 [INFO] WebApp:194 - Connection lost
2026-05-04 11:20:40,285 [INFO] Gpio:278 - dependency for GPIO [RCC]
2026-05-04 11:20:40,326 [INFO] NvicIntPanel:101 - NVIC parent = com.st.microxplorer.plugins.ip.nvic.MultiNvicIntPanel[,0,0,0x0,invalid,layout=javax.swing.BoxLayout,alignmentX=0.0,alignmentY=0.0,border=,flags=9,maximumSize=,minimumSize=,preferredSize=]
2026-05-04 11:20:44,015 [INFO] UtilMem:75 - End SaveConfig() Used Memory: 948366008 Bytes (1073741824)
2026-05-04 11:20:44,109 [ERROR] ConfigurationRetriever:142 - IOException on connection: sw-center.st.com
2026-05-04 11:20:44,111 [ERROR] ConfigurationRetriever:142 - IOException on connection: sw-center.st.com
2026-05-04 11:20:44,112 [ERROR] ConfigurationRetriever:142 - IOException on connection: sw-center.st.com
2026-05-04 11:20:44,132 [ERROR] IocParser:95 - Exception caught: null
2026-05-04 11:20:46,229 [INFO] UtilMem:75 - End SaveConfig() Used Memory: 968641704 Bytes (1073741824)
2026-05-04 11:20:46,291 [ERROR] ConfigurationRetriever:142 - IOException on connection: sw-center.st.com
2026-05-04 11:20:46,292 [ERROR] ConfigurationRetriever:142 - IOException on connection: sw-center.st.com
2026-05-04 11:20:46,293 [ERROR] ConfigurationRetriever:142 - IOException on connection: sw-center.st.com
2026-05-04 11:20:46,295 [ERROR] IocParser:95 - Exception caught: null
2026-05-04 11:20:48,659 [INFO] UtilMem:75 - End SaveConfig() Used Memory: 687203400 Bytes (1073741824)
2026-05-04 11:20:48,710 [ERROR] ConfigurationRetriever:142 - IOException on connection: sw-center.st.com
2026-05-04 11:20:48,711 [ERROR] ConfigurationRetriever:142 - IOException on connection: sw-center.st.com
2026-05-04 11:20:48,711 [ERROR] ConfigurationRetriever:142 - IOException on connection: sw-center.st.com
2026-05-04 11:20:48,713 [ERROR] IocParser:95 - Exception caught: null
2026-05-04 11:20:49,153 [INFO] BlockDiagram:2775 - set Specific Code input for plugin: NVIC
2026-05-04 11:20:49,153 [INFO] BlockDiagram:2775 - set Specific Code input for plugin: NUCLEO-C071RB
2026-05-04 11:20:49,153 [INFO] BlockDiagram:2775 - set Specific Code input for plugin: SYS
2026-05-04 11:20:49,153 [INFO] BlockDiagram:2775 - set Specific Code input for plugin: GPIO
2026-05-04 11:20:49,154 [INFO] BlockDiagram:2775 - set Specific Code input for plugin: RCC
2026-05-04 11:20:49,154 [INFO] CodeGenerator:892 - code generatio: config db path: D:\STM32CubeIDE_1.19.0\STM32CubeIDE\plugins\com.st.stm32cube.common.mx_6.15.0.202507011659\\db\
2026-05-04 11:20:49,273 [INFO] CodeEngine:265 - oldGeneratedFile, D:\Strataroh_Git\25_SV09_Internship_Projects_FW\Asmita_04052026\Led_blinking\MXTmpFiles\license.tmp_save
2026-05-04 11:20:49,830 [INFO] CodeEngine:289 - Generated code: D:\Strataroh_Git\25_SV09_Internship_Projects_FW\Asmita_04052026\Led_blinking\MXTmpFiles\license.tmp
2026-05-04 11:20:49,893 [INFO] CodeEngine:265 - oldGeneratedFile, D:\Strataroh_Git\25_SV09_Internship_Projects_FW\Asmita_04052026\Led_blinking\Core\Src\gpio.c_save
2026-05-04 11:20:50,275 [INFO] CodeEngine:289 - Generated code: D:\Strataroh_Git\25_SV09_Internship_Projects_FW\Asmita_04052026\Led_blinking\Core\Src\gpio.c
2026-05-04 11:20:50,287 [INFO] CodeEngine:265 - oldGeneratedFile, D:\Strataroh_Git\25_SV09_Internship_Projects_FW\Asmita_04052026\Led_blinking\Core\Inc\gpio.h_save
2026-05-04 11:20:50,474 [INFO] CodeEngine:289 - Generated code: D:\Strataroh_Git\25_SV09_Internship_Projects_FW\Asmita_04052026\Led_blinking\Core\Inc\gpio.h
2026-05-04 11:20:50,591 [INFO] CodeEngine:265 - oldGeneratedFile, D:\Strataroh_Git\25_SV09_Internship_Projects_FW\Asmita_04052026\Led_blinking\MXTmpFiles\cortex.tmp_save
2026-05-04 11:20:50,852 [INFO] CodeEngine:289 - Generated code: D:\Strataroh_Git\25_SV09_Internship_Projects_FW\Asmita_04052026\Led_blinking\MXTmpFiles\cortex.tmp
2026-05-04 11:20:50,884 [INFO] CodeEngine:265 - oldGeneratedFile, D:\Strataroh_Git\25_SV09_Internship_Projects_FW\Asmita_04052026\Led_blinking\Core\Inc\stm32c0xx_nucleo_conf.h_save
2026-05-04 11:20:51,101 [INFO] CodeEngine:289 - Generated code: D:\Strataroh_Git\25_SV09_Internship_Projects_FW\Asmita_04052026\Led_blinking\Core\Inc\stm32c0xx_nucleo_conf.h
2026-05-04 11:20:51,108 [INFO] CodeEngine:265 - oldGeneratedFile, D:\Strataroh_Git\25_SV09_Internship_Projects_FW\Asmita_04052026\Led_blinking\MXTmpFiles\bsp_inc.tmp_save
2026-05-04 11:20:51,232 [INFO] CodeEngine:289 - Generated code: D:\Strataroh_Git\25_SV09_Internship_Projects_FW\Asmita_04052026\Led_blinking\MXTmpFiles\bsp_inc.tmp
2026-05-04 11:20:51,241 [INFO] CodeEngine:265 - oldGeneratedFile, D:\Strataroh_Git\25_SV09_Internship_Projects_FW\Asmita_04052026\Led_blinking\MXTmpFiles\bsp_common_vars.tmp_save
2026-05-04 11:20:51,349 [INFO] CodeEngine:289 - Generated code: D:\Strataroh_Git\25_SV09_Internship_Projects_FW\Asmita_04052026\Led_blinking\MXTmpFiles\bsp_common_vars.tmp
2026-05-04 11:20:51,356 [INFO] CodeEngine:265 - oldGeneratedFile, D:\Strataroh_Git\25_SV09_Internship_Projects_FW\Asmita_04052026\Led_blinking\MXTmpFiles\bsp_common_init.tmp_save
2026-05-04 11:20:51,472 [INFO] CodeEngine:289 - Generated code: D:\Strataroh_Git\25_SV09_Internship_Projects_FW\Asmita_04052026\Led_blinking\MXTmpFiles\bsp_common_init.tmp
2026-05-04 11:20:51,481 [INFO] CodeEngine:265 - oldGeneratedFile, D:\Strataroh_Git\25_SV09_Internship_Projects_FW\Asmita_04052026\Led_blinking\MXTmpFiles\bsp_common_demo_before_while.tmp_save
2026-05-04 11:20:51,591 [INFO] CodeEngine:289 - Generated code: D:\Strataroh_Git\25_SV09_Internship_Projects_FW\Asmita_04052026\Led_blinking\MXTmpFiles\bsp_common_demo_before_while.tmp
2026-05-04 11:20:51,597 [INFO] CodeEngine:265 - oldGeneratedFile, D:\Strataroh_Git\25_SV09_Internship_Projects_FW\Asmita_04052026\Led_blinking\MXTmpFiles\bsp_common_demo_inside_while.tmp_save
2026-05-04 11:20:51,702 [INFO] CodeEngine:289 - Generated code: D:\Strataroh_Git\25_SV09_Internship_Projects_FW\Asmita_04052026\Led_blinking\MXTmpFiles\bsp_common_demo_inside_while.tmp
2026-05-04 11:20:51,708 [INFO] CodeEngine:265 - oldGeneratedFile, D:\Strataroh_Git\25_SV09_Internship_Projects_FW\Asmita_04052026\Led_blinking\MXTmpFiles\bsp_common_demo_fct.tmp_save
2026-05-04 11:20:51,810 [INFO] CodeEngine:289 - Generated code: D:\Strataroh_Git\25_SV09_Internship_Projects_FW\Asmita_04052026\Led_blinking\MXTmpFiles\bsp_common_demo_fct.tmp
2026-05-04 11:20:51,828 [INFO] CodeEngine:265 - oldGeneratedFile, D:\Strataroh_Git\25_SV09_Internship_Projects_FW\Asmita_04052026\Led_blinking\Core\Src\stm32c0xx_it.c_save
2026-05-04 11:20:52,264 [INFO] CodeEngine:289 - Generated code: D:\Strataroh_Git\25_SV09_Internship_Projects_FW\Asmita_04052026\Led_blinking\Core\Src\stm32c0xx_it.c
2026-05-04 11:20:52,272 [INFO] CodeEngine:265 - oldGeneratedFile, D:\Strataroh_Git\25_SV09_Internship_Projects_FW\Asmita_04052026\Led_blinking\Core\Inc\stm32c0xx_it.h_save
2026-05-04 11:20:52,379 [INFO] CodeEngine:289 - Generated code: D:\Strataroh_Git\25_SV09_Internship_Projects_FW\Asmita_04052026\Led_blinking\Core\Inc\stm32c0xx_it.h
2026-05-04 11:20:52,425 [INFO] CodeEngine:265 - oldGeneratedFile, D:\Strataroh_Git\25_SV09_Internship_Projects_FW\Asmita_04052026\Led_blinking\Core\Src\stm32c0xx_hal_msp.c_save
2026-05-04 11:20:52,682 [INFO] CodeEngine:289 - Generated code: D:\Strataroh_Git\25_SV09_Internship_Projects_FW\Asmita_04052026\Led_blinking\Core\Src\stm32c0xx_hal_msp.c
2026-05-04 11:20:52,689 [INFO] CodeEngine:265 - oldGeneratedFile, D:\Strataroh_Git\25_SV09_Internship_Projects_FW\Asmita_04052026\Led_blinking\MXTmpFiles\system.tmp_save
2026-05-04 11:20:52,797 [INFO] CodeEngine:289 - Generated code: D:\Strataroh_Git\25_SV09_Internship_Projects_FW\Asmita_04052026\Led_blinking\MXTmpFiles\system.tmp
2026-05-04 11:20:52,813 [INFO] CodeEngine:321 - oldGeneratedFile, D:\Strataroh_Git\25_SV09_Internship_Projects_FW\Asmita_04052026\Led_blinking\Core\Inc\stm32c0xx_hal_conf.h_save
2026-05-04 11:20:53,062 [INFO] CodeEngine:345 - Generated code: D:\Strataroh_Git\25_SV09_Internship_Projects_FW\Asmita_04052026\Led_blinking\Core\Inc\stm32c0xx_hal_conf.h
2026-05-04 11:20:53,092 [WARN] IPConfigManager:3238 - Warning: the RefConfig RCC_PClockConfig is not available in your config.xml file
2026-05-04 11:20:53,092 [WARN] IPConfigManager:3238 - Warning: the RefConfig RCC_interrupt_Time_SYSTICK_Config is not available in your config.xml file
2026-05-04 11:20:53,104 [INFO] CodeEngine:265 - oldGeneratedFile, D:\Strataroh_Git\25_SV09_Internship_Projects_FW\Asmita_04052026\Led_blinking\Core\Inc\main.h_save
2026-05-04 11:20:53,363 [INFO] CodeEngine:289 - Generated code: D:\Strataroh_Git\25_SV09_Internship_Projects_FW\Asmita_04052026\Led_blinking\Core\Inc\main.h
2026-05-04 11:20:53,371 [INFO] CodeEngine:265 - oldGeneratedFile, D:\Strataroh_Git\25_SV09_Internship_Projects_FW\Asmita_04052026\Led_blinking\Core\Src\main.c_save
2026-05-04 11:20:53,556 [INFO] CodeEngine:289 - Generated code: D:\Strataroh_Git\25_SV09_Internship_Projects_FW\Asmita_04052026\Led_blinking\Core\Src\main.c
2026-05-04 11:20:54,176 [INFO] ProjectBuilder:3606 - Time for Copy HAL[1] : 237mS.
2026-05-04 11:20:54,181 [INFO] ProjectBuilder:5216 - Project Generator version: 4.7.0-B52
2026-05-04 11:20:54,363 [INFO] ConfigFileManager:1595 - The Die is : DIE493
2026-05-04 11:20:55,742 [INFO] ProjectBuilder:5496 - Time for Generating toolchain IDE Files: 1561mS.
2026-05-04 11:20:55,744 [INFO] ProjectBuilder:3463 - Time for Copy CMSIS : 0mS.
2026-05-04 11:20:55,746 [INFO] ProjectBuilder:3463 - Time for Copy CMSIS : 0mS.
2026-05-04 11:20:55,792 [ERROR] ConfigurationRetriever:142 - IOException on connection: sw-center.st.com
2026-05-04 11:20:55,794 [ERROR] ConfigurationRetriever:142 - IOException on connection: sw-center.st.com
2026-05-04 11:20:55,794 [ERROR] ConfigurationRetriever:142 - IOException on connection: sw-center.st.com
2026-05-04 11:21:04,270 [INFO] WebApp:191 - Connection restablished
2026-05-04 11:21:07,919 [INFO] WebApp:194 - Connection lost
2026-05-04 11:21:08,298 [INFO] WebApp:191 - Connection restablished
2026-05-04 11:28:14,362 [INFO] Gpio:278 - dependency for GPIO [RCC]
2026-05-04 11:28:14,411 [INFO] NvicIntPanel:101 - NVIC parent = com.st.microxplorer.plugins.ip.nvic.MultiNvicIntPanel[,0,0,0x0,invalid,layout=javax.swing.BoxLayout,alignmentX=0.0,alignmentY=0.0,border=,flags=9,maximumSize=,minimumSize=,preferredSize=]
2026-05-04 11:28:22,362 [INFO] Gpio:278 - dependency for GPIO [RCC]
2026-05-04 11:28:22,404 [INFO] NvicIntPanel:101 - NVIC parent = com.st.microxplorer.plugins.ip.nvic.MultiNvicIntPanel[,0,0,0x0,invalid,layout=javax.swing.BoxLayout,alignmentX=0.0,alignmentY=0.0,border=,flags=9,maximumSize=,minimumSize=,preferredSize=]
2026-05-04 11:28:27,677 [INFO] UtilMem:75 - End SaveConfig() Used Memory: 937657784 Bytes (1073741824)
2026-05-04 11:28:28,928 [ERROR] IocParser:95 - Exception caught: null
2026-05-04 11:28:29,696 [INFO] UtilMem:75 - End SaveConfig() Used Memory: 965179176 Bytes (1073741824)
2026-05-04 11:28:29,899 [ERROR] IocParser:95 - Exception caught: null
2026-05-04 11:28:44,900 [INFO] UtilMem:75 - End SaveConfig() Used Memory: 707998488 Bytes (1073741824)
2026-05-04 11:28:45,103 [ERROR] IocParser:95 - Exception caught: null
2026-05-04 11:28:45,561 [INFO] BlockDiagram:2775 - set Specific Code input for plugin: NVIC
2026-05-04 11:28:45,561 [INFO] BlockDiagram:2775 - set Specific Code input for plugin: NUCLEO-C071RB
2026-05-04 11:28:45,562 [INFO] BlockDiagram:2775 - set Specific Code input for plugin: SYS
2026-05-04 11:28:45,562 [INFO] BlockDiagram:2775 - set Specific Code input for plugin: GPIO
2026-05-04 11:28:45,562 [INFO] BlockDiagram:2775 - set Specific Code input for plugin: RCC
2026-05-04 11:28:45,564 [INFO] CodeGenerator:892 - code generatio: config db path: D:\STM32CubeIDE_1.19.0\STM32CubeIDE\plugins\com.st.stm32cube.common.mx_6.15.0.202507011659\\db\
2026-05-04 11:28:45,725 [INFO] CodeEngine:265 - oldGeneratedFile, D:\Strataroh_Git\25_SV09_Internship_Projects_FW\Asmita_04052026\Led_blinking\MXTmpFiles\license.tmp_save
2026-05-04 11:28:46,292 [INFO] CodeEngine:289 - Generated code: D:\Strataroh_Git\25_SV09_Internship_Projects_FW\Asmita_04052026\Led_blinking\MXTmpFiles\license.tmp
2026-05-04 11:28:46,355 [INFO] CodeEngine:265 - oldGeneratedFile, D:\Strataroh_Git\25_SV09_Internship_Projects_FW\Asmita_04052026\Led_blinking\Core\Src\gpio.c_save
2026-05-04 11:28:46,749 [INFO] CodeEngine:289 - Generated code: D:\Strataroh_Git\25_SV09_Internship_Projects_FW\Asmita_04052026\Led_blinking\Core\Src\gpio.c
2026-05-04 11:28:46,761 [INFO] CodeEngine:265 - oldGeneratedFile, D:\Strataroh_Git\25_SV09_Internship_Projects_FW\Asmita_04052026\Led_blinking\Core\Inc\gpio.h_save
2026-05-04 11:28:46,935 [INFO] CodeEngine:289 - Generated code: D:\Strataroh_Git\25_SV09_Internship_Projects_FW\Asmita_04052026\Led_blinking\Core\Inc\gpio.h
2026-05-04 11:28:47,039 [INFO] CodeEngine:265 - oldGeneratedFile, D:\Strataroh_Git\25_SV09_Internship_Projects_FW\Asmita_04052026\Led_blinking\MXTmpFiles\cortex.tmp_save
2026-05-04 11:28:47,289 [INFO] CodeEngine:289 - Generated code: D:\Strataroh_Git\25_SV09_Internship_Projects_FW\Asmita_04052026\Led_blinking\MXTmpFiles\cortex.tmp
2026-05-04 11:28:47,321 [INFO] CodeEngine:265 - oldGeneratedFile, D:\Strataroh_Git\25_SV09_Internship_Projects_FW\Asmita_04052026\Led_blinking\Core\Inc\stm32c0xx_nucleo_conf.h_save
2026-05-04 11:28:47,572 [INFO] CodeEngine:289 - Generated code: D:\Strataroh_Git\25_SV09_Internship_Projects_FW\Asmita_04052026\Led_blinking\Core\Inc\stm32c0xx_nucleo_conf.h
2026-05-04 11:28:47,579 [INFO] CodeEngine:265 - oldGeneratedFile, D:\Strataroh_Git\25_SV09_Internship_Projects_FW\Asmita_04052026\Led_blinking\MXTmpFiles\bsp_inc.tmp_save
2026-05-04 11:28:47,723 [INFO] CodeEngine:289 - Generated code: D:\Strataroh_Git\25_SV09_Internship_Projects_FW\Asmita_04052026\Led_blinking\MXTmpFiles\bsp_inc.tmp
2026-05-04 11:28:47,739 [INFO] CodeEngine:265 - oldGeneratedFile, D:\Strataroh_Git\25_SV09_Internship_Projects_FW\Asmita_04052026\Led_blinking\MXTmpFiles\bsp_common_vars.tmp_save
2026-05-04 11:28:47,863 [INFO] CodeEngine:289 - Generated code: D:\Strataroh_Git\25_SV09_Internship_Projects_FW\Asmita_04052026\Led_blinking\MXTmpFiles\bsp_common_vars.tmp
2026-05-04 11:28:47,872 [INFO] CodeEngine:265 - oldGeneratedFile, D:\Strataroh_Git\25_SV09_Internship_Projects_FW\Asmita_04052026\Led_blinking\MXTmpFiles\bsp_common_init.tmp_save
2026-05-04 11:28:47,999 [INFO] CodeEngine:289 - Generated code: D:\Strataroh_Git\25_SV09_Internship_Projects_FW\Asmita_04052026\Led_blinking\MXTmpFiles\bsp_common_init.tmp
2026-05-04 11:28:48,007 [INFO] CodeEngine:265 - oldGeneratedFile, D:\Strataroh_Git\25_SV09_Internship_Projects_FW\Asmita_04052026\Led_blinking\MXTmpFiles\bsp_common_demo_before_while.tmp_save
2026-05-04 11:28:48,117 [INFO] CodeEngine:289 - Generated code: D:\Strataroh_Git\25_SV09_Internship_Projects_FW\Asmita_04052026\Led_blinking\MXTmpFiles\bsp_common_demo_before_while.tmp
2026-05-04 11:28:48,125 [INFO] CodeEngine:265 - oldGeneratedFile, D:\Strataroh_Git\25_SV09_Internship_Projects_FW\Asmita_04052026\Led_blinking\MXTmpFiles\bsp_common_demo_inside_while.tmp_save
2026-05-04 11:28:48,231 [INFO] CodeEngine:289 - Generated code: D:\Strataroh_Git\25_SV09_Internship_Projects_FW\Asmita_04052026\Led_blinking\MXTmpFiles\bsp_common_demo_inside_while.tmp
2026-05-04 11:28:48,238 [INFO] CodeEngine:265 - oldGeneratedFile, D:\Strataroh_Git\25_SV09_Internship_Projects_FW\Asmita_04052026\Led_blinking\MXTmpFiles\bsp_common_demo_fct.tmp_save
2026-05-04 11:28:48,342 [INFO] CodeEngine:289 - Generated code: D:\Strataroh_Git\25_SV09_Internship_Projects_FW\Asmita_04052026\Led_blinking\MXTmpFiles\bsp_common_demo_fct.tmp
2026-05-04 11:28:48,359 [INFO] CodeEngine:265 - oldGeneratedFile, D:\Strataroh_Git\25_SV09_Internship_Projects_FW\Asmita_04052026\Led_blinking\Core\Src\stm32c0xx_it.c_save
2026-05-04 11:28:48,751 [INFO] CodeEngine:289 - Generated code: D:\Strataroh_Git\25_SV09_Internship_Projects_FW\Asmita_04052026\Led_blinking\Core\Src\stm32c0xx_it.c
2026-05-04 11:28:48,759 [INFO] CodeEngine:265 - oldGeneratedFile, D:\Strataroh_Git\25_SV09_Internship_Projects_FW\Asmita_04052026\Led_blinking\Core\Inc\stm32c0xx_it.h_save
2026-05-04 11:28:48,868 [INFO] CodeEngine:289 - Generated code: D:\Strataroh_Git\25_SV09_Internship_Projects_FW\Asmita_04052026\Led_blinking\Core\Inc\stm32c0xx_it.h
2026-05-04 11:28:48,917 [INFO] CodeEngine:265 - oldGeneratedFile, D:\Strataroh_Git\25_SV09_Internship_Projects_FW\Asmita_04052026\Led_blinking\Core\Src\stm32c0xx_hal_msp.c_save
2026-05-04 11:28:49,153 [INFO] CodeEngine:289 - Generated code: D:\Strataroh_Git\25_SV09_Internship_Projects_FW\Asmita_04052026\Led_blinking\Core\Src\stm32c0xx_hal_msp.c
2026-05-04 11:28:49,160 [INFO] CodeEngine:265 - oldGeneratedFile, D:\Strataroh_Git\25_SV09_Internship_Projects_FW\Asmita_04052026\Led_blinking\MXTmpFiles\system.tmp_save
2026-05-04 11:28:49,259 [INFO] CodeEngine:289 - Generated code: D:\Strataroh_Git\25_SV09_Internship_Projects_FW\Asmita_04052026\Led_blinking\MXTmpFiles\system.tmp
2026-05-04 11:28:49,277 [INFO] CodeEngine:321 - oldGeneratedFile, D:\Strataroh_Git\25_SV09_Internship_Projects_FW\Asmita_04052026\Led_blinking\Core\Inc\stm32c0xx_hal_conf.h_save
2026-05-04 11:28:49,520 [INFO] CodeEngine:345 - Generated code: D:\Strataroh_Git\25_SV09_Internship_Projects_FW\Asmita_04052026\Led_blinking\Core\Inc\stm32c0xx_hal_conf.h
2026-05-04 11:28:49,549 [WARN] IPConfigManager:3238 - Warning: the RefConfig RCC_PClockConfig is not available in your config.xml file
2026-05-04 11:28:49,550 [WARN] IPConfigManager:3238 - Warning: the RefConfig RCC_interrupt_Time_SYSTICK_Config is not available in your config.xml file
2026-05-04 11:28:49,565 [INFO] CodeEngine:265 - oldGeneratedFile, D:\Strataroh_Git\25_SV09_Internship_Projects_FW\Asmita_04052026\Led_blinking\Core\Inc\main.h_save
2026-05-04 11:28:49,815 [INFO] CodeEngine:289 - Generated code: D:\Strataroh_Git\25_SV09_Internship_Projects_FW\Asmita_04052026\Led_blinking\Core\Inc\main.h
2026-05-04 11:28:49,824 [INFO] CodeEngine:265 - oldGeneratedFile, D:\Strataroh_Git\25_SV09_Internship_Projects_FW\Asmita_04052026\Led_blinking\Core\Src\main.c_save
2026-05-04 11:28:50,017 [INFO] CodeEngine:289 - Generated code: D:\Strataroh_Git\25_SV09_Internship_Projects_FW\Asmita_04052026\Led_blinking\Core\Src\main.c
2026-05-04 11:28:50,521 [INFO] ProjectBuilder:3606 - Time for Copy HAL[1] : 220mS.
2026-05-04 11:28:50,526 [INFO] ProjectBuilder:5216 - Project Generator version: 4.7.0-B52
2026-05-04 11:28:50,669 [INFO] ConfigFileManager:1595 - The Die is : DIE493
2026-05-04 11:28:52,276 [INFO] ProjectBuilder:5496 - Time for Generating toolchain IDE Files: 1750mS.
2026-05-04 11:28:52,277 [INFO] ProjectBuilder:3463 - Time for Copy CMSIS : 1mS.
2026-05-04 11:28:52,280 [INFO] ProjectBuilder:3463 - Time for Copy CMSIS : 0mS.
2026-05-04 11:46:11,676 [INFO] Gpio:278 - dependency for GPIO [RCC]
2026-05-04 11:46:11,745 [INFO] NvicIntPanel:101 - NVIC parent = com.st.microxplorer.plugins.ip.nvic.MultiNvicIntPanel[,0,0,0x0,invalid,layout=javax.swing.BoxLayout,alignmentX=0.0,alignmentY=0.0,border=,flags=9,maximumSize=,minimumSize=,preferredSize=]
2026-05-04 11:53:42,308 [INFO] UtilMem:75 - End SaveConfig() Used Memory: 852861424 Bytes (1073741824)
2026-05-04 11:53:43,159 [ERROR] IocParser:95 - Exception caught: null
2026-05-04 11:56:52,135 [INFO] Gpio:278 - dependency for GPIO [RCC]
2026-05-04 11:56:52,189 [INFO] NvicIntPanel:101 - NVIC parent = com.st.microxplorer.plugins.ip.nvic.MultiNvicIntPanel[,0,0,0x0,invalid,layout=javax.swing.BoxLayout,alignmentX=0.0,alignmentY=0.0,border=,flags=9,maximumSize=,minimumSize=,preferredSize=]
2026-05-04 11:57:00,321 [INFO] Gpio:278 - dependency for GPIO [RCC]
2026-05-04 11:57:00,368 [INFO] NvicIntPanel:101 - NVIC parent = com.st.microxplorer.plugins.ip.nvic.MultiNvicIntPanel[,0,0,0x0,invalid,layout=javax.swing.BoxLayout,alignmentX=0.0,alignmentY=0.0,border=,flags=9,maximumSize=,minimumSize=,preferredSize=]
2026-05-04 11:57:10,984 [INFO] Gpio:278 - dependency for GPIO [RCC]
2026-05-04 11:57:11,074 [INFO] NvicIntPanel:101 - NVIC parent = com.st.microxplorer.plugins.ip.nvic.MultiNvicIntPanel[,0,0,0x0,invalid,layout=javax.swing.BoxLayout,alignmentX=0.0,alignmentY=0.0,border=,flags=9,maximumSize=,minimumSize=,preferredSize=]
2026-05-04 11:57:20,352 [INFO] UtilMem:75 - End SaveConfig() Used Memory: 754463888 Bytes (1073741824)
2026-05-04 11:57:22,677 [INFO] UtilMem:75 - End SaveConfig() Used Memory: 773677272 Bytes (1073741824)
2026-05-04 11:57:22,919 [ERROR] IocParser:95 - Exception caught: null
2026-05-04 11:57:22,937 [ERROR] IocParser:95 - Exception caught: null
2026-05-04 11:57:25,247 [INFO] UtilMem:75 - End SaveConfig() Used Memory: 871917664 Bytes (1073741824)
2026-05-04 11:57:25,455 [ERROR] IocParser:95 - Exception caught: null
2026-05-04 11:57:25,816 [INFO] BlockDiagram:2775 - set Specific Code input for plugin: NVIC
2026-05-04 11:57:25,817 [INFO] BlockDiagram:2775 - set Specific Code input for plugin: NUCLEO-C071RB
2026-05-04 11:57:25,817 [INFO] BlockDiagram:2775 - set Specific Code input for plugin: SYS
2026-05-04 11:57:25,817 [INFO] BlockDiagram:2775 - set Specific Code input for plugin: GPIO
2026-05-04 11:57:25,817 [INFO] BlockDiagram:2775 - set Specific Code input for plugin: RCC
2026-05-04 11:57:25,819 [INFO] CodeGenerator:892 - code generatio: config db path: D:\STM32CubeIDE_1.19.0\STM32CubeIDE\plugins\com.st.stm32cube.common.mx_6.15.0.202507011659\\db\
2026-05-04 11:57:25,984 [INFO] CodeEngine:265 - oldGeneratedFile, D:\Strataroh_Git\25_SV09_Internship_Projects_FW\Asmita_04052026\Led_blinking\MXTmpFiles\license.tmp_save
2026-05-04 11:57:26,587 [INFO] CodeEngine:289 - Generated code: D:\Strataroh_Git\25_SV09_Internship_Projects_FW\Asmita_04052026\Led_blinking\MXTmpFiles\license.tmp
2026-05-04 11:57:26,663 [INFO] CodeEngine:265 - oldGeneratedFile, D:\Strataroh_Git\25_SV09_Internship_Projects_FW\Asmita_04052026\Led_blinking\Core\Src\gpio.c_save
2026-05-04 11:57:27,097 [INFO] CodeEngine:289 - Generated code: D:\Strataroh_Git\25_SV09_Internship_Projects_FW\Asmita_04052026\Led_blinking\Core\Src\gpio.c
2026-05-04 11:57:27,108 [INFO] CodeEngine:265 - oldGeneratedFile, D:\Strataroh_Git\25_SV09_Internship_Projects_FW\Asmita_04052026\Led_blinking\Core\Inc\gpio.h_save
2026-05-04 11:57:27,289 [INFO] CodeEngine:289 - Generated code: D:\Strataroh_Git\25_SV09_Internship_Projects_FW\Asmita_04052026\Led_blinking\Core\Inc\gpio.h
2026-05-04 11:57:27,473 [INFO] CodeEngine:265 - oldGeneratedFile, D:\Strataroh_Git\25_SV09_Internship_Projects_FW\Asmita_04052026\Led_blinking\MXTmpFiles\cortex.tmp_save
2026-05-04 11:57:27,734 [INFO] CodeEngine:289 - Generated code: D:\Strataroh_Git\25_SV09_Internship_Projects_FW\Asmita_04052026\Led_blinking\MXTmpFiles\cortex.tmp
2026-05-04 11:57:27,772 [INFO] CodeEngine:265 - oldGeneratedFile, D:\Strataroh_Git\25_SV09_Internship_Projects_FW\Asmita_04052026\Led_blinking\Core\Inc\stm32c0xx_nucleo_conf.h_save
2026-05-04 11:57:28,002 [INFO] CodeEngine:289 - Generated code: D:\Strataroh_Git\25_SV09_Internship_Projects_FW\Asmita_04052026\Led_blinking\Core\Inc\stm32c0xx_nucleo_conf.h
2026-05-04 11:57:28,011 [INFO] CodeEngine:265 - oldGeneratedFile, D:\Strataroh_Git\25_SV09_Internship_Projects_FW\Asmita_04052026\Led_blinking\MXTmpFiles\bsp_inc.tmp_save
2026-05-04 11:57:28,142 [INFO] CodeEngine:289 - Generated code: D:\Strataroh_Git\25_SV09_Internship_Projects_FW\Asmita_04052026\Led_blinking\MXTmpFiles\bsp_inc.tmp
2026-05-04 11:57:28,151 [INFO] CodeEngine:265 - oldGeneratedFile, D:\Strataroh_Git\25_SV09_Internship_Projects_FW\Asmita_04052026\Led_blinking\MXTmpFiles\bsp_common_vars.tmp_save
2026-05-04 11:57:28,269 [INFO] CodeEngine:289 - Generated code: D:\Strataroh_Git\25_SV09_Internship_Projects_FW\Asmita_04052026\Led_blinking\MXTmpFiles\bsp_common_vars.tmp
2026-05-04 11:57:28,277 [INFO] CodeEngine:265 - oldGeneratedFile, D:\Strataroh_Git\25_SV09_Internship_Projects_FW\Asmita_04052026\Led_blinking\MXTmpFiles\bsp_common_init.tmp_save
2026-05-04 11:57:28,407 [INFO] CodeEngine:289 - Generated code: D:\Strataroh_Git\25_SV09_Internship_Projects_FW\Asmita_04052026\Led_blinking\MXTmpFiles\bsp_common_init.tmp
2026-05-04 11:57:28,415 [INFO] CodeEngine:265 - oldGeneratedFile, D:\Strataroh_Git\25_SV09_Internship_Projects_FW\Asmita_04052026\Led_blinking\MXTmpFiles\bsp_common_demo_before_while.tmp_save
2026-05-04 11:57:28,525 [INFO] CodeEngine:289 - Generated code: D:\Strataroh_Git\25_SV09_Internship_Projects_FW\Asmita_04052026\Led_blinking\MXTmpFiles\bsp_common_demo_before_while.tmp
2026-05-04 11:57:28,533 [INFO] CodeEngine:265 - oldGeneratedFile, D:\Strataroh_Git\25_SV09_Internship_Projects_FW\Asmita_04052026\Led_blinking\MXTmpFiles\bsp_common_demo_inside_while.tmp_save
2026-05-04 11:57:28,644 [INFO] CodeEngine:289 - Generated code: D:\Strataroh_Git\25_SV09_Internship_Projects_FW\Asmita_04052026\Led_blinking\MXTmpFiles\bsp_common_demo_inside_while.tmp
2026-05-04 11:57:28,650 [INFO] CodeEngine:265 - oldGeneratedFile, D:\Strataroh_Git\25_SV09_Internship_Projects_FW\Asmita_04052026\Led_blinking\MXTmpFiles\bsp_common_demo_fct.tmp_save
2026-05-04 11:57:28,759 [INFO] CodeEngine:289 - Generated code: D:\Strataroh_Git\25_SV09_Internship_Projects_FW\Asmita_04052026\Led_blinking\MXTmpFiles\bsp_common_demo_fct.tmp
2026-05-04 11:57:28,776 [INFO] CodeEngine:265 - oldGeneratedFile, D:\Strataroh_Git\25_SV09_Internship_Projects_FW\Asmita_04052026\Led_blinking\Core\Src\stm32c0xx_it.c_save
2026-05-04 11:57:29,262 [INFO] CodeEngine:289 - Generated code: D:\Strataroh_Git\25_SV09_Internship_Projects_FW\Asmita_04052026\Led_blinking\Core\Src\stm32c0xx_it.c
2026-05-04 11:57:29,272 [INFO] CodeEngine:265 - oldGeneratedFile, D:\Strataroh_Git\25_SV09_Internship_Projects_FW\Asmita_04052026\Led_blinking\Core\Inc\stm32c0xx_it.h_save
2026-05-04 11:57:29,397 [INFO] CodeEngine:289 - Generated code: D:\Strataroh_Git\25_SV09_Internship_Projects_FW\Asmita_04052026\Led_blinking\Core\Inc\stm32c0xx_it.h
2026-05-04 11:57:29,456 [INFO] CodeEngine:265 - oldGeneratedFile, D:\Strataroh_Git\25_SV09_Internship_Projects_FW\Asmita_04052026\Led_blinking\Core\Src\stm32c0xx_hal_msp.c_save
2026-05-04 11:57:29,700 [INFO] CodeEngine:289 - Generated code: D:\Strataroh_Git\25_SV09_Internship_Projects_FW\Asmita_04052026\Led_blinking\Core\Src\stm32c0xx_hal_msp.c
2026-05-04 11:57:29,706 [INFO] CodeEngine:265 - oldGeneratedFile, D:\Strataroh_Git\25_SV09_Internship_Projects_FW\Asmita_04052026\Led_blinking\MXTmpFiles\system.tmp_save
2026-05-04 11:57:29,835 [INFO] CodeEngine:289 - Generated code: D:\Strataroh_Git\25_SV09_Internship_Projects_FW\Asmita_04052026\Led_blinking\MXTmpFiles\system.tmp
2026-05-04 11:57:29,857 [INFO] CodeEngine:321 - oldGeneratedFile, D:\Strataroh_Git\25_SV09_Internship_Projects_FW\Asmita_04052026\Led_blinking\Core\Inc\stm32c0xx_hal_conf.h_save
2026-05-04 11:57:30,125 [INFO] CodeEngine:345 - Generated code: D:\Strataroh_Git\25_SV09_Internship_Projects_FW\Asmita_04052026\Led_blinking\Core\Inc\stm32c0xx_hal_conf.h
2026-05-04 11:57:30,161 [WARN] IPConfigManager:3238 - Warning: the RefConfig RCC_PClockConfig is not available in your config.xml file
2026-05-04 11:57:30,161 [WARN] IPConfigManager:3238 - Warning: the RefConfig RCC_interrupt_Time_SYSTICK_Config is not available in your config.xml file
2026-05-04 11:57:30,177 [INFO] CodeEngine:265 - oldGeneratedFile, D:\Strataroh_Git\25_SV09_Internship_Projects_FW\Asmita_04052026\Led_blinking\Core\Inc\main.h_save
2026-05-04 11:57:30,414 [INFO] CodeEngine:289 - Generated code: D:\Strataroh_Git\25_SV09_Internship_Projects_FW\Asmita_04052026\Led_blinking\Core\Inc\main.h
2026-05-04 11:57:30,419 [INFO] CodeEngine:265 - oldGeneratedFile, D:\Strataroh_Git\25_SV09_Internship_Projects_FW\Asmita_04052026\Led_blinking\Core\Src\main.c_save
2026-05-04 11:57:30,550 [INFO] CodeEngine:289 - Generated code: D:\Strataroh_Git\25_SV09_Internship_Projects_FW\Asmita_04052026\Led_blinking\Core\Src\main.c
2026-05-04 11:57:30,905 [INFO] ProjectBuilder:3606 - Time for Copy HAL[1] : 166mS.
2026-05-04 11:57:30,908 [INFO] ProjectBuilder:5216 - Project Generator version: 4.7.0-B52
2026-05-04 11:57:30,989 [INFO] ConfigFileManager:1595 - The Die is : DIE493
2026-05-04 11:57:32,032 [INFO] ProjectBuilder:5496 - Time for Generating toolchain IDE Files: 1124mS.
2026-05-04 11:57:32,033 [INFO] ProjectBuilder:3463 - Time for Copy CMSIS : 1mS.
2026-05-04 11:57:32,035 [INFO] ProjectBuilder:3463 - Time for Copy CMSIS : 0mS.
2026-05-04 12:11:51,234 [INFO] UtilMem:75 - End SaveConfig() Used Memory: 788688704 Bytes (1073741824)
2026-05-04 12:11:52,349 [ERROR] IocParser:95 - Exception caught: null
2026-05-04 12:11:53,398 [INFO] UtilMem:75 - End SaveConfig() Used Memory: 833251136 Bytes (1073741824)
2026-05-04 12:11:53,494 [ERROR] IocParser:95 - Exception caught: null
2026-05-04 12:11:54,991 [INFO] UtilMem:75 - End SaveConfig() Used Memory: 888303424 Bytes (1073741824)
2026-05-04 12:11:55,223 [INFO] BlockDiagram:2775 - set Specific Code input for plugin: NVIC
2026-05-04 12:11:55,224 [INFO] BlockDiagram:2775 - set Specific Code input for plugin: NUCLEO-C071RB
2026-05-04 12:11:55,224 [INFO] BlockDiagram:2775 - set Specific Code input for plugin: SYS
2026-05-04 12:11:55,225 [INFO] BlockDiagram:2775 - set Specific Code input for plugin: GPIO
2026-05-04 12:11:55,225 [INFO] BlockDiagram:2775 - set Specific Code input for plugin: RCC
2026-05-04 12:11:55,225 [INFO] CodeGenerator:892 - code generatio: config db path: D:\STM32CubeIDE_1.19.0\STM32CubeIDE\plugins\com.st.stm32cube.common.mx_6.15.0.202507011659\\db\
2026-05-04 12:11:55,284 [INFO] CodeEngine:265 - oldGeneratedFile, D:\Strataroh_Git\25_SV09_Internship_Projects_FW\Asmita_04052026\Led_blinking\MXTmpFiles\license.tmp_save
2026-05-04 12:11:55,537 [INFO] CodeEngine:289 - Generated code: D:\Strataroh_Git\25_SV09_Internship_Projects_FW\Asmita_04052026\Led_blinking\MXTmpFiles\license.tmp
2026-05-04 12:11:55,580 [INFO] CodeEngine:265 - oldGeneratedFile, D:\Strataroh_Git\25_SV09_Internship_Projects_FW\Asmita_04052026\Led_blinking\Core\Src\gpio.c_save
2026-05-04 12:11:55,781 [INFO] CodeEngine:289 - Generated code: D:\Strataroh_Git\25_SV09_Internship_Projects_FW\Asmita_04052026\Led_blinking\Core\Src\gpio.c
2026-05-04 12:11:55,786 [INFO] CodeEngine:265 - oldGeneratedFile, D:\Strataroh_Git\25_SV09_Internship_Projects_FW\Asmita_04052026\Led_blinking\Core\Inc\gpio.h_save
2026-05-04 12:11:55,902 [INFO] CodeEngine:289 - Generated code: D:\Strataroh_Git\25_SV09_Internship_Projects_FW\Asmita_04052026\Led_blinking\Core\Inc\gpio.h
2026-05-04 12:11:55,970 [INFO] CodeEngine:265 - oldGeneratedFile, D:\Strataroh_Git\25_SV09_Internship_Projects_FW\Asmita_04052026\Led_blinking\MXTmpFiles\cortex.tmp_save
2026-05-04 12:11:56,086 [INFO] CodeEngine:289 - Generated code: D:\Strataroh_Git\25_SV09_Internship_Projects_FW\Asmita_04052026\Led_blinking\MXTmpFiles\cortex.tmp
2026-05-04 12:11:56,112 [INFO] CodeEngine:265 - oldGeneratedFile, D:\Strataroh_Git\25_SV09_Internship_Projects_FW\Asmita_04052026\Led_blinking\Core\Inc\stm32c0xx_nucleo_conf.h_save
2026-05-04 12:11:56,228 [INFO] CodeEngine:289 - Generated code: D:\Strataroh_Git\25_SV09_Internship_Projects_FW\Asmita_04052026\Led_blinking\Core\Inc\stm32c0xx_nucleo_conf.h
2026-05-04 12:11:56,232 [INFO] CodeEngine:265 - oldGeneratedFile, D:\Strataroh_Git\25_SV09_Internship_Projects_FW\Asmita_04052026\Led_blinking\MXTmpFiles\bsp_inc.tmp_save
2026-05-04 12:11:56,297 [INFO] CodeEngine:289 - Generated code: D:\Strataroh_Git\25_SV09_Internship_Projects_FW\Asmita_04052026\Led_blinking\MXTmpFiles\bsp_inc.tmp
2026-05-04 12:11:56,309 [INFO] CodeEngine:265 - oldGeneratedFile, D:\Strataroh_Git\25_SV09_Internship_Projects_FW\Asmita_04052026\Led_blinking\MXTmpFiles\bsp_common_vars.tmp_save
2026-05-04 12:11:56,375 [INFO] CodeEngine:289 - Generated code: D:\Strataroh_Git\25_SV09_Internship_Projects_FW\Asmita_04052026\Led_blinking\MXTmpFiles\bsp_common_vars.tmp
2026-05-04 12:11:56,386 [INFO] CodeEngine:265 - oldGeneratedFile, D:\Strataroh_Git\25_SV09_Internship_Projects_FW\Asmita_04052026\Led_blinking\MXTmpFiles\bsp_common_init.tmp_save
2026-05-04 12:11:56,461 [INFO] CodeEngine:289 - Generated code: D:\Strataroh_Git\25_SV09_Internship_Projects_FW\Asmita_04052026\Led_blinking\MXTmpFiles\bsp_common_init.tmp
2026-05-04 12:11:56,477 [INFO] CodeEngine:265 - oldGeneratedFile, D:\Strataroh_Git\25_SV09_Internship_Projects_FW\Asmita_04052026\Led_blinking\MXTmpFiles\bsp_common_demo_before_while.tmp_save
2026-05-04 12:11:56,529 [INFO] CodeEngine:289 - Generated code: D:\Strataroh_Git\25_SV09_Internship_Projects_FW\Asmita_04052026\Led_blinking\MXTmpFiles\bsp_common_demo_before_while.tmp
2026-05-04 12:11:56,532 [INFO] CodeEngine:265 - oldGeneratedFile, D:\Strataroh_Git\25_SV09_Internship_Projects_FW\Asmita_04052026\Led_blinking\MXTmpFiles\bsp_common_demo_inside_while.tmp_save
2026-05-04 12:11:56,584 [INFO] CodeEngine:289 - Generated code: D:\Strataroh_Git\25_SV09_Internship_Projects_FW\Asmita_04052026\Led_blinking\MXTmpFiles\bsp_common_demo_inside_while.tmp
2026-05-04 12:11:56,588 [INFO] CodeEngine:265 - oldGeneratedFile, D:\Strataroh_Git\25_SV09_Internship_Projects_FW\Asmita_04052026\Led_blinking\MXTmpFiles\bsp_common_demo_fct.tmp_save
2026-05-04 12:11:56,639 [INFO] CodeEngine:289 - Generated code: D:\Strataroh_Git\25_SV09_Internship_Projects_FW\Asmita_04052026\Led_blinking\MXTmpFiles\bsp_common_demo_fct.tmp
2026-05-04 12:11:56,648 [INFO] CodeEngine:265 - oldGeneratedFile, D:\Strataroh_Git\25_SV09_Internship_Projects_FW\Asmita_04052026\Led_blinking\Core\Src\stm32c0xx_it.c_save
2026-05-04 12:11:56,832 [INFO] CodeEngine:289 - Generated code: D:\Strataroh_Git\25_SV09_Internship_Projects_FW\Asmita_04052026\Led_blinking\Core\Src\stm32c0xx_it.c
2026-05-04 12:11:56,837 [INFO] CodeEngine:265 - oldGeneratedFile, D:\Strataroh_Git\25_SV09_Internship_Projects_FW\Asmita_04052026\Led_blinking\Core\Inc\stm32c0xx_it.h_save
2026-05-04 12:11:56,902 [INFO] CodeEngine:289 - Generated code: D:\Strataroh_Git\25_SV09_Internship_Projects_FW\Asmita_04052026\Led_blinking\Core\Inc\stm32c0xx_it.h
2026-05-04 12:11:56,935 [INFO] CodeEngine:265 - oldGeneratedFile, D:\Strataroh_Git\25_SV09_Internship_Projects_FW\Asmita_04052026\Led_blinking\Core\Src\stm32c0xx_hal_msp.c_save
2026-05-04 12:11:57,069 [INFO] CodeEngine:289 - Generated code: D:\Strataroh_Git\25_SV09_Internship_Projects_FW\Asmita_04052026\Led_blinking\Core\Src\stm32c0xx_hal_msp.c
2026-05-04 12:11:57,073 [INFO] CodeEngine:265 - oldGeneratedFile, D:\Strataroh_Git\25_SV09_Internship_Projects_FW\Asmita_04052026\Led_blinking\MXTmpFiles\system.tmp_save
2026-05-04 12:11:57,129 [INFO] CodeEngine:289 - Generated code: D:\Strataroh_Git\25_SV09_Internship_Projects_FW\Asmita_04052026\Led_blinking\MXTmpFiles\system.tmp
2026-05-04 12:11:57,144 [INFO] CodeEngine:321 - oldGeneratedFile, D:\Strataroh_Git\25_SV09_Internship_Projects_FW\Asmita_04052026\Led_blinking\Core\Inc\stm32c0xx_hal_conf.h_save
2026-05-04 12:11:57,258 [INFO] CodeEngine:345 - Generated code: D:\Strataroh_Git\25_SV09_Internship_Projects_FW\Asmita_04052026\Led_blinking\Core\Inc\stm32c0xx_hal_conf.h
2026-05-04 12:11:57,277 [WARN] IPConfigManager:3238 - Warning: the RefConfig RCC_PClockConfig is not available in your config.xml file
2026-05-04 12:11:57,277 [WARN] IPConfigManager:3238 - Warning: the RefConfig RCC_interrupt_Time_SYSTICK_Config is not available in your config.xml file
2026-05-04 12:11:57,283 [INFO] CodeEngine:265 - oldGeneratedFile, D:\Strataroh_Git\25_SV09_Internship_Projects_FW\Asmita_04052026\Led_blinking\Core\Inc\main.h_save
2026-05-04 12:11:57,423 [INFO] CodeEngine:289 - Generated code: D:\Strataroh_Git\25_SV09_Internship_Projects_FW\Asmita_04052026\Led_blinking\Core\Inc\main.h
2026-05-04 12:11:57,427 [INFO] CodeEngine:265 - oldGeneratedFile, D:\Strataroh_Git\25_SV09_Internship_Projects_FW\Asmita_04052026\Led_blinking\Core\Src\main.c_save
2026-05-04 12:11:57,532 [INFO] CodeEngine:289 - Generated code: D:\Strataroh_Git\25_SV09_Internship_Projects_FW\Asmita_04052026\Led_blinking\Core\Src\main.c
2026-05-04 12:11:57,825 [INFO] ProjectBuilder:3606 - Time for Copy HAL[1] : 124mS.
2026-05-04 12:11:57,827 [INFO] ProjectBuilder:5216 - Project Generator version: 4.7.0-B52
2026-05-04 12:11:57,945 [INFO] ConfigFileManager:1595 - The Die is : DIE493
2026-05-04 12:11:58,788 [INFO] ProjectBuilder:5496 - Time for Generating toolchain IDE Files: 961mS.
2026-05-04 12:11:58,789 [INFO] ProjectBuilder:3463 - Time for Copy CMSIS : 1mS.
2026-05-04 12:11:58,790 [INFO] ProjectBuilder:3463 - Time for Copy CMSIS : 0mS.
2026-05-04 12:22:58,368 [INFO] UtilMem:75 - End SaveConfig() Used Memory: 688001768 Bytes (1073741824)
2026-05-04 12:22:59,197 [ERROR] IocParser:95 - Exception caught: null
2026-05-04 12:23:01,224 [INFO] UtilMem:75 - End SaveConfig() Used Memory: 708438928 Bytes (1073741824)
2026-05-04 12:23:01,629 [ERROR] IocParser:95 - Exception caught: null
2026-05-04 12:23:02,869 [INFO] UtilMem:75 - End SaveConfig() Used Memory: 746714000 Bytes (1073741824)
2026-05-04 12:23:03,147 [INFO] BlockDiagram:2775 - set Specific Code input for plugin: NVIC
2026-05-04 12:23:03,148 [INFO] BlockDiagram:2775 - set Specific Code input for plugin: NUCLEO-C071RB
2026-05-04 12:23:03,148 [INFO] BlockDiagram:2775 - set Specific Code input for plugin: SYS
2026-05-04 12:23:03,148 [INFO] BlockDiagram:2775 - set Specific Code input for plugin: GPIO
2026-05-04 12:23:03,148 [INFO] BlockDiagram:2775 - set Specific Code input for plugin: RCC
2026-05-04 12:23:03,149 [INFO] CodeGenerator:892 - code generatio: config db path: D:\STM32CubeIDE_1.19.0\STM32CubeIDE\plugins\com.st.stm32cube.common.mx_6.15.0.202507011659\\db\
2026-05-04 12:23:03,238 [INFO] CodeEngine:265 - oldGeneratedFile, D:\Strataroh_Git\25_SV09_Internship_Projects_FW\Asmita_04052026\Led_blinking\MXTmpFiles\license.tmp_save
2026-05-04 12:23:03,546 [INFO] CodeEngine:289 - Generated code: D:\Strataroh_Git\25_SV09_Internship_Projects_FW\Asmita_04052026\Led_blinking\MXTmpFiles\license.tmp
2026-05-04 12:23:03,588 [INFO] CodeEngine:265 - oldGeneratedFile, D:\Strataroh_Git\25_SV09_Internship_Projects_FW\Asmita_04052026\Led_blinking\Core\Src\gpio.c_save
2026-05-04 12:23:03,804 [INFO] CodeEngine:289 - Generated code: D:\Strataroh_Git\25_SV09_Internship_Projects_FW\Asmita_04052026\Led_blinking\Core\Src\gpio.c
2026-05-04 12:23:03,810 [INFO] CodeEngine:265 - oldGeneratedFile, D:\Strataroh_Git\25_SV09_Internship_Projects_FW\Asmita_04052026\Led_blinking\Core\Inc\gpio.h_save
2026-05-04 12:23:03,902 [INFO] CodeEngine:289 - Generated code: D:\Strataroh_Git\25_SV09_Internship_Projects_FW\Asmita_04052026\Led_blinking\Core\Inc\gpio.h
2026-05-04 12:23:03,986 [INFO] CodeEngine:265 - oldGeneratedFile, D:\Strataroh_Git\25_SV09_Internship_Projects_FW\Asmita_04052026\Led_blinking\MXTmpFiles\cortex.tmp_save
2026-05-04 12:23:04,128 [INFO] CodeEngine:289 - Generated code: D:\Strataroh_Git\25_SV09_Internship_Projects_FW\Asmita_04052026\Led_blinking\MXTmpFiles\cortex.tmp
2026-05-04 12:23:04,151 [INFO] CodeEngine:265 - oldGeneratedFile, D:\Strataroh_Git\25_SV09_Internship_Projects_FW\Asmita_04052026\Led_blinking\Core\Inc\stm32c0xx_nucleo_conf.h_save
2026-05-04 12:23:04,261 [INFO] CodeEngine:289 - Generated code: D:\Strataroh_Git\25_SV09_Internship_Projects_FW\Asmita_04052026\Led_blinking\Core\Inc\stm32c0xx_nucleo_conf.h
2026-05-04 12:23:04,265 [INFO] CodeEngine:265 - oldGeneratedFile, D:\Strataroh_Git\25_SV09_Internship_Projects_FW\Asmita_04052026\Led_blinking\MXTmpFiles\bsp_inc.tmp_save
2026-05-04 12:23:04,331 [INFO] CodeEngine:289 - Generated code: D:\Strataroh_Git\25_SV09_Internship_Projects_FW\Asmita_04052026\Led_blinking\MXTmpFiles\bsp_inc.tmp
2026-05-04 12:23:04,335 [INFO] CodeEngine:265 - oldGeneratedFile, D:\Strataroh_Git\25_SV09_Internship_Projects_FW\Asmita_04052026\Led_blinking\MXTmpFiles\bsp_common_vars.tmp_save
2026-05-04 12:23:04,388 [INFO] CodeEngine:289 - Generated code: D:\Strataroh_Git\25_SV09_Internship_Projects_FW\Asmita_04052026\Led_blinking\MXTmpFiles\bsp_common_vars.tmp
2026-05-04 12:23:04,391 [INFO] CodeEngine:265 - oldGeneratedFile, D:\Strataroh_Git\25_SV09_Internship_Projects_FW\Asmita_04052026\Led_blinking\MXTmpFiles\bsp_common_init.tmp_save
2026-05-04 12:23:04,451 [INFO] CodeEngine:289 - Generated code: D:\Strataroh_Git\25_SV09_Internship_Projects_FW\Asmita_04052026\Led_blinking\MXTmpFiles\bsp_common_init.tmp
2026-05-04 12:23:04,457 [INFO] CodeEngine:265 - oldGeneratedFile, D:\Strataroh_Git\25_SV09_Internship_Projects_FW\Asmita_04052026\Led_blinking\MXTmpFiles\bsp_common_demo_before_while.tmp_save
2026-05-04 12:23:04,508 [INFO] CodeEngine:289 - Generated code: D:\Strataroh_Git\25_SV09_Internship_Projects_FW\Asmita_04052026\Led_blinking\MXTmpFiles\bsp_common_demo_before_while.tmp
2026-05-04 12:23:04,512 [INFO] CodeEngine:265 - oldGeneratedFile, D:\Strataroh_Git\25_SV09_Internship_Projects_FW\Asmita_04052026\Led_blinking\MXTmpFiles\bsp_common_demo_inside_while.tmp_save
2026-05-04 12:23:04,563 [INFO] CodeEngine:289 - Generated code: D:\Strataroh_Git\25_SV09_Internship_Projects_FW\Asmita_04052026\Led_blinking\MXTmpFiles\bsp_common_demo_inside_while.tmp
2026-05-04 12:23:04,567 [INFO] CodeEngine:265 - oldGeneratedFile, D:\Strataroh_Git\25_SV09_Internship_Projects_FW\Asmita_04052026\Led_blinking\MXTmpFiles\bsp_common_demo_fct.tmp_save
2026-05-04 12:23:04,619 [INFO] CodeEngine:289 - Generated code: D:\Strataroh_Git\25_SV09_Internship_Projects_FW\Asmita_04052026\Led_blinking\MXTmpFiles\bsp_common_demo_fct.tmp
2026-05-04 12:23:04,627 [INFO] CodeEngine:265 - oldGeneratedFile, D:\Strataroh_Git\25_SV09_Internship_Projects_FW\Asmita_04052026\Led_blinking\Core\Src\stm32c0xx_it.c_save
2026-05-04 12:23:04,832 [INFO] CodeEngine:289 - Generated code: D:\Strataroh_Git\25_SV09_Internship_Projects_FW\Asmita_04052026\Led_blinking\Core\Src\stm32c0xx_it.c
2026-05-04 12:23:04,838 [INFO] CodeEngine:265 - oldGeneratedFile, D:\Strataroh_Git\25_SV09_Internship_Projects_FW\Asmita_04052026\Led_blinking\Core\Inc\stm32c0xx_it.h_save
2026-05-04 12:23:04,889 [INFO] CodeEngine:289 - Generated code: D:\Strataroh_Git\25_SV09_Internship_Projects_FW\Asmita_04052026\Led_blinking\Core\Inc\stm32c0xx_it.h
2026-05-04 12:23:04,925 [INFO] CodeEngine:265 - oldGeneratedFile, D:\Strataroh_Git\25_SV09_Internship_Projects_FW\Asmita_04052026\Led_blinking\Core\Src\stm32c0xx_hal_msp.c_save
2026-05-04 12:23:05,054 [INFO] CodeEngine:289 - Generated code: D:\Strataroh_Git\25_SV09_Internship_Projects_FW\Asmita_04052026\Led_blinking\Core\Src\stm32c0xx_hal_msp.c
2026-05-04 12:23:05,058 [INFO] CodeEngine:265 - oldGeneratedFile, D:\Strataroh_Git\25_SV09_Internship_Projects_FW\Asmita_04052026\Led_blinking\MXTmpFiles\system.tmp_save
2026-05-04 12:23:05,111 [INFO] CodeEngine:289 - Generated code: D:\Strataroh_Git\25_SV09_Internship_Projects_FW\Asmita_04052026\Led_blinking\MXTmpFiles\system.tmp
2026-05-04 12:23:05,122 [INFO] CodeEngine:321 - oldGeneratedFile, D:\Strataroh_Git\25_SV09_Internship_Projects_FW\Asmita_04052026\Led_blinking\Core\Inc\stm32c0xx_hal_conf.h_save
2026-05-04 12:23:05,257 [INFO] CodeEngine:345 - Generated code: D:\Strataroh_Git\25_SV09_Internship_Projects_FW\Asmita_04052026\Led_blinking\Core\Inc\stm32c0xx_hal_conf.h
2026-05-04 12:23:05,273 [WARN] IPConfigManager:3238 - Warning: the RefConfig RCC_PClockConfig is not available in your config.xml file
2026-05-04 12:23:05,274 [WARN] IPConfigManager:3238 - Warning: the RefConfig RCC_interrupt_Time_SYSTICK_Config is not available in your config.xml file
2026-05-04 12:23:05,280 [INFO] CodeEngine:265 - oldGeneratedFile, D:\Strataroh_Git\25_SV09_Internship_Projects_FW\Asmita_04052026\Led_blinking\Core\Inc\main.h_save
2026-05-04 12:23:05,397 [INFO] CodeEngine:289 - Generated code: D:\Strataroh_Git\25_SV09_Internship_Projects_FW\Asmita_04052026\Led_blinking\Core\Inc\main.h
2026-05-04 12:23:05,400 [INFO] CodeEngine:265 - oldGeneratedFile, D:\Strataroh_Git\25_SV09_Internship_Projects_FW\Asmita_04052026\Led_blinking\Core\Src\main.c_save
2026-05-04 12:23:05,485 [INFO] CodeEngine:289 - Generated code: D:\Strataroh_Git\25_SV09_Internship_Projects_FW\Asmita_04052026\Led_blinking\Core\Src\main.c
2026-05-04 12:23:05,737 [INFO] ProjectBuilder:3606 - Time for Copy HAL[1] : 117mS.
2026-05-04 12:23:05,739 [INFO] ProjectBuilder:5216 - Project Generator version: 4.7.0-B52
2026-05-04 12:23:05,811 [INFO] ConfigFileManager:1595 - The Die is : DIE493
2026-05-04 12:23:06,540 [INFO] ProjectBuilder:5496 - Time for Generating toolchain IDE Files: 801mS.
2026-05-04 12:23:06,541 [INFO] ProjectBuilder:3463 - Time for Copy CMSIS : 0mS.
2026-05-04 12:23:06,543 [INFO] ProjectBuilder:3463 - Time for Copy CMSIS : 0mS.
2026-05-04 12:29:38,277 [INFO] UtilMem:75 - End SaveConfig() Used Memory: 703072208 Bytes (1073741824)
2026-05-04 12:29:38,471 [ERROR] IocParser:95 - Exception caught: null
2026-05-04 12:29:40,287 [INFO] UtilMem:75 - End SaveConfig() Used Memory: 747109744 Bytes (1073741824)
2026-05-04 12:29:40,403 [ERROR] IocParser:95 - Exception caught: null
2026-05-04 12:29:41,971 [INFO] UtilMem:75 - End SaveConfig() Used Memory: 826801520 Bytes (1073741824)
2026-05-04 12:29:42,105 [INFO] BlockDiagram:2775 - set Specific Code input for plugin: NVIC
2026-05-04 12:29:42,105 [INFO] BlockDiagram:2775 - set Specific Code input for plugin: NUCLEO-C071RB
2026-05-04 12:29:42,105 [INFO] BlockDiagram:2775 - set Specific Code input for plugin: SYS
2026-05-04 12:29:42,105 [INFO] BlockDiagram:2775 - set Specific Code input for plugin: GPIO
2026-05-04 12:29:42,105 [INFO] BlockDiagram:2775 - set Specific Code input for plugin: RCC
2026-05-04 12:29:42,107 [INFO] CodeGenerator:892 - code generatio: config db path: D:\STM32CubeIDE_1.19.0\STM32CubeIDE\plugins\com.st.stm32cube.common.mx_6.15.0.202507011659\\db\
2026-05-04 12:29:42,166 [INFO] CodeEngine:265 - oldGeneratedFile, D:\Strataroh_Git\25_SV09_Internship_Projects_FW\Asmita_04052026\Led_blinking\MXTmpFiles\license.tmp_save
2026-05-04 12:29:42,352 [INFO] CodeEngine:289 - Generated code: D:\Strataroh_Git\25_SV09_Internship_Projects_FW\Asmita_04052026\Led_blinking\MXTmpFiles\license.tmp
2026-05-04 12:29:42,395 [INFO] CodeEngine:265 - oldGeneratedFile, D:\Strataroh_Git\25_SV09_Internship_Projects_FW\Asmita_04052026\Led_blinking\Core\Src\gpio.c_save
2026-05-04 12:29:42,523 [INFO] CodeEngine:289 - Generated code: D:\Strataroh_Git\25_SV09_Internship_Projects_FW\Asmita_04052026\Led_blinking\Core\Src\gpio.c
2026-05-04 12:29:42,528 [INFO] CodeEngine:265 - oldGeneratedFile, D:\Strataroh_Git\25_SV09_Internship_Projects_FW\Asmita_04052026\Led_blinking\Core\Inc\gpio.h_save
2026-05-04 12:29:42,601 [INFO] CodeEngine:289 - Generated code: D:\Strataroh_Git\25_SV09_Internship_Projects_FW\Asmita_04052026\Led_blinking\Core\Inc\gpio.h
2026-05-04 12:29:42,675 [INFO] CodeEngine:265 - oldGeneratedFile, D:\Strataroh_Git\25_SV09_Internship_Projects_FW\Asmita_04052026\Led_blinking\MXTmpFiles\cortex.tmp_save
2026-05-04 12:29:42,797 [INFO] CodeEngine:289 - Generated code: D:\Strataroh_Git\25_SV09_Internship_Projects_FW\Asmita_04052026\Led_blinking\MXTmpFiles\cortex.tmp
2026-05-04 12:29:42,816 [INFO] CodeEngine:265 - oldGeneratedFile, D:\Strataroh_Git\25_SV09_Internship_Projects_FW\Asmita_04052026\Led_blinking\Core\Inc\stm32c0xx_nucleo_conf.h_save
2026-05-04 12:29:42,917 [INFO] CodeEngine:289 - Generated code: D:\Strataroh_Git\25_SV09_Internship_Projects_FW\Asmita_04052026\Led_blinking\Core\Inc\stm32c0xx_nucleo_conf.h
2026-05-04 12:29:42,920 [INFO] CodeEngine:265 - oldGeneratedFile, D:\Strataroh_Git\25_SV09_Internship_Projects_FW\Asmita_04052026\Led_blinking\MXTmpFiles\bsp_inc.tmp_save
2026-05-04 12:29:42,980 [INFO] CodeEngine:289 - Generated code: D:\Strataroh_Git\25_SV09_Internship_Projects_FW\Asmita_04052026\Led_blinking\MXTmpFiles\bsp_inc.tmp
2026-05-04 12:29:42,983 [INFO] CodeEngine:265 - oldGeneratedFile, D:\Strataroh_Git\25_SV09_Internship_Projects_FW\Asmita_04052026\Led_blinking\MXTmpFiles\bsp_common_vars.tmp_save
2026-05-04 12:29:43,042 [INFO] CodeEngine:289 - Generated code: D:\Strataroh_Git\25_SV09_Internship_Projects_FW\Asmita_04052026\Led_blinking\MXTmpFiles\bsp_common_vars.tmp
2026-05-04 12:29:43,047 [INFO] CodeEngine:265 - oldGeneratedFile, D:\Strataroh_Git\25_SV09_Internship_Projects_FW\Asmita_04052026\Led_blinking\MXTmpFiles\bsp_common_init.tmp_save
2026-05-04 12:29:43,109 [INFO] CodeEngine:289 - Generated code: D:\Strataroh_Git\25_SV09_Internship_Projects_FW\Asmita_04052026\Led_blinking\MXTmpFiles\bsp_common_init.tmp
2026-05-04 12:29:43,114 [INFO] CodeEngine:265 - oldGeneratedFile, D:\Strataroh_Git\25_SV09_Internship_Projects_FW\Asmita_04052026\Led_blinking\MXTmpFiles\bsp_common_demo_before_while.tmp_save
2026-05-04 12:29:43,165 [INFO] CodeEngine:289 - Generated code: D:\Strataroh_Git\25_SV09_Internship_Projects_FW\Asmita_04052026\Led_blinking\MXTmpFiles\bsp_common_demo_before_while.tmp
2026-05-04 12:29:43,168 [INFO] CodeEngine:265 - oldGeneratedFile, D:\Strataroh_Git\25_SV09_Internship_Projects_FW\Asmita_04052026\Led_blinking\MXTmpFiles\bsp_common_demo_inside_while.tmp_save
2026-05-04 12:29:43,220 [INFO] CodeEngine:289 - Generated code: D:\Strataroh_Git\25_SV09_Internship_Projects_FW\Asmita_04052026\Led_blinking\MXTmpFiles\bsp_common_demo_inside_while.tmp
2026-05-04 12:29:43,222 [INFO] CodeEngine:265 - oldGeneratedFile, D:\Strataroh_Git\25_SV09_Internship_Projects_FW\Asmita_04052026\Led_blinking\MXTmpFiles\bsp_common_demo_fct.tmp_save
2026-05-04 12:29:43,269 [INFO] CodeEngine:289 - Generated code: D:\Strataroh_Git\25_SV09_Internship_Projects_FW\Asmita_04052026\Led_blinking\MXTmpFiles\bsp_common_demo_fct.tmp
2026-05-04 12:29:43,277 [INFO] CodeEngine:265 - oldGeneratedFile, D:\Strataroh_Git\25_SV09_Internship_Projects_FW\Asmita_04052026\Led_blinking\Core\Src\stm32c0xx_it.c_save
2026-05-04 12:29:43,457 [INFO] CodeEngine:289 - Generated code: D:\Strataroh_Git\25_SV09_Internship_Projects_FW\Asmita_04052026\Led_blinking\Core\Src\stm32c0xx_it.c
2026-05-04 12:29:43,462 [INFO] CodeEngine:265 - oldGeneratedFile, D:\Strataroh_Git\25_SV09_Internship_Projects_FW\Asmita_04052026\Led_blinking\Core\Inc\stm32c0xx_it.h_save
2026-05-04 12:29:43,522 [INFO] CodeEngine:289 - Generated code: D:\Strataroh_Git\25_SV09_Internship_Projects_FW\Asmita_04052026\Led_blinking\Core\Inc\stm32c0xx_it.h
2026-05-04 12:29:43,548 [INFO] CodeEngine:265 - oldGeneratedFile, D:\Strataroh_Git\25_SV09_Internship_Projects_FW\Asmita_04052026\Led_blinking\Core\Src\stm32c0xx_hal_msp.c_save
2026-05-04 12:29:43,663 [INFO] CodeEngine:289 - Generated code: D:\Strataroh_Git\25_SV09_Internship_Projects_FW\Asmita_04052026\Led_blinking\Core\Src\stm32c0xx_hal_msp.c
2026-05-04 12:29:43,667 [INFO] CodeEngine:265 - oldGeneratedFile, D:\Strataroh_Git\25_SV09_Internship_Projects_FW\Asmita_04052026\Led_blinking\MXTmpFiles\system.tmp_save
2026-05-04 12:29:43,724 [INFO] CodeEngine:289 - Generated code: D:\Strataroh_Git\25_SV09_Internship_Projects_FW\Asmita_04052026\Led_blinking\MXTmpFiles\system.tmp
2026-05-04 12:29:43,731 [INFO] CodeEngine:321 - oldGeneratedFile, D:\Strataroh_Git\25_SV09_Internship_Projects_FW\Asmita_04052026\Led_blinking\Core\Inc\stm32c0xx_hal_conf.h_save
2026-05-04 12:29:43,846 [INFO] CodeEngine:345 - Generated code: D:\Strataroh_Git\25_SV09_Internship_Projects_FW\Asmita_04052026\Led_blinking\Core\Inc\stm32c0xx_hal_conf.h
2026-05-04 12:29:43,860 [WARN] IPConfigManager:3238 - Warning: the RefConfig RCC_PClockConfig is not available in your config.xml file
2026-05-04 12:29:43,860 [WARN] IPConfigManager:3238 - Warning: the RefConfig RCC_interrupt_Time_SYSTICK_Config is not available in your config.xml file
2026-05-04 12:29:43,866 [INFO] CodeEngine:265 - oldGeneratedFile, D:\Strataroh_Git\25_SV09_Internship_Projects_FW\Asmita_04052026\Led_blinking\Core\Inc\main.h_save
2026-05-04 12:29:43,981 [INFO] CodeEngine:289 - Generated code: D:\Strataroh_Git\25_SV09_Internship_Projects_FW\Asmita_04052026\Led_blinking\Core\Inc\main.h
2026-05-04 12:29:43,985 [INFO] CodeEngine:265 - oldGeneratedFile, D:\Strataroh_Git\25_SV09_Internship_Projects_FW\Asmita_04052026\Led_blinking\Core\Src\main.c_save
2026-05-04 12:29:44,114 [INFO] CodeEngine:289 - Generated code: D:\Strataroh_Git\25_SV09_Internship_Projects_FW\Asmita_04052026\Led_blinking\Core\Src\main.c
2026-05-04 12:29:44,416 [INFO] ProjectBuilder:3606 - Time for Copy HAL[1] : 138mS.
2026-05-04 12:29:44,419 [INFO] ProjectBuilder:5216 - Project Generator version: 4.7.0-B52
2026-05-04 12:29:44,493 [INFO] ConfigFileManager:1595 - The Die is : DIE493
2026-05-04 12:29:45,013 [INFO] ProjectBuilder:5496 - Time for Generating toolchain IDE Files: 594mS.
2026-05-04 12:29:45,014 [INFO] ProjectBuilder:3463 - Time for Copy CMSIS : 1mS.
2026-05-04 12:29:45,016 [INFO] ProjectBuilder:3463 - Time for Copy CMSIS : 0mS.
2026-05-04 13:03:36,153 [INFO] UtilMem:75 - End SaveConfig() Used Memory: 923024648 Bytes (1073741824)
2026-05-04 13:03:37,490 [ERROR] IocParser:95 - Exception caught: null
2026-05-04 13:03:38,405 [INFO] UtilMem:75 - End SaveConfig() Used Memory: 944210560 Bytes (1073741824)
2026-05-04 13:03:38,504 [ERROR] IocParser:95 - Exception caught: null
2026-05-04 13:03:41,980 [INFO] UtilMem:75 - End SaveConfig() Used Memory: 983700744 Bytes (1073741824)
2026-05-04 13:03:42,288 [INFO] BlockDiagram:2775 - set Specific Code input for plugin: NVIC
2026-05-04 13:03:42,288 [INFO] BlockDiagram:2775 - set Specific Code input for plugin: NUCLEO-C071RB
2026-05-04 13:03:42,288 [INFO] BlockDiagram:2775 - set Specific Code input for plugin: SYS
2026-05-04 13:03:42,288 [INFO] BlockDiagram:2775 - set Specific Code input for plugin: GPIO
2026-05-04 13:03:42,290 [INFO] BlockDiagram:2775 - set Specific Code input for plugin: RCC
2026-05-04 13:03:42,291 [INFO] CodeGenerator:892 - code generatio: config db path: D:\STM32CubeIDE_1.19.0\STM32CubeIDE\plugins\com.st.stm32cube.common.mx_6.15.0.202507011659\\db\
2026-05-04 13:03:42,363 [INFO] CodeEngine:265 - oldGeneratedFile, D:\Strataroh_Git\25_SV09_Internship_Projects_FW\Asmita_04052026\Led_blinking\MXTmpFiles\license.tmp_save
2026-05-04 13:03:42,632 [INFO] CodeEngine:289 - Generated code: D:\Strataroh_Git\25_SV09_Internship_Projects_FW\Asmita_04052026\Led_blinking\MXTmpFiles\license.tmp
2026-05-04 13:03:42,670 [INFO] CodeEngine:265 - oldGeneratedFile, D:\Strataroh_Git\25_SV09_Internship_Projects_FW\Asmita_04052026\Led_blinking\Core\Src\gpio.c_save
2026-05-04 13:03:42,852 [INFO] CodeEngine:289 - Generated code: D:\Strataroh_Git\25_SV09_Internship_Projects_FW\Asmita_04052026\Led_blinking\Core\Src\gpio.c
2026-05-04 13:03:42,857 [INFO] CodeEngine:265 - oldGeneratedFile, D:\Strataroh_Git\25_SV09_Internship_Projects_FW\Asmita_04052026\Led_blinking\Core\Inc\gpio.h_save
2026-05-04 13:03:42,944 [INFO] CodeEngine:289 - Generated code: D:\Strataroh_Git\25_SV09_Internship_Projects_FW\Asmita_04052026\Led_blinking\Core\Inc\gpio.h
2026-05-04 13:03:43,019 [INFO] CodeEngine:265 - oldGeneratedFile, D:\Strataroh_Git\25_SV09_Internship_Projects_FW\Asmita_04052026\Led_blinking\MXTmpFiles\cortex.tmp_save
2026-05-04 13:03:43,152 [INFO] CodeEngine:289 - Generated code: D:\Strataroh_Git\25_SV09_Internship_Projects_FW\Asmita_04052026\Led_blinking\MXTmpFiles\cortex.tmp
2026-05-04 13:03:43,171 [INFO] CodeEngine:265 - oldGeneratedFile, D:\Strataroh_Git\25_SV09_Internship_Projects_FW\Asmita_04052026\Led_blinking\Core\Inc\stm32c0xx_nucleo_conf.h_save
2026-05-04 13:03:43,293 [INFO] CodeEngine:289 - Generated code: D:\Strataroh_Git\25_SV09_Internship_Projects_FW\Asmita_04052026\Led_blinking\Core\Inc\stm32c0xx_nucleo_conf.h
2026-05-04 13:03:43,296 [INFO] CodeEngine:265 - oldGeneratedFile, D:\Strataroh_Git\25_SV09_Internship_Projects_FW\Asmita_04052026\Led_blinking\MXTmpFiles\bsp_inc.tmp_save
2026-05-04 13:03:43,388 [INFO] CodeEngine:289 - Generated code: D:\Strataroh_Git\25_SV09_Internship_Projects_FW\Asmita_04052026\Led_blinking\MXTmpFiles\bsp_inc.tmp
2026-05-04 13:03:43,394 [INFO] CodeEngine:265 - oldGeneratedFile, D:\Strataroh_Git\25_SV09_Internship_Projects_FW\Asmita_04052026\Led_blinking\MXTmpFiles\bsp_common_vars.tmp_save
2026-05-04 13:03:43,466 [INFO] CodeEngine:289 - Generated code: D:\Strataroh_Git\25_SV09_Internship_Projects_FW\Asmita_04052026\Led_blinking\MXTmpFiles\bsp_common_vars.tmp
2026-05-04 13:03:43,472 [INFO] CodeEngine:265 - oldGeneratedFile, D:\Strataroh_Git\25_SV09_Internship_Projects_FW\Asmita_04052026\Led_blinking\MXTmpFiles\bsp_common_init.tmp_save
2026-05-04 13:03:43,532 [INFO] CodeEngine:289 - Generated code: D:\Strataroh_Git\25_SV09_Internship_Projects_FW\Asmita_04052026\Led_blinking\MXTmpFiles\bsp_common_init.tmp
2026-05-04 13:03:43,537 [INFO] CodeEngine:265 - oldGeneratedFile, D:\Strataroh_Git\25_SV09_Internship_Projects_FW\Asmita_04052026\Led_blinking\MXTmpFiles\bsp_common_demo_before_while.tmp_save
2026-05-04 13:03:43,590 [INFO] CodeEngine:289 - Generated code: D:\Strataroh_Git\25_SV09_Internship_Projects_FW\Asmita_04052026\Led_blinking\MXTmpFiles\bsp_common_demo_before_while.tmp
2026-05-04 13:03:43,593 [INFO] CodeEngine:265 - oldGeneratedFile, D:\Strataroh_Git\25_SV09_Internship_Projects_FW\Asmita_04052026\Led_blinking\MXTmpFiles\bsp_common_demo_inside_while.tmp_save
2026-05-04 13:03:43,643 [INFO] CodeEngine:289 - Generated code: D:\Strataroh_Git\25_SV09_Internship_Projects_FW\Asmita_04052026\Led_blinking\MXTmpFiles\bsp_common_demo_inside_while.tmp
2026-05-04 13:03:43,646 [INFO] CodeEngine:265 - oldGeneratedFile, D:\Strataroh_Git\25_SV09_Internship_Projects_FW\Asmita_04052026\Led_blinking\MXTmpFiles\bsp_common_demo_fct.tmp_save
2026-05-04 13:03:43,693 [INFO] CodeEngine:289 - Generated code: D:\Strataroh_Git\25_SV09_Internship_Projects_FW\Asmita_04052026\Led_blinking\MXTmpFiles\bsp_common_demo_fct.tmp
2026-05-04 13:03:43,695 [ERROR] IocParser:95 - Exception caught: null
2026-05-04 13:03:43,700 [INFO] CodeEngine:265 - oldGeneratedFile, D:\Strataroh_Git\25_SV09_Internship_Projects_FW\Asmita_04052026\Led_blinking\Core\Src\stm32c0xx_it.c_save
2026-05-04 13:03:43,912 [INFO] CodeEngine:289 - Generated code: D:\Strataroh_Git\25_SV09_Internship_Projects_FW\Asmita_04052026\Led_blinking\Core\Src\stm32c0xx_it.c
2026-05-04 13:03:43,916 [INFO] CodeEngine:265 - oldGeneratedFile, D:\Strataroh_Git\25_SV09_Internship_Projects_FW\Asmita_04052026\Led_blinking\Core\Inc\stm32c0xx_it.h_save
2026-05-04 13:03:43,969 [INFO] CodeEngine:289 - Generated code: D:\Strataroh_Git\25_SV09_Internship_Projects_FW\Asmita_04052026\Led_blinking\Core\Inc\stm32c0xx_it.h
2026-05-04 13:03:44,002 [INFO] CodeEngine:265 - oldGeneratedFile, D:\Strataroh_Git\25_SV09_Internship_Projects_FW\Asmita_04052026\Led_blinking\Core\Src\stm32c0xx_hal_msp.c_save
2026-05-04 13:03:44,117 [INFO] CodeEngine:289 - Generated code: D:\Strataroh_Git\25_SV09_Internship_Projects_FW\Asmita_04052026\Led_blinking\Core\Src\stm32c0xx_hal_msp.c
2026-05-04 13:03:44,120 [INFO] CodeEngine:265 - oldGeneratedFile, D:\Strataroh_Git\25_SV09_Internship_Projects_FW\Asmita_04052026\Led_blinking\MXTmpFiles\system.tmp_save
2026-05-04 13:03:44,174 [INFO] CodeEngine:289 - Generated code: D:\Strataroh_Git\25_SV09_Internship_Projects_FW\Asmita_04052026\Led_blinking\MXTmpFiles\system.tmp
2026-05-04 13:03:44,183 [INFO] CodeEngine:321 - oldGeneratedFile, D:\Strataroh_Git\25_SV09_Internship_Projects_FW\Asmita_04052026\Led_blinking\Core\Inc\stm32c0xx_hal_conf.h_save
2026-05-04 13:03:44,306 [INFO] CodeEngine:345 - Generated code: D:\Strataroh_Git\25_SV09_Internship_Projects_FW\Asmita_04052026\Led_blinking\Core\Inc\stm32c0xx_hal_conf.h
2026-05-04 13:03:44,322 [WARN] IPConfigManager:3238 - Warning: the RefConfig RCC_PClockConfig is not available in your config.xml file
2026-05-04 13:03:44,323 [WARN] IPConfigManager:3238 - Warning: the RefConfig RCC_interrupt_Time_SYSTICK_Config is not available in your config.xml file
2026-05-04 13:03:44,332 [INFO] CodeEngine:265 - oldGeneratedFile, D:\Strataroh_Git\25_SV09_Internship_Projects_FW\Asmita_04052026\Led_blinking\Core\Inc\main.h_save
2026-05-04 13:03:44,449 [INFO] CodeEngine:289 - Generated code: D:\Strataroh_Git\25_SV09_Internship_Projects_FW\Asmita_04052026\Led_blinking\Core\Inc\main.h
2026-05-04 13:03:44,453 [INFO] CodeEngine:265 - oldGeneratedFile, D:\Strataroh_Git\25_SV09_Internship_Projects_FW\Asmita_04052026\Led_blinking\Core\Src\main.c_save
2026-05-04 13:03:44,537 [INFO] CodeEngine:289 - Generated code: D:\Strataroh_Git\25_SV09_Internship_Projects_FW\Asmita_04052026\Led_blinking\Core\Src\main.c
2026-05-04 13:03:44,874 [INFO] ProjectBuilder:3606 - Time for Copy HAL[1] : 145mS.
2026-05-04 13:03:44,878 [INFO] ProjectBuilder:5216 - Project Generator version: 4.7.0-B52
2026-05-04 13:03:44,993 [INFO] ConfigFileManager:1595 - The Die is : DIE493
2026-05-04 13:03:45,596 [INFO] ProjectBuilder:5496 - Time for Generating toolchain IDE Files: 718mS.
2026-05-04 13:03:45,596 [INFO] ProjectBuilder:3463 - Time for Copy CMSIS : 0mS.
2026-05-04 13:03:45,598 [INFO] ProjectBuilder:3463 - Time for Copy CMSIS : 1mS.
2026-05-04 13:12:58,989 [INFO] UtilMem:75 - End SaveConfig() Used Memory: 883704736 Bytes (1073741824)
2026-05-04 13:12:59,679 [ERROR] IocParser:95 - Exception caught: null
2026-05-04 13:13:00,514 [INFO] UtilMem:75 - End SaveConfig() Used Memory: 904676256 Bytes (1073741824)
2026-05-04 13:13:02,063 [INFO] UtilMem:75 - End SaveConfig() Used Memory: 940850080 Bytes (1073741824)
2026-05-04 13:13:02,206 [INFO] BlockDiagram:2775 - set Specific Code input for plugin: NVIC
2026-05-04 13:13:02,206 [INFO] BlockDiagram:2775 - set Specific Code input for plugin: NUCLEO-C071RB
2026-05-04 13:13:02,206 [INFO] BlockDiagram:2775 - set Specific Code input for plugin: SYS
2026-05-04 13:13:02,207 [INFO] BlockDiagram:2775 - set Specific Code input for plugin: GPIO
2026-05-04 13:13:02,207 [INFO] BlockDiagram:2775 - set Specific Code input for plugin: RCC
2026-05-04 13:13:02,207 [INFO] CodeGenerator:892 - code generatio: config db path: D:\STM32CubeIDE_1.19.0\STM32CubeIDE\plugins\com.st.stm32cube.common.mx_6.15.0.202507011659\\db\
2026-05-04 13:13:02,260 [INFO] CodeEngine:265 - oldGeneratedFile, D:\Strataroh_Git\25_SV09_Internship_Projects_FW\Asmita_04052026\Led_blinking\MXTmpFiles\license.tmp_save
2026-05-04 13:13:02,368 [INFO] CodeEngine:289 - Generated code: D:\Strataroh_Git\25_SV09_Internship_Projects_FW\Asmita_04052026\Led_blinking\MXTmpFiles\license.tmp
2026-05-04 13:13:02,394 [INFO] CodeEngine:265 - oldGeneratedFile, D:\Strataroh_Git\25_SV09_Internship_Projects_FW\Asmita_04052026\Led_blinking\Core\Src\gpio.c_save
2026-05-04 13:13:02,501 [INFO] CodeEngine:289 - Generated code: D:\Strataroh_Git\25_SV09_Internship_Projects_FW\Asmita_04052026\Led_blinking\Core\Src\gpio.c
2026-05-04 13:13:02,506 [INFO] CodeEngine:265 - oldGeneratedFile, D:\Strataroh_Git\25_SV09_Internship_Projects_FW\Asmita_04052026\Led_blinking\Core\Inc\gpio.h_save
2026-05-04 13:13:02,560 [INFO] CodeEngine:289 - Generated code: D:\Strataroh_Git\25_SV09_Internship_Projects_FW\Asmita_04052026\Led_blinking\Core\Inc\gpio.h
2026-05-04 13:13:02,620 [INFO] CodeEngine:265 - oldGeneratedFile, D:\Strataroh_Git\25_SV09_Internship_Projects_FW\Asmita_04052026\Led_blinking\MXTmpFiles\cortex.tmp_save
2026-05-04 13:13:02,715 [INFO] CodeEngine:289 - Generated code: D:\Strataroh_Git\25_SV09_Internship_Projects_FW\Asmita_04052026\Led_blinking\MXTmpFiles\cortex.tmp
2026-05-04 13:13:02,730 [INFO] CodeEngine:265 - oldGeneratedFile, D:\Strataroh_Git\25_SV09_Internship_Projects_FW\Asmita_04052026\Led_blinking\Core\Inc\stm32c0xx_nucleo_conf.h_save
2026-05-04 13:13:02,820 [INFO] CodeEngine:289 - Generated code: D:\Strataroh_Git\25_SV09_Internship_Projects_FW\Asmita_04052026\Led_blinking\Core\Inc\stm32c0xx_nucleo_conf.h
2026-05-04 13:13:02,822 [INFO] CodeEngine:265 - oldGeneratedFile, D:\Strataroh_Git\25_SV09_Internship_Projects_FW\Asmita_04052026\Led_blinking\MXTmpFiles\bsp_inc.tmp_save
2026-05-04 13:13:02,874 [INFO] CodeEngine:289 - Generated code: D:\Strataroh_Git\25_SV09_Internship_Projects_FW\Asmita_04052026\Led_blinking\MXTmpFiles\bsp_inc.tmp
2026-05-04 13:13:02,878 [INFO] CodeEngine:265 - oldGeneratedFile, D:\Strataroh_Git\25_SV09_Internship_Projects_FW\Asmita_04052026\Led_blinking\MXTmpFiles\bsp_common_vars.tmp_save
2026-05-04 13:13:02,922 [INFO] CodeEngine:289 - Generated code: D:\Strataroh_Git\25_SV09_Internship_Projects_FW\Asmita_04052026\Led_blinking\MXTmpFiles\bsp_common_vars.tmp
2026-05-04 13:13:02,926 [INFO] CodeEngine:265 - oldGeneratedFile, D:\Strataroh_Git\25_SV09_Internship_Projects_FW\Asmita_04052026\Led_blinking\MXTmpFiles\bsp_common_init.tmp_save
2026-05-04 13:13:02,977 [INFO] CodeEngine:289 - Generated code: D:\Strataroh_Git\25_SV09_Internship_Projects_FW\Asmita_04052026\Led_blinking\MXTmpFiles\bsp_common_init.tmp
2026-05-04 13:13:02,980 [INFO] CodeEngine:265 - oldGeneratedFile, D:\Strataroh_Git\25_SV09_Internship_Projects_FW\Asmita_04052026\Led_blinking\MXTmpFiles\bsp_common_demo_before_while.tmp_save
2026-05-04 13:13:03,024 [INFO] CodeEngine:289 - Generated code: D:\Strataroh_Git\25_SV09_Internship_Projects_FW\Asmita_04052026\Led_blinking\MXTmpFiles\bsp_common_demo_before_while.tmp
2026-05-04 13:13:03,026 [INFO] CodeEngine:265 - oldGeneratedFile, D:\Strataroh_Git\25_SV09_Internship_Projects_FW\Asmita_04052026\Led_blinking\MXTmpFiles\bsp_common_demo_inside_while.tmp_save
2026-05-04 13:13:03,070 [INFO] CodeEngine:289 - Generated code: D:\Strataroh_Git\25_SV09_Internship_Projects_FW\Asmita_04052026\Led_blinking\MXTmpFiles\bsp_common_demo_inside_while.tmp
2026-05-04 13:13:03,072 [INFO] CodeEngine:265 - oldGeneratedFile, D:\Strataroh_Git\25_SV09_Internship_Projects_FW\Asmita_04052026\Led_blinking\MXTmpFiles\bsp_common_demo_fct.tmp_save
2026-05-04 13:13:03,116 [INFO] CodeEngine:289 - Generated code: D:\Strataroh_Git\25_SV09_Internship_Projects_FW\Asmita_04052026\Led_blinking\MXTmpFiles\bsp_common_demo_fct.tmp
2026-05-04 13:13:03,123 [INFO] CodeEngine:265 - oldGeneratedFile, D:\Strataroh_Git\25_SV09_Internship_Projects_FW\Asmita_04052026\Led_blinking\Core\Src\stm32c0xx_it.c_save
2026-05-04 13:13:03,135 [ERROR] IocParser:95 - Exception caught: null
2026-05-04 13:13:03,294 [INFO] CodeEngine:289 - Generated code: D:\Strataroh_Git\25_SV09_Internship_Projects_FW\Asmita_04052026\Led_blinking\Core\Src\stm32c0xx_it.c
2026-05-04 13:13:03,300 [INFO] CodeEngine:265 - oldGeneratedFile, D:\Strataroh_Git\25_SV09_Internship_Projects_FW\Asmita_04052026\Led_blinking\Core\Inc\stm32c0xx_it.h_save
2026-05-04 13:13:03,349 [INFO] CodeEngine:289 - Generated code: D:\Strataroh_Git\25_SV09_Internship_Projects_FW\Asmita_04052026\Led_blinking\Core\Inc\stm32c0xx_it.h
2026-05-04 13:13:03,374 [INFO] CodeEngine:265 - oldGeneratedFile, D:\Strataroh_Git\25_SV09_Internship_Projects_FW\Asmita_04052026\Led_blinking\Core\Src\stm32c0xx_hal_msp.c_save
2026-05-04 13:13:03,491 [INFO] CodeEngine:289 - Generated code: D:\Strataroh_Git\25_SV09_Internship_Projects_FW\Asmita_04052026\Led_blinking\Core\Src\stm32c0xx_hal_msp.c
2026-05-04 13:13:03,494 [INFO] CodeEngine:265 - oldGeneratedFile, D:\Strataroh_Git\25_SV09_Internship_Projects_FW\Asmita_04052026\Led_blinking\MXTmpFiles\system.tmp_save
2026-05-04 13:13:03,538 [INFO] CodeEngine:289 - Generated code: D:\Strataroh_Git\25_SV09_Internship_Projects_FW\Asmita_04052026\Led_blinking\MXTmpFiles\system.tmp
2026-05-04 13:13:03,545 [INFO] CodeEngine:321 - oldGeneratedFile, D:\Strataroh_Git\25_SV09_Internship_Projects_FW\Asmita_04052026\Led_blinking\Core\Inc\stm32c0xx_hal_conf.h_save
2026-05-04 13:13:03,657 [INFO] CodeEngine:345 - Generated code: D:\Strataroh_Git\25_SV09_Internship_Projects_FW\Asmita_04052026\Led_blinking\Core\Inc\stm32c0xx_hal_conf.h
2026-05-04 13:13:03,669 [WARN] IPConfigManager:3238 - Warning: the RefConfig RCC_PClockConfig is not available in your config.xml file
2026-05-04 13:13:03,670 [WARN] IPConfigManager:3238 - Warning: the RefConfig RCC_interrupt_Time_SYSTICK_Config is not available in your config.xml file
2026-05-04 13:13:03,674 [INFO] CodeEngine:265 - oldGeneratedFile, D:\Strataroh_Git\25_SV09_Internship_Projects_FW\Asmita_04052026\Led_blinking\Core\Inc\main.h_save
2026-05-04 13:13:03,784 [INFO] CodeEngine:289 - Generated code: D:\Strataroh_Git\25_SV09_Internship_Projects_FW\Asmita_04052026\Led_blinking\Core\Inc\main.h
2026-05-04 13:13:03,787 [INFO] CodeEngine:265 - oldGeneratedFile, D:\Strataroh_Git\25_SV09_Internship_Projects_FW\Asmita_04052026\Led_blinking\Core\Src\main.c_save
2026-05-04 13:13:03,876 [INFO] CodeEngine:289 - Generated code: D:\Strataroh_Git\25_SV09_Internship_Projects_FW\Asmita_04052026\Led_blinking\Core\Src\main.c
2026-05-04 13:13:04,136 [INFO] ProjectBuilder:3606 - Time for Copy HAL[1] : 113mS.
2026-05-04 13:13:04,138 [INFO] ProjectBuilder:5216 - Project Generator version: 4.7.0-B52
2026-05-04 13:13:04,223 [INFO] ConfigFileManager:1595 - The Die is : DIE493
2026-05-04 13:13:04,772 [INFO] ProjectBuilder:5496 - Time for Generating toolchain IDE Files: 633mS.
2026-05-04 13:13:04,772 [INFO] ProjectBuilder:3463 - Time for Copy CMSIS : 0mS.
2026-05-04 13:13:04,774 [INFO] ProjectBuilder:3463 - Time for Copy CMSIS : 0mS.
2026-05-04 13:23:46,660 [INFO] Gpio:278 - dependency for GPIO [RCC]
2026-05-04 13:26:09,957 [INFO] WebApp:194 - Connection lost
2026-05-04 13:26:10,400 [INFO] WebApp:191 - Connection restablished
2026-05-04 13:36:33,447 [INFO] NvicIntPanel:101 - NVIC parent = com.st.microxplorer.plugins.ip.nvic.MultiNvicIntPanel[,0,0,606x562,layout=javax.swing.BoxLayout,alignmentX=0.0,alignmentY=0.0,border=,flags=9,maximumSize=,minimumSize=,preferredSize=]
2026-05-04 13:37:43,080 [INFO] NvicIntPanel:101 - NVIC parent = com.st.microxplorer.plugins.ip.nvic.MultiNvicIntPanel[,0,0,0x0,invalid,layout=javax.swing.BoxLayout,alignmentX=0.0,alignmentY=0.0,border=,flags=9,maximumSize=,minimumSize=,preferredSize=]
2026-05-04 13:37:48,177 [INFO] NvicIntPanel:101 - NVIC parent = com.st.microxplorer.plugins.ip.nvic.MultiNvicIntPanel[,0,0,0x0,invalid,layout=javax.swing.BoxLayout,alignmentX=0.0,alignmentY=0.0,border=,flags=9,maximumSize=,minimumSize=,preferredSize=]
2026-05-04 13:38:53,086 [INFO] NvicIntPanel:101 - NVIC parent = com.st.microxplorer.plugins.ip.nvic.MultiNvicIntPanel[,0,0,0x0,invalid,layout=javax.swing.BoxLayout,alignmentX=0.0,alignmentY=0.0,border=,flags=9,maximumSize=,minimumSize=,preferredSize=]
2026-05-04 13:39:13,019 [INFO] Gpio:278 - dependency for GPIO [RCC]
2026-05-04 13:41:05,413 [INFO] Gpio:278 - dependency for GPIO [RCC]
2026-05-04 13:41:08,841 [INFO] Gpio:278 - dependency for GPIO [RCC]
2026-05-04 13:41:22,251 [INFO] NvicIntPanel:101 - NVIC parent = com.st.microxplorer.plugins.ip.nvic.MultiNvicIntPanel[,0,0,0x0,invalid,layout=javax.swing.BoxLayout,alignmentX=0.0,alignmentY=0.0,border=,flags=9,maximumSize=,minimumSize=,preferredSize=]
2026-05-04 13:41:56,733 [INFO] NvicIntPanel:101 - NVIC parent = com.st.microxplorer.plugins.ip.nvic.MultiNvicIntPanel[,0,0,0x0,invalid,layout=javax.swing.BoxLayout,alignmentX=0.0,alignmentY=0.0,border=,flags=9,maximumSize=,minimumSize=,preferredSize=]
2026-05-04 13:41:59,782 [INFO] NvicIntPanel:101 - NVIC parent = com.st.microxplorer.plugins.ip.nvic.MultiNvicIntPanel[,0,0,0x0,invalid,layout=javax.swing.BoxLayout,alignmentX=0.0,alignmentY=0.0,border=,flags=9,maximumSize=,minimumSize=,preferredSize=]
2026-05-04 13:42:18,003 [INFO] NvicIntPanel:101 - NVIC parent = com.st.microxplorer.plugins.ip.nvic.MultiNvicIntPanel[,0,0,0x0,invalid,layout=javax.swing.BoxLayout,alignmentX=0.0,alignmentY=0.0,border=,flags=9,maximumSize=,minimumSize=,preferredSize=]
2026-05-04 13:42:29,893 [INFO] Gpio:278 - dependency for GPIO [RCC]
2026-05-04 13:45:58,676 [INFO] Gpio:278 - dependency for GPIO [RCC]
2026-05-04 13:46:49,526 [INFO] Gpio:278 - dependency for GPIO [RCC]
2026-05-04 13:48:29,221 [INFO] UtilMem:75 - End SaveConfig() Used Memory: 1001720608 Bytes (1073741824)
2026-05-04 13:48:31,685 [INFO] UtilMem:75 - End SaveConfig() Used Memory: 692166104 Bytes (1073741824)
2026-05-04 13:48:40,599 [INFO] UtilMem:75 - End SaveConfig() Used Memory: 767519816 Bytes (1073741824)
2026-05-04 13:48:41,108 [INFO] BlockDiagram:2775 - set Specific Code input for plugin: NVIC
2026-05-04 13:48:41,108 [INFO] BlockDiagram:2775 - set Specific Code input for plugin: SYS
2026-05-04 13:48:41,109 [INFO] BlockDiagram:2775 - set Specific Code input for plugin: GPIO
2026-05-04 13:48:41,109 [INFO] BlockDiagram:2775 - set Specific Code input for plugin: RCC
2026-05-04 13:48:41,111 [INFO] CodeGenerator:892 - code generatio: config db path: D:\STM32CubeIDE_1.19.0\STM32CubeIDE\plugins\com.st.stm32cube.common.mx_6.15.0.202507011659\\db\
2026-05-04 13:48:41,267 [INFO] CodeEngine:265 - oldGeneratedFile, D:\Strataroh_Git\25_SV09_Internship_Projects_FW\Asmita_04052026\Led_blinking\MXTmpFiles\license.tmp_save
2026-05-04 13:48:41,887 [INFO] CodeEngine:289 - Generated code: D:\Strataroh_Git\25_SV09_Internship_Projects_FW\Asmita_04052026\Led_blinking\MXTmpFiles\license.tmp
2026-05-04 13:48:41,954 [INFO] CodeEngine:265 - oldGeneratedFile, D:\Strataroh_Git\25_SV09_Internship_Projects_FW\Asmita_04052026\Led_blinking\Core\Src\gpio.c_save
2026-05-04 13:48:42,345 [INFO] CodeEngine:289 - Generated code: D:\Strataroh_Git\25_SV09_Internship_Projects_FW\Asmita_04052026\Led_blinking\Core\Src\gpio.c
2026-05-04 13:48:42,356 [INFO] CodeEngine:265 - oldGeneratedFile, D:\Strataroh_Git\25_SV09_Internship_Projects_FW\Asmita_04052026\Led_blinking\Core\Inc\gpio.h_save
2026-05-04 13:48:42,542 [INFO] CodeEngine:289 - Generated code: D:\Strataroh_Git\25_SV09_Internship_Projects_FW\Asmita_04052026\Led_blinking\Core\Inc\gpio.h
2026-05-04 13:48:42,644 [INFO] CodeEngine:265 - oldGeneratedFile, D:\Strataroh_Git\25_SV09_Internship_Projects_FW\Asmita_04052026\Led_blinking\MXTmpFiles\cortex.tmp_save
2026-05-04 13:48:42,930 [INFO] CodeEngine:289 - Generated code: D:\Strataroh_Git\25_SV09_Internship_Projects_FW\Asmita_04052026\Led_blinking\MXTmpFiles\cortex.tmp
2026-05-04 13:48:42,946 [INFO] CodeEngine:265 - oldGeneratedFile, D:\Strataroh_Git\25_SV09_Internship_Projects_FW\Asmita_04052026\Led_blinking\Core\Src\stm32c0xx_it.c_save
2026-05-04 13:48:43,582 [INFO] CodeEngine:289 - Generated code: D:\Strataroh_Git\25_SV09_Internship_Projects_FW\Asmita_04052026\Led_blinking\Core\Src\stm32c0xx_it.c
2026-05-04 13:48:43,592 [INFO] CodeEngine:265 - oldGeneratedFile, D:\Strataroh_Git\25_SV09_Internship_Projects_FW\Asmita_04052026\Led_blinking\Core\Inc\stm32c0xx_it.h_save
2026-05-04 13:48:43,770 [INFO] CodeEngine:289 - Generated code: D:\Strataroh_Git\25_SV09_Internship_Projects_FW\Asmita_04052026\Led_blinking\Core\Inc\stm32c0xx_it.h
2026-05-04 13:48:43,829 [INFO] CodeEngine:265 - oldGeneratedFile, D:\Strataroh_Git\25_SV09_Internship_Projects_FW\Asmita_04052026\Led_blinking\Core\Src\stm32c0xx_hal_msp.c_save
2026-05-04 13:48:44,091 [INFO] CodeEngine:289 - Generated code: D:\Strataroh_Git\25_SV09_Internship_Projects_FW\Asmita_04052026\Led_blinking\Core\Src\stm32c0xx_hal_msp.c
2026-05-04 13:48:44,099 [INFO] CodeEngine:265 - oldGeneratedFile, D:\Strataroh_Git\25_SV09_Internship_Projects_FW\Asmita_04052026\Led_blinking\MXTmpFiles\system.tmp_save
2026-05-04 13:48:44,210 [INFO] CodeEngine:289 - Generated code: D:\Strataroh_Git\25_SV09_Internship_Projects_FW\Asmita_04052026\Led_blinking\MXTmpFiles\system.tmp
2026-05-04 13:48:44,228 [INFO] CodeEngine:321 - oldGeneratedFile, D:\Strataroh_Git\25_SV09_Internship_Projects_FW\Asmita_04052026\Led_blinking\Core\Inc\stm32c0xx_hal_conf.h_save
2026-05-04 13:48:44,498 [INFO] CodeEngine:345 - Generated code: D:\Strataroh_Git\25_SV09_Internship_Projects_FW\Asmita_04052026\Led_blinking\Core\Inc\stm32c0xx_hal_conf.h
2026-05-04 13:48:44,527 [WARN] IPConfigManager:3238 - Warning: the RefConfig RCC_PClockConfig is not available in your config.xml file
2026-05-04 13:48:44,528 [WARN] IPConfigManager:3238 - Warning: the RefConfig RCC_interrupt_Time_SYSTICK_Config is not available in your config.xml file
2026-05-04 13:48:44,542 [INFO] CodeEngine:265 - oldGeneratedFile, D:\Strataroh_Git\25_SV09_Internship_Projects_FW\Asmita_04052026\Led_blinking\Core\Inc\main.h_save
2026-05-04 13:48:44,854 [INFO] CodeEngine:289 - Generated code: D:\Strataroh_Git\25_SV09_Internship_Projects_FW\Asmita_04052026\Led_blinking\Core\Inc\main.h
2026-05-04 13:48:44,865 [INFO] CodeEngine:265 - oldGeneratedFile, D:\Strataroh_Git\25_SV09_Internship_Projects_FW\Asmita_04052026\Led_blinking\Core\Src\main.c_save
2026-05-04 13:48:45,120 [INFO] CodeEngine:289 - Generated code: D:\Strataroh_Git\25_SV09_Internship_Projects_FW\Asmita_04052026\Led_blinking\Core\Src\main.c
2026-05-04 13:48:45,618 [INFO] ProjectBuilder:3606 - Time for Copy HAL[1] : 226mS.
2026-05-04 13:48:45,624 [INFO] ProjectBuilder:5216 - Project Generator version: 4.7.0-B52
2026-05-04 13:48:45,780 [INFO] ConfigFileManager:1595 - The Die is : DIE493
2026-05-04 13:48:48,078 [INFO] ProjectBuilder:5496 - Time for Generating toolchain IDE Files: 2455mS.
2026-05-04 13:48:48,080 [INFO] ProjectBuilder:3463 - Time for Copy CMSIS : 1mS.
2026-05-04 13:48:48,084 [INFO] ProjectBuilder:3463 - Time for Copy CMSIS : 0mS.
2026-05-04 13:57:24,200 [INFO] Gpio:278 - dependency for GPIO [RCC]
2026-05-04 14:00:49,370 [INFO] Gpio:278 - dependency for GPIO [RCC]
2026-05-04 14:01:25,751 [INFO] UtilMem:75 - End SaveConfig() Used Memory: 901714088 Bytes (1073741824)
2026-05-04 14:01:27,971 [INFO] UtilMem:75 - End SaveConfig() Used Memory: 924965768 Bytes (1073741824)
2026-05-04 14:01:39,136 [INFO] UtilMem:75 - End SaveConfig() Used Memory: 729883192 Bytes (1073741824)
2026-05-04 14:01:39,908 [INFO] BlockDiagram:2775 - set Specific Code input for plugin: NVIC
2026-05-04 14:01:39,909 [INFO] BlockDiagram:2775 - set Specific Code input for plugin: SYS
2026-05-04 14:01:39,910 [INFO] BlockDiagram:2775 - set Specific Code input for plugin: GPIO
2026-05-04 14:01:39,910 [INFO] BlockDiagram:2775 - set Specific Code input for plugin: RCC
2026-05-04 14:01:39,911 [INFO] CodeGenerator:892 - code generatio: config db path: D:\STM32CubeIDE_1.19.0\STM32CubeIDE\plugins\com.st.stm32cube.common.mx_6.15.0.202507011659\\db\
2026-05-04 14:01:40,025 [INFO] CodeEngine:265 - oldGeneratedFile, D:\Strataroh_Git\25_SV09_Internship_Projects_FW\Asmita_04052026\Led_blinking\MXTmpFiles\license.tmp_save
2026-05-04 14:01:40,612 [INFO] CodeEngine:289 - Generated code: D:\Strataroh_Git\25_SV09_Internship_Projects_FW\Asmita_04052026\Led_blinking\MXTmpFiles\license.tmp
2026-05-04 14:01:40,689 [INFO] CodeEngine:265 - oldGeneratedFile, D:\Strataroh_Git\25_SV09_Internship_Projects_FW\Asmita_04052026\Led_blinking\Core\Src\gpio.c_save
2026-05-04 14:01:41,083 [INFO] CodeEngine:289 - Generated code: D:\Strataroh_Git\25_SV09_Internship_Projects_FW\Asmita_04052026\Led_blinking\Core\Src\gpio.c
2026-05-04 14:01:41,099 [INFO] CodeEngine:265 - oldGeneratedFile, D:\Strataroh_Git\25_SV09_Internship_Projects_FW\Asmita_04052026\Led_blinking\Core\Inc\gpio.h_save
2026-05-04 14:01:41,303 [INFO] CodeEngine:289 - Generated code: D:\Strataroh_Git\25_SV09_Internship_Projects_FW\Asmita_04052026\Led_blinking\Core\Inc\gpio.h
2026-05-04 14:01:41,410 [INFO] CodeEngine:265 - oldGeneratedFile, D:\Strataroh_Git\25_SV09_Internship_Projects_FW\Asmita_04052026\Led_blinking\MXTmpFiles\cortex.tmp_save
2026-05-04 14:01:41,688 [INFO] CodeEngine:289 - Generated code: D:\Strataroh_Git\25_SV09_Internship_Projects_FW\Asmita_04052026\Led_blinking\MXTmpFiles\cortex.tmp
2026-05-04 14:01:41,707 [INFO] CodeEngine:265 - oldGeneratedFile, D:\Strataroh_Git\25_SV09_Internship_Projects_FW\Asmita_04052026\Led_blinking\Core\Src\stm32c0xx_it.c_save
2026-05-04 14:01:42,223 [INFO] CodeEngine:289 - Generated code: D:\Strataroh_Git\25_SV09_Internship_Projects_FW\Asmita_04052026\Led_blinking\Core\Src\stm32c0xx_it.c
2026-05-04 14:01:42,233 [INFO] CodeEngine:265 - oldGeneratedFile, D:\Strataroh_Git\25_SV09_Internship_Projects_FW\Asmita_04052026\Led_blinking\Core\Inc\stm32c0xx_it.h_save
2026-05-04 14:01:42,346 [INFO] CodeEngine:289 - Generated code: D:\Strataroh_Git\25_SV09_Internship_Projects_FW\Asmita_04052026\Led_blinking\Core\Inc\stm32c0xx_it.h
2026-05-04 14:01:42,410 [INFO] CodeEngine:265 - oldGeneratedFile, D:\Strataroh_Git\25_SV09_Internship_Projects_FW\Asmita_04052026\Led_blinking\Core\Src\stm32c0xx_hal_msp.c_save
2026-05-04 14:01:42,657 [INFO] CodeEngine:289 - Generated code: D:\Strataroh_Git\25_SV09_Internship_Projects_FW\Asmita_04052026\Led_blinking\Core\Src\stm32c0xx_hal_msp.c
2026-05-04 14:01:42,663 [INFO] CodeEngine:265 - oldGeneratedFile, D:\Strataroh_Git\25_SV09_Internship_Projects_FW\Asmita_04052026\Led_blinking\MXTmpFiles\system.tmp_save
2026-05-04 14:01:42,765 [INFO] CodeEngine:289 - Generated code: D:\Strataroh_Git\25_SV09_Internship_Projects_FW\Asmita_04052026\Led_blinking\MXTmpFiles\system.tmp
2026-05-04 14:01:42,783 [INFO] CodeEngine:321 - oldGeneratedFile, D:\Strataroh_Git\25_SV09_Internship_Projects_FW\Asmita_04052026\Led_blinking\Core\Inc\stm32c0xx_hal_conf.h_save
2026-05-04 14:01:43,035 [INFO] CodeEngine:345 - Generated code: D:\Strataroh_Git\25_SV09_Internship_Projects_FW\Asmita_04052026\Led_blinking\Core\Inc\stm32c0xx_hal_conf.h
2026-05-04 14:01:43,062 [WARN] IPConfigManager:3238 - Warning: the RefConfig RCC_PClockConfig is not available in your config.xml file
2026-05-04 14:01:43,062 [WARN] IPConfigManager:3238 - Warning: the RefConfig RCC_interrupt_Time_SYSTICK_Config is not available in your config.xml file
2026-05-04 14:01:43,077 [INFO] CodeEngine:265 - oldGeneratedFile, D:\Strataroh_Git\25_SV09_Internship_Projects_FW\Asmita_04052026\Led_blinking\Core\Inc\main.h_save
2026-05-04 14:01:43,330 [INFO] CodeEngine:289 - Generated code: D:\Strataroh_Git\25_SV09_Internship_Projects_FW\Asmita_04052026\Led_blinking\Core\Inc\main.h
2026-05-04 14:01:43,338 [INFO] CodeEngine:265 - oldGeneratedFile, D:\Strataroh_Git\25_SV09_Internship_Projects_FW\Asmita_04052026\Led_blinking\Core\Src\main.c_save
2026-05-04 14:01:43,547 [INFO] CodeEngine:289 - Generated code: D:\Strataroh_Git\25_SV09_Internship_Projects_FW\Asmita_04052026\Led_blinking\Core\Src\main.c
2026-05-04 14:01:44,159 [INFO] ProjectBuilder:3606 - Time for Copy HAL[1] : 248mS.
2026-05-04 14:01:44,167 [INFO] ProjectBuilder:5216 - Project Generator version: 4.7.0-B52
2026-05-04 14:01:44,354 [INFO] ConfigFileManager:1595 - The Die is : DIE493
2026-05-04 14:01:45,943 [INFO] ProjectBuilder:5496 - Time for Generating toolchain IDE Files: 1776mS.
2026-05-04 14:01:45,945 [INFO] ProjectBuilder:3463 - Time for Copy CMSIS : 0mS.
2026-05-04 14:01:45,948 [INFO] ProjectBuilder:3463 - Time for Copy CMSIS : 0mS.
2026-05-04 14:11:23,393 [INFO] UtilMem:75 - End SaveConfig() Used Memory: 732304552 Bytes (1073741824)
2026-05-04 14:11:28,428 [INFO] UtilMem:75 - End SaveConfig() Used Memory: 759045288 Bytes (1073741824)
2026-05-04 14:11:34,505 [INFO] UtilMem:75 - End SaveConfig() Used Memory: 867586176 Bytes (1073741824)
2026-05-04 14:11:35,170 [INFO] BlockDiagram:2775 - set Specific Code input for plugin: NVIC
2026-05-04 14:11:35,170 [INFO] BlockDiagram:2775 - set Specific Code input for plugin: USART
2026-05-04 14:11:35,171 [INFO] BlockDiagram:2775 - set Specific Code input for plugin: SYS
2026-05-04 14:11:35,172 [INFO] BlockDiagram:2775 - set Specific Code input for plugin: GPIO
2026-05-04 14:11:35,172 [INFO] BlockDiagram:2775 - set Specific Code input for plugin: RCC
2026-05-04 14:11:35,173 [INFO] CodeGenerator:892 - code generatio: config db path: D:\STM32CubeIDE_1.19.0\STM32CubeIDE\plugins\com.st.stm32cube.common.mx_6.15.0.202507011659\\db\
2026-05-04 14:11:35,295 [INFO] CodeEngine:265 - oldGeneratedFile, D:\Strataroh_Git\25_SV09_Internship_Projects_FW\Asmita_04052026\Led_blinking\MXTmpFiles\license.tmp_save
2026-05-04 14:11:35,880 [INFO] CodeEngine:289 - Generated code: D:\Strataroh_Git\25_SV09_Internship_Projects_FW\Asmita_04052026\Led_blinking\MXTmpFiles\license.tmp
2026-05-04 14:11:36,014 [INFO] CodeEngine:265 - oldGeneratedFile, D:\Strataroh_Git\25_SV09_Internship_Projects_FW\Asmita_04052026\Led_blinking\Core\Src\gpio.c_save
2026-05-04 14:11:36,402 [INFO] CodeEngine:289 - Generated code: D:\Strataroh_Git\25_SV09_Internship_Projects_FW\Asmita_04052026\Led_blinking\Core\Src\gpio.c
2026-05-04 14:11:36,413 [INFO] CodeEngine:265 - oldGeneratedFile, D:\Strataroh_Git\25_SV09_Internship_Projects_FW\Asmita_04052026\Led_blinking\Core\Inc\gpio.h_save
2026-05-04 14:11:36,625 [INFO] CodeEngine:289 - Generated code: D:\Strataroh_Git\25_SV09_Internship_Projects_FW\Asmita_04052026\Led_blinking\Core\Inc\gpio.h
2026-05-04 14:11:37,294 [INFO] CodeEngine:265 - oldGeneratedFile, D:\Strataroh_Git\25_SV09_Internship_Projects_FW\Asmita_04052026\Led_blinking\MXTmpFiles\cortex.tmp_save
2026-05-04 14:11:37,576 [INFO] CodeEngine:289 - Generated code: D:\Strataroh_Git\25_SV09_Internship_Projects_FW\Asmita_04052026\Led_blinking\MXTmpFiles\cortex.tmp
2026-05-04 14:11:37,595 [INFO] CodeEngine:265 - oldGeneratedFile, D:\Strataroh_Git\25_SV09_Internship_Projects_FW\Asmita_04052026\Led_blinking\Core\Src\usart.c_save
2026-05-04 14:11:38,026 [INFO] CodeEngine:289 - Generated code: D:\Strataroh_Git\25_SV09_Internship_Projects_FW\Asmita_04052026\Led_blinking\Core\Src\usart.c
2026-05-04 14:11:38,051 [INFO] CodeEngine:265 - oldGeneratedFile, D:\Strataroh_Git\25_SV09_Internship_Projects_FW\Asmita_04052026\Led_blinking\Core\Inc\usart.h_save
2026-05-04 14:11:38,256 [INFO] CodeEngine:289 - Generated code: D:\Strataroh_Git\25_SV09_Internship_Projects_FW\Asmita_04052026\Led_blinking\Core\Inc\usart.h
2026-05-04 14:11:38,287 [INFO] CodeEngine:265 - oldGeneratedFile, D:\Strataroh_Git\25_SV09_Internship_Projects_FW\Asmita_04052026\Led_blinking\Core\Src\stm32c0xx_it.c_save
2026-05-04 14:11:38,675 [INFO] CodeEngine:289 - Generated code: D:\Strataroh_Git\25_SV09_Internship_Projects_FW\Asmita_04052026\Led_blinking\Core\Src\stm32c0xx_it.c
2026-05-04 14:11:38,684 [INFO] CodeEngine:265 - oldGeneratedFile, D:\Strataroh_Git\25_SV09_Internship_Projects_FW\Asmita_04052026\Led_blinking\Core\Inc\stm32c0xx_it.h_save
2026-05-04 14:11:38,800 [INFO] CodeEngine:289 - Generated code: D:\Strataroh_Git\25_SV09_Internship_Projects_FW\Asmita_04052026\Led_blinking\Core\Inc\stm32c0xx_it.h
2026-05-04 14:11:38,911 [INFO] CodeEngine:265 - oldGeneratedFile, D:\Strataroh_Git\25_SV09_Internship_Projects_FW\Asmita_04052026\Led_blinking\Core\Src\stm32c0xx_hal_msp.c_save
2026-05-04 14:11:39,155 [INFO] CodeEngine:289 - Generated code: D:\Strataroh_Git\25_SV09_Internship_Projects_FW\Asmita_04052026\Led_blinking\Core\Src\stm32c0xx_hal_msp.c
2026-05-04 14:11:39,161 [INFO] CodeEngine:265 - oldGeneratedFile, D:\Strataroh_Git\25_SV09_Internship_Projects_FW\Asmita_04052026\Led_blinking\MXTmpFiles\system.tmp_save
2026-05-04 14:11:39,270 [INFO] CodeEngine:289 - Generated code: D:\Strataroh_Git\25_SV09_Internship_Projects_FW\Asmita_04052026\Led_blinking\MXTmpFiles\system.tmp
2026-05-04 14:11:39,288 [INFO] CodeEngine:321 - oldGeneratedFile, D:\Strataroh_Git\25_SV09_Internship_Projects_FW\Asmita_04052026\Led_blinking\Core\Inc\stm32c0xx_hal_conf.h_save
2026-05-04 14:11:39,547 [INFO] CodeEngine:345 - Generated code: D:\Strataroh_Git\25_SV09_Internship_Projects_FW\Asmita_04052026\Led_blinking\Core\Inc\stm32c0xx_hal_conf.h
2026-05-04 14:11:39,577 [WARN] IPConfigManager:3238 - Warning: the RefConfig RCC_PClockConfig is not available in your config.xml file
2026-05-04 14:11:39,578 [WARN] IPConfigManager:3238 - Warning: the RefConfig RCC_interrupt_Time_SYSTICK_Config is not available in your config.xml file
2026-05-04 14:11:39,605 [INFO] ApiDbMcu:532 - Load IP Config File for USART2
2026-05-04 14:11:39,618 [INFO] CodeEngine:265 - oldGeneratedFile, D:\Strataroh_Git\25_SV09_Internship_Projects_FW\Asmita_04052026\Led_blinking\Core\Inc\main.h_save
2026-05-04 14:11:39,925 [INFO] CodeEngine:289 - Generated code: D:\Strataroh_Git\25_SV09_Internship_Projects_FW\Asmita_04052026\Led_blinking\Core\Inc\main.h
2026-05-04 14:11:39,934 [INFO] CodeEngine:265 - oldGeneratedFile, D:\Strataroh_Git\25_SV09_Internship_Projects_FW\Asmita_04052026\Led_blinking\Core\Src\main.c_save
2026-05-04 14:11:40,176 [INFO] CodeEngine:289 - Generated code: D:\Strataroh_Git\25_SV09_Internship_Projects_FW\Asmita_04052026\Led_blinking\Core\Src\main.c
2026-05-04 14:11:40,858 [INFO] ProjectBuilder:3606 - Time for Copy HAL[1] : 331mS.
2026-05-04 14:11:40,865 [INFO] ProjectBuilder:5216 - Project Generator version: 4.7.0-B52
2026-05-04 14:11:41,064 [INFO] ConfigFileManager:1595 - The Die is : DIE493
2026-05-04 14:11:42,703 [INFO] ProjectBuilder:5496 - Time for Generating toolchain IDE Files: 1838mS.
2026-05-04 14:11:42,704 [INFO] ProjectBuilder:3463 - Time for Copy CMSIS : 0mS.
2026-05-04 14:11:42,707 [INFO] ProjectBuilder:3463 - Time for Copy CMSIS : 0mS.
2026-05-04 14:22:31,409 [INFO] WebApp:194 - Connection lost
2026-05-04 14:22:31,841 [INFO] WebApp:191 - Connection restablished
2026-05-04 14:46:12,314 [INFO] Gpio:278 - dependency for GPIO [RCC]
2026-05-04 14:47:00,282 [INFO] UtilMem:75 - End SaveConfig() Used Memory: 887224432 Bytes (1073741824)
2026-05-04 14:47:00,778 [INFO] UtilMem:75 - End SaveConfig() Used Memory: 917633136 Bytes (1073741824)
2026-05-04 14:47:02,478 [INFO] UtilMem:75 - End SaveConfig() Used Memory: 1014128120 Bytes (1073741824)
2026-05-04 14:47:03,037 [INFO] BlockDiagram:2775 - set Specific Code input for plugin: NVIC
2026-05-04 14:47:03,037 [INFO] BlockDiagram:2775 - set Specific Code input for plugin: SYS
2026-05-04 14:47:03,038 [INFO] BlockDiagram:2775 - set Specific Code input for plugin: GPIO
2026-05-04 14:47:03,038 [INFO] BlockDiagram:2775 - set Specific Code input for plugin: RCC
2026-05-04 14:47:03,040 [INFO] CodeGenerator:892 - code generatio: config db path: D:\STM32CubeIDE_1.19.0\STM32CubeIDE\plugins\com.st.stm32cube.common.mx_6.15.0.202507011659\\db\
2026-05-04 14:47:03,194 [INFO] CodeEngine:265 - oldGeneratedFile, D:\Strataroh_Git\25_SV09_Internship_Projects_FW\Asmita_04052026\Led_blinking\MXTmpFiles\license.tmp_save
2026-05-04 14:47:03,793 [INFO] CodeEngine:289 - Generated code: D:\Strataroh_Git\25_SV09_Internship_Projects_FW\Asmita_04052026\Led_blinking\MXTmpFiles\license.tmp
2026-05-04 14:47:03,868 [INFO] CodeEngine:265 - oldGeneratedFile, D:\Strataroh_Git\25_SV09_Internship_Projects_FW\Asmita_04052026\Led_blinking\Core\Src\gpio.c_save
2026-05-04 14:47:04,291 [INFO] CodeEngine:289 - Generated code: D:\Strataroh_Git\25_SV09_Internship_Projects_FW\Asmita_04052026\Led_blinking\Core\Src\gpio.c
2026-05-04 14:47:04,302 [INFO] CodeEngine:265 - oldGeneratedFile, D:\Strataroh_Git\25_SV09_Internship_Projects_FW\Asmita_04052026\Led_blinking\Core\Inc\gpio.h_save
2026-05-04 14:47:04,498 [INFO] CodeEngine:289 - Generated code: D:\Strataroh_Git\25_SV09_Internship_Projects_FW\Asmita_04052026\Led_blinking\Core\Inc\gpio.h
2026-05-04 14:47:04,613 [INFO] CodeEngine:265 - oldGeneratedFile, D:\Strataroh_Git\25_SV09_Internship_Projects_FW\Asmita_04052026\Led_blinking\MXTmpFiles\cortex.tmp_save
2026-05-04 14:47:04,882 [INFO] CodeEngine:289 - Generated code: D:\Strataroh_Git\25_SV09_Internship_Projects_FW\Asmita_04052026\Led_blinking\MXTmpFiles\cortex.tmp
2026-05-04 14:47:04,901 [INFO] CodeEngine:265 - oldGeneratedFile, D:\Strataroh_Git\25_SV09_Internship_Projects_FW\Asmita_04052026\Led_blinking\Core\Src\stm32c0xx_it.c_save
2026-05-04 14:47:05,590 [INFO] CodeEngine:289 - Generated code: D:\Strataroh_Git\25_SV09_Internship_Projects_FW\Asmita_04052026\Led_blinking\Core\Src\stm32c0xx_it.c
2026-05-04 14:47:05,601 [INFO] CodeEngine:265 - oldGeneratedFile, D:\Strataroh_Git\25_SV09_Internship_Projects_FW\Asmita_04052026\Led_blinking\Core\Inc\stm32c0xx_it.h_save
2026-05-04 14:47:05,768 [INFO] CodeEngine:289 - Generated code: D:\Strataroh_Git\25_SV09_Internship_Projects_FW\Asmita_04052026\Led_blinking\Core\Inc\stm32c0xx_it.h
2026-05-04 14:47:05,827 [INFO] CodeEngine:265 - oldGeneratedFile, D:\Strataroh_Git\25_SV09_Internship_Projects_FW\Asmita_04052026\Led_blinking\Core\Src\stm32c0xx_hal_msp.c_save
2026-05-04 14:47:06,156 [INFO] CodeEngine:289 - Generated code: D:\Strataroh_Git\25_SV09_Internship_Projects_FW\Asmita_04052026\Led_blinking\Core\Src\stm32c0xx_hal_msp.c
2026-05-04 14:47:06,165 [INFO] CodeEngine:265 - oldGeneratedFile, D:\Strataroh_Git\25_SV09_Internship_Projects_FW\Asmita_04052026\Led_blinking\MXTmpFiles\system.tmp_save
2026-05-04 14:47:06,287 [INFO] CodeEngine:289 - Generated code: D:\Strataroh_Git\25_SV09_Internship_Projects_FW\Asmita_04052026\Led_blinking\MXTmpFiles\system.tmp
2026-05-04 14:47:06,304 [INFO] CodeEngine:321 - oldGeneratedFile, D:\Strataroh_Git\25_SV09_Internship_Projects_FW\Asmita_04052026\Led_blinking\Core\Inc\stm32c0xx_hal_conf.h_save
2026-05-04 14:47:06,572 [INFO] CodeEngine:345 - Generated code: D:\Strataroh_Git\25_SV09_Internship_Projects_FW\Asmita_04052026\Led_blinking\Core\Inc\stm32c0xx_hal_conf.h
2026-05-04 14:47:06,603 [WARN] IPConfigManager:3238 - Warning: the RefConfig RCC_PClockConfig is not available in your config.xml file
2026-05-04 14:47:06,603 [WARN] IPConfigManager:3238 - Warning: the RefConfig RCC_interrupt_Time_SYSTICK_Config is not available in your config.xml file
2026-05-04 14:47:06,619 [INFO] CodeEngine:265 - oldGeneratedFile, D:\Strataroh_Git\25_SV09_Internship_Projects_FW\Asmita_04052026\Led_blinking\Core\Inc\main.h_save
2026-05-04 14:47:06,896 [INFO] CodeEngine:289 - Generated code: D:\Strataroh_Git\25_SV09_Internship_Projects_FW\Asmita_04052026\Led_blinking\Core\Inc\main.h
2026-05-04 14:47:06,907 [INFO] CodeEngine:265 - oldGeneratedFile, D:\Strataroh_Git\25_SV09_Internship_Projects_FW\Asmita_04052026\Led_blinking\Core\Src\main.c_save
2026-05-04 14:47:07,093 [INFO] CodeEngine:289 - Generated code: D:\Strataroh_Git\25_SV09_Internship_Projects_FW\Asmita_04052026\Led_blinking\Core\Src\main.c
2026-05-04 14:47:07,591 [INFO] ProjectBuilder:3606 - Time for Copy HAL[1] : 234mS.
2026-05-04 14:47:07,594 [INFO] ProjectBuilder:5216 - Project Generator version: 4.7.0-B52
2026-05-04 14:47:07,727 [INFO] ConfigFileManager:1595 - The Die is : DIE493
2026-05-04 14:47:09,492 [INFO] ProjectBuilder:5496 - Time for Generating toolchain IDE Files: 1898mS.
2026-05-04 14:47:09,494 [INFO] ProjectBuilder:3463 - Time for Copy CMSIS : 0mS.
2026-05-04 14:47:09,496 [INFO] ProjectBuilder:3463 - Time for Copy CMSIS : 0mS.
2026-05-04 15:04:50,451 [INFO] NvicIntPanel:101 - NVIC parent = com.st.microxplorer.plugins.ip.nvic.MultiNvicIntPanel[,0,0,0x0,invalid,layout=javax.swing.BoxLayout,alignmentX=0.0,alignmentY=0.0,border=,flags=9,maximumSize=,minimumSize=,preferredSize=]
2026-05-04 15:05:12,833 [INFO] NvicIntPanel:101 - NVIC parent = com.st.microxplorer.plugins.ip.nvic.MultiNvicIntPanel[,0,0,0x0,invalid,layout=javax.swing.BoxLayout,alignmentX=0.0,alignmentY=0.0,border=,flags=9,maximumSize=,minimumSize=,preferredSize=]
2026-05-04 15:05:28,833 [INFO] Gpio:278 - dependency for GPIO [RCC]
2026-05-04 15:06:09,500 [INFO] NvicIntPanel:101 - NVIC parent = com.st.microxplorer.plugins.ip.nvic.MultiNvicIntPanel[,2,27,661x405,layout=javax.swing.BoxLayout,alignmentX=0.0,alignmentY=0.0,border=,flags=9,maximumSize=,minimumSize=,preferredSize=]
2026-05-04 15:06:19,163 [INFO] TabbedPanel:373 - Index of the selected tab is wrong..
2026-05-04 15:06:19,284 [INFO] Gpio:278 - dependency for GPIO [RCC]
2026-05-04 15:06:22,758 [INFO] TabbedPanel:397 - index of the selected tab is wrong..
2026-05-04 15:06:22,862 [INFO] Gpio:278 - dependency for GPIO [RCC]
2026-05-04 15:07:41,848 [INFO] UtilMem:75 - End SaveConfig() Used Memory: 941009432 Bytes (1073741824)
2026-05-04 15:07:42,066 [INFO] UtilMem:75 - End SaveConfig() Used Memory: 981381656 Bytes (1073741824)
2026-05-04 15:07:42,553 [INFO] UtilMem:75 - End SaveConfig() Used Memory: 817050224 Bytes (1073741824)
2026-05-04 15:07:42,782 [INFO] BlockDiagram:2775 - set Specific Code input for plugin: NVIC
2026-05-04 15:07:42,782 [INFO] BlockDiagram:2775 - set Specific Code input for plugin: SYS
2026-05-04 15:07:42,783 [INFO] BlockDiagram:2775 - set Specific Code input for plugin: GPIO
2026-05-04 15:07:42,783 [INFO] BlockDiagram:2775 - set Specific Code input for plugin: RCC
2026-05-04 15:07:42,785 [INFO] CodeGenerator:892 - code generatio: config db path: D:\STM32CubeIDE_1.19.0\STM32CubeIDE\plugins\com.st.stm32cube.common.mx_6.15.0.202507011659\\db\
2026-05-04 15:07:42,917 [INFO] CodeEngine:265 - oldGeneratedFile, D:\Strataroh_Git\25_SV09_Internship_Projects_FW\Asmita_04052026\Led_blinking\MXTmpFiles\license.tmp_save
2026-05-04 15:07:43,459 [INFO] CodeEngine:289 - Generated code: D:\Strataroh_Git\25_SV09_Internship_Projects_FW\Asmita_04052026\Led_blinking\MXTmpFiles\license.tmp
2026-05-04 15:07:43,525 [INFO] CodeEngine:265 - oldGeneratedFile, D:\Strataroh_Git\25_SV09_Internship_Projects_FW\Asmita_04052026\Led_blinking\Core\Src\gpio.c_save
2026-05-04 15:07:43,882 [INFO] CodeEngine:289 - Generated code: D:\Strataroh_Git\25_SV09_Internship_Projects_FW\Asmita_04052026\Led_blinking\Core\Src\gpio.c
2026-05-04 15:07:43,894 [INFO] CodeEngine:265 - oldGeneratedFile, D:\Strataroh_Git\25_SV09_Internship_Projects_FW\Asmita_04052026\Led_blinking\Core\Inc\gpio.h_save
2026-05-04 15:07:44,074 [INFO] CodeEngine:289 - Generated code: D:\Strataroh_Git\25_SV09_Internship_Projects_FW\Asmita_04052026\Led_blinking\Core\Inc\gpio.h
2026-05-04 15:07:44,175 [INFO] CodeEngine:265 - oldGeneratedFile, D:\Strataroh_Git\25_SV09_Internship_Projects_FW\Asmita_04052026\Led_blinking\MXTmpFiles\cortex.tmp_save
2026-05-04 15:07:44,452 [INFO] CodeEngine:289 - Generated code: D:\Strataroh_Git\25_SV09_Internship_Projects_FW\Asmita_04052026\Led_blinking\MXTmpFiles\cortex.tmp
2026-05-04 15:07:44,469 [INFO] CodeEngine:265 - oldGeneratedFile, D:\Strataroh_Git\25_SV09_Internship_Projects_FW\Asmita_04052026\Led_blinking\Core\Src\stm32c0xx_it.c_save
2026-05-04 15:07:45,043 [INFO] CodeEngine:289 - Generated code: D:\Strataroh_Git\25_SV09_Internship_Projects_FW\Asmita_04052026\Led_blinking\Core\Src\stm32c0xx_it.c
2026-05-04 15:07:45,052 [INFO] CodeEngine:265 - oldGeneratedFile, D:\Strataroh_Git\25_SV09_Internship_Projects_FW\Asmita_04052026\Led_blinking\Core\Inc\stm32c0xx_it.h_save
2026-05-04 15:07:45,228 [INFO] CodeEngine:289 - Generated code: D:\Strataroh_Git\25_SV09_Internship_Projects_FW\Asmita_04052026\Led_blinking\Core\Inc\stm32c0xx_it.h
2026-05-04 15:07:45,296 [INFO] CodeEngine:265 - oldGeneratedFile, D:\Strataroh_Git\25_SV09_Internship_Projects_FW\Asmita_04052026\Led_blinking\Core\Src\stm32c0xx_hal_msp.c_save
2026-05-04 15:07:45,591 [INFO] CodeEngine:289 - Generated code: D:\Strataroh_Git\25_SV09_Internship_Projects_FW\Asmita_04052026\Led_blinking\Core\Src\stm32c0xx_hal_msp.c
2026-05-04 15:07:45,599 [INFO] CodeEngine:265 - oldGeneratedFile, D:\Strataroh_Git\25_SV09_Internship_Projects_FW\Asmita_04052026\Led_blinking\MXTmpFiles\system.tmp_save
2026-05-04 15:07:45,710 [INFO] CodeEngine:289 - Generated code: D:\Strataroh_Git\25_SV09_Internship_Projects_FW\Asmita_04052026\Led_blinking\MXTmpFiles\system.tmp
2026-05-04 15:07:45,729 [INFO] CodeEngine:321 - oldGeneratedFile, D:\Strataroh_Git\25_SV09_Internship_Projects_FW\Asmita_04052026\Led_blinking\Core\Inc\stm32c0xx_hal_conf.h_save
2026-05-04 15:07:45,983 [INFO] CodeEngine:345 - Generated code: D:\Strataroh_Git\25_SV09_Internship_Projects_FW\Asmita_04052026\Led_blinking\Core\Inc\stm32c0xx_hal_conf.h
2026-05-04 15:07:46,015 [WARN] IPConfigManager:3238 - Warning: the RefConfig RCC_PClockConfig is not available in your config.xml file
2026-05-04 15:07:46,015 [WARN] IPConfigManager:3238 - Warning: the RefConfig RCC_interrupt_Time_SYSTICK_Config is not available in your config.xml file
2026-05-04 15:07:46,028 [INFO] CodeEngine:265 - oldGeneratedFile, D:\Strataroh_Git\25_SV09_Internship_Projects_FW\Asmita_04052026\Led_blinking\Core\Inc\main.h_save
2026-05-04 15:07:46,289 [INFO] CodeEngine:289 - Generated code: D:\Strataroh_Git\25_SV09_Internship_Projects_FW\Asmita_04052026\Led_blinking\Core\Inc\main.h
2026-05-04 15:07:46,298 [INFO] CodeEngine:265 - oldGeneratedFile, D:\Strataroh_Git\25_SV09_Internship_Projects_FW\Asmita_04052026\Led_blinking\Core\Src\main.c_save
2026-05-04 15:07:46,519 [INFO] CodeEngine:289 - Generated code: D:\Strataroh_Git\25_SV09_Internship_Projects_FW\Asmita_04052026\Led_blinking\Core\Src\main.c
2026-05-04 15:07:47,094 [INFO] ProjectBuilder:3606 - Time for Copy HAL[1] : 255mS.
2026-05-04 15:07:47,098 [INFO] ProjectBuilder:5216 - Project Generator version: 4.7.0-B52
2026-05-04 15:07:47,237 [INFO] ConfigFileManager:1595 - The Die is : DIE493
2026-05-04 15:07:48,452 [INFO] ProjectBuilder:5496 - Time for Generating toolchain IDE Files: 1354mS.
2026-05-04 15:07:48,453 [INFO] ProjectBuilder:3463 - Time for Copy CMSIS : 0mS.
2026-05-04 15:07:48,456 [INFO] ProjectBuilder:3463 - Time for Copy CMSIS : 0mS.
2026-05-04 15:12:45,278 [INFO] Gpio:278 - dependency for GPIO [RCC]
2026-05-04 15:12:45,440 [INFO] NvicIntPanel:101 - NVIC parent = com.st.microxplorer.plugins.ip.nvic.MultiNvicIntPanel[,0,0,0x0,invalid,layout=javax.swing.BoxLayout,alignmentX=0.0,alignmentY=0.0,border=,flags=9,maximumSize=,minimumSize=,preferredSize=]
2026-05-04 15:13:32,093 [INFO] MainUpdater:2872 - connection check result : 10
2026-05-04 15:13:32,466 [INFO] McuFinderGlobals:76 - Set McuFinderConnectedMode to true
2026-05-04 15:13:32,470 [INFO] MultiScanPanel:200 - Auto-refresh data requested => check proxy status ongoing
2026-05-04 15:13:32,471 [INFO] FinderPluginLoader:96 - Searching for filters in installed packs
2026-05-04 15:13:34,270 [INFO] LoadUrlFilesThread:185 - End of LoadServerUrlFiles without Thread
2026-05-04 15:13:34,270 [INFO] DetailPanel:341 - Set advertising image to C:/Users/Asmita Milind Bagad/STM32Cube/Repository/\en.prom-stm32wba2-stm32-nucleo-board-0426.png
2026-05-04 15:13:40,276 [INFO] MultiScanPanel:200 - Auto-refresh data requested => check proxy status ongoing
2026-05-04 15:13:40,456 [INFO] LoadUrlFilesThread:185 - End of LoadServerUrlFiles without Thread
2026-05-04 15:13:40,457 [INFO] DetailPanel:341 - Set advertising image to C:/Users/Asmita Milind Bagad/STM32Cube/Repository/\en.prom-stm32wba2-stm32-nucleo-board-0426.png
2026-05-04 15:13:43,211 [INFO] ApiDb:581 - Connected to CubeFinder SQLite database (C:\Users\Asmita Milind Bagad\.stmcufinder\plugins\mcufinder\mcu\cube-finder-db.db)
2026-05-04 15:14:23,547 [INFO] MainUpdater:2872 - connection check result : 10
2026-05-04 15:14:23,547 [INFO] MainUpdater:2872 - connection check result : 10
2026-05-04 15:14:23,800 [INFO] MicroXplorer:468 - Change Database Path : 
2026-05-04 15:14:23,801 [INFO] MicroXplorer:498 - Change Database Version : DB.6.0.150
2026-05-04 15:14:23,852 [ERROR] ProjectManagerView:395 - 
java.lang.NullPointerException: Cannot invoke "javax.swing.JTextField.getText()" because the return value of "java.util.List.get(int)" is null
	at com.st.microxplorer.plugins.projectmanager.gui.ProjectChoiceTab$9.caretUpdate(ProjectChoiceTab.java:2706) ~[filemanager.jar:?]
	at javax.swing.text.JTextComponent.fireCaretUpdate(JTextComponent.java:408) ~[?:?]
	at javax.swing.text.JTextComponent$MutableCaretEvent.fire(JTextComponent.java:4484) ~[?:?]
	at javax.swing.text.JTextComponent$MutableCaretEvent.stateChanged(JTextComponent.java:4506) ~[?:?]
	at javax.swing.text.DefaultCaret.fireStateChanged(DefaultCaret.java:857) ~[?:?]
	at javax.swing.text.DefaultCaret.changeCaretPosition(DefaultCaret.java:1343) ~[?:?]
	at javax.swing.text.DefaultCaret.handleSetDot(DefaultCaret.java:1242) ~[?:?]
	at javax.swing.text.DefaultCaret.setDot(DefaultCaret.java:1223) ~[?:?]
	at javax.swing.text.DefaultCaret$Handler.insertUpdate(DefaultCaret.java:1819) ~[?:?]
	at javax.swing.text.AbstractDocument.fireInsertUpdate(AbstractDocument.java:227) ~[?:?]
	at javax.swing.text.AbstractDocument.handleInsertString(AbstractDocument.java:781) ~[?:?]
	at javax.swing.text.AbstractDocument.insertString(AbstractDocument.java:740) ~[?:?]
	at javax.swing.text.PlainDocument.insertString(PlainDocument.java:131) ~[?:?]
	at javax.swing.text.AbstractDocument.replace(AbstractDocument.java:699) ~[?:?]
	at javax.swing.text.JTextComponent.setText(JTextComponent.java:1725) ~[?:?]
	at com.st.microxplorer.plugins.projectmanager.gui.ProjectChoiceTab.createHeapStackFields(ProjectChoiceTab.java:993) ~[filemanager.jar:?]
	at com.st.microxplorer.plugins.projectmanager.gui.ProjectChoiceTab.buildLinkSettingsPanel(ProjectChoiceTab.java:3813) ~[filemanager.jar:?]
	at com.st.microxplorer.plugins.projectmanager.gui.ProjectChoiceTab.defineWindowsFields(ProjectChoiceTab.java:1987) ~[filemanager.jar:?]
	at com.st.microxplorer.plugins.projectmanager.gui.ProjectChoiceTab.updateSettings(ProjectChoiceTab.java:558) ~[filemanager.jar:?]
	at com.st.microxplorer.plugins.projectmanager.gui.ProjectSettingsPanel.UpdateDialog(ProjectSettingsPanel.java:247) ~[filemanager.jar:?]
	at com.st.microxplorer.plugins.projectmanager.ProjectManagerView.propertyChange(ProjectManagerView.java:392) ~[filemanager.jar:?]
	at java.beans.PropertyChangeSupport.fire(PropertyChangeSupport.java:343) ~[?:?]
	at java.beans.PropertyChangeSupport.firePropertyChange(PropertyChangeSupport.java:335) ~[?:?]
	at java.beans.PropertyChangeSupport.firePropertyChange(PropertyChangeSupport.java:268) ~[?:?]
	at com.st.microxplorer.util.MXPropertyChangeSupport.firePropertyChange(MXPropertyChangeSupport.java:54) ~[STM32CubeMX.jar:?]
	at com.st.microxplorer.mxsystem.MxSystem.closeConfig(MxSystem.java:899) ~[STM32CubeMX.jar:?]
	at com.st.microxplorer.maingui.MainPanel.closeConfig(MainPanel.java:792) ~[STM32CubeMX.jar:?]
	at com.st.microxplorer.plugins.filemanager.engine.OpenFileManager.loadConfigurationFile(OpenFileManager.java:288) ~[filemanager.jar:?]
	at com.st.microxplorer.plugins.filemanager.engine.MainFileManager.userLoadConfig(MainFileManager.java:364) ~[filemanager.jar:?]
	at com.st.microxplorer.plugins.filemanager.FileManagerView.getSpecificTask(FileManagerView.java:268) ~[filemanager.jar:?]
	at com.st.stm32cube.common.mx.editor.CubeMxEditor.getMxTabbedPaneInstance(CubeMxEditor.java:1191) ~[com.st.stm32cube.common.mx_6.15.0.202507011659/:?]
	at com.st.stm32cube.common.mx.editor.CubeMxEditor$12$1.createSwingComponent(CubeMxEditor.java:1068) ~[com.st.stm32cube.common.mx_6.15.0.202507011659/:?]
	at com.st.stm32cube.common.mx.oss.core.awtswtbridge.EmbeddedSwingComposite.doComponentCreation(EmbeddedSwingComposite.java:492) ~[com.st.stm32cube.common.mx.oss_6.15.0.202507011659/:?]
	at com.st.stm32cube.common.mx.oss.core.awtswtbridge.EmbeddedSwingComposite$4.run(EmbeddedSwingComposite.java:291) ~[com.st.stm32cube.common.mx.oss_6.15.0.202507011659/:?]
	at com.st.stm32cube.common.mx.oss.core.awtswtbridge.AwtEnvironment$2.run(AwtEnvironment.java:166) ~[com.st.stm32cube.common.mx.oss_6.15.0.202507011659/:?]
	at java.awt.event.InvocationEvent.dispatch(InvocationEvent.java:318) ~[?:?]
	at java.awt.EventQueue.dispatchEventImpl(EventQueue.java:773) ~[?:?]
	at java.awt.EventQueue$4.run(EventQueue.java:720) ~[?:?]
	at java.awt.EventQueue$4.run(EventQueue.java:714) ~[?:?]
	at java.security.AccessController.doPrivileged(AccessController.java:400) ~[?:?]
	at java.security.ProtectionDomain$JavaSecurityAccessImpl.doIntersectionPrivilege(ProtectionDomain.java:87) ~[?:?]
	at java.awt.EventQueue.dispatchEvent(EventQueue.java:742) ~[?:?]
	at java.awt.EventDispatchThread.pumpOneEventForFilters(EventDispatchThread.java:203) ~[?:?]
	at java.awt.EventDispatchThread.pumpEventsForFilter(EventDispatchThread.java:124) ~[?:?]
	at java.awt.EventDispatchThread.pumpEventsForHierarchy(EventDispatchThread.java:113) ~[?:?]
	at java.awt.EventDispatchThread.pumpEvents(EventDispatchThread.java:109) ~[?:?]
	at java.awt.EventDispatchThread.pumpEvents(EventDispatchThread.java:101) ~[?:?]
	at java.awt.EventDispatchThread.run(EventDispatchThread.java:90) ~[?:?]
2026-05-04 15:14:23,870 [WARN] ThirdParty:871 - waiting for thirdparty lock release [close project]
2026-05-04 15:14:23,870 [INFO] ThirdParty:873 - entering critical section [close project]
2026-05-04 15:14:23,870 [INFO] ThirdParty:883 - exiting critical section [close project]
2026-05-04 15:14:23,874 [INFO] PinOutPanel:1589 - setPackage(No Configuration,No Configuration)
2026-05-04 15:14:23,881 [INFO] UtilMem:75 - Begin LoadConfig() Used Memory: 931513512 Bytes (1073741824)
2026-05-04 15:14:23,882 [INFO] OpenFileManager:355 - Change cursor
2026-05-04 15:14:23,964 [INFO] RulesReader:64 - Compatibility file has been processed (317 Rules)
2026-05-04 15:14:23,993 [INFO] Mcu:2029 - Initializing MCU STM32C071RBTx STM32C071RBTx STM32C071RBT6
2026-05-04 15:14:26,360 [INFO] Context:786 - Trying to add GPIOservice into a context  which must be forbidden
2026-05-04 15:14:26,742 [INFO] Rule:233 - rule Adapt Old IOC before rework replace old CORTEX_M33/CORTEX_M55 attributes by the new one. is applicable
2026-05-04 15:14:26,743 [INFO] Rule:233 - rule Rename parametre of RCC RCC_APBDBG_DIV2 to RCC_TIMPRES_DIV2 is applicable
2026-05-04 15:14:26,743 [INFO] Rule:233 - rule Rename DIE493 pin PA10 [PA12] -> PA10 is applicable
2026-05-04 15:14:26,743 [INFO] Rule:233 - rule Rename DIE493 pin PA9 [PA11] -> PA9 is applicable
2026-05-04 15:14:26,744 [INFO] Rule:233 - rule Rename DIE492 PartNumber CPN STM32WBA5MJGHx -> STM32WBA5MMGHx is applicable
2026-05-04 15:14:26,744 [INFO] Rule:233 - rule Rename DIE492 PartNumber  Name STM32WBA5MJGHx -> STM32WBA5MMGHx is applicable
2026-05-04 15:14:26,744 [INFO] Rule:233 - rule Rename DIE492 PartNumber UserName STM32WBA5MJGHx -> STM32WBA5MMGHx is applicable
2026-05-04 15:14:26,744 [INFO] Rule:233 - rule Rename DIE492 PartNumber DeviceId STM32WBA5MJGHx -> STM32WBA5MMGHx is applicable
2026-05-04 15:14:26,744 [INFO] Rule:233 - rule Adapt Old IOC CSI. is applicable
2026-05-04 15:14:26,744 [INFO] Rule:233 - rule Adapt Old IOC DCMIPP. is applicable
2026-05-04 15:14:26,745 [INFO] Rule:233 - rule Adapt Old IOC DCMIPP Mode Parallel. is applicable
2026-05-04 15:14:26,745 [INFO] Rule:233 - rule Adapt Old IOC LTDC. is applicable
2026-05-04 15:14:26,745 [INFO] Rule:233 - rule Rename STM32MP2 RIF Peripheral LTDC RIF.RISUP.LTDC_L0L1.Privilege -> RIF.RISUP.LTDC_L1L2.Privilege is applicable
2026-05-04 15:14:26,745 [INFO] Rule:233 - rule Rename STM32MP2 RIF Peripheral LTDC RIF.RISUP.LTDC_L0L1.Privilege -> RIF.RISUP.LTDC_L1L2.Privilege is applicable
2026-05-04 15:14:26,745 [INFO] Rule:233 - rule Rename STM32MP2 RIF Peripheral LTDC RIF.RISUP.LTDC_L0L1.Lock -> RIF.RISUP.LTDC_L1L2.Lock is applicable
2026-05-04 15:14:26,745 [INFO] Rule:233 - rule Rename STM32MP2 RIF Peripheral LTDC RIF.RISUP.LTDC_L2.Lock -> RIF.RISUP.LTDC_L3.Lock is applicable
2026-05-04 15:14:26,746 [INFO] Rule:233 - rule Adapt the old IOC example for updating the SYS when it is misconfigured. is applicable
2026-05-04 15:14:26,746 [INFO] Rule:233 - rule Rename STM32C09 Mcu.Package LQFP64 -> LQFP48 is applicable
2026-05-04 15:14:26,746 [INFO] Rule:233 - rule Adapt the old IOC example for updating the SYS when it is misconfigured. is applicable
2026-05-04 15:14:26,746 [INFO] Rule:233 - rule Adapt the old IOC example for updating the SYS when it is misconfigured. is applicable
2026-05-04 15:14:26,748 [INFO] DbConfProperties:307 - Apply Compatibility (6/20 Rules)
2026-05-04 15:14:26,831 [INFO] ApiDbMcu:532 - Load IP Config File for NUCLEO-C071RB
2026-05-04 15:14:26,946 [INFO] ImportTextPane:234 - (OptionalMessage_ERROR) Pin6 (VP_RIF_VS_RIF1) cannot be retrieved for this MCU
2026-05-04 15:14:27,147 [WARN] ModelIntegratedComponent:63 - No mode defined for component null
2026-05-04 15:14:27,147 [WARN] ModelIntegratedComponent:63 - No mode defined for component null
2026-05-04 15:14:27,147 [WARN] ModelIntegratedComponent:63 - No mode defined for component null
2026-05-04 15:14:27,148 [WARN] ModelIntegratedComponent:63 - No mode defined for component null
2026-05-04 15:14:27,148 [WARN] ModelIntegratedComponent:63 - No mode defined for component null
2026-05-04 15:14:27,148 [WARN] ModelIntegratedComponent:63 - No mode defined for component null
2026-05-04 15:14:27,148 [WARN] ModelIntegratedComponent:63 - No mode defined for component null
2026-05-04 15:14:27,148 [WARN] ModelIntegratedComponent:63 - No mode defined for component null
2026-05-04 15:14:27,148 [WARN] ModelIntegratedComponent:63 - No mode defined for component null
2026-05-04 15:14:27,149 [WARN] ModelIntegratedComponent:63 - No mode defined for component null
2026-05-04 15:14:27,149 [WARN] ModelIntegratedComponent:63 - No mode defined for component null
2026-05-04 15:14:27,149 [WARN] ModelIntegratedComponent:63 - No mode defined for component null
2026-05-04 15:14:27,149 [WARN] ModelIntegratedComponent:63 - No mode defined for component null
2026-05-04 15:14:27,149 [WARN] ModelIntegratedComponent:63 - No mode defined for component null
2026-05-04 15:14:27,149 [WARN] ModelIntegratedComponent:63 - No mode defined for component null
2026-05-04 15:14:27,149 [WARN] ModelIntegratedComponent:63 - No mode defined for component null
2026-05-04 15:14:27,149 [WARN] ModelIntegratedComponent:63 - No mode defined for component null
2026-05-04 15:14:27,150 [WARN] ModelIntegratedComponent:63 - No mode defined for component null
2026-05-04 15:14:27,150 [WARN] ModelIntegratedComponent:63 - No mode defined for component null
2026-05-04 15:14:27,150 [WARN] ModelIntegratedComponent:63 - No mode defined for component null
2026-05-04 15:14:27,150 [WARN] ModelIntegratedComponent:63 - No mode defined for component null
2026-05-04 15:14:27,150 [WARN] ModelIntegratedComponent:63 - No mode defined for component null
2026-05-04 15:14:27,150 [WARN] ModelIntegratedComponent:63 - No mode defined for component null
2026-05-04 15:14:27,150 [WARN] ModelIntegratedComponent:63 - No mode defined for component null
2026-05-04 15:14:27,150 [WARN] ModelIntegratedComponent:63 - No mode defined for component null
2026-05-04 15:14:27,150 [WARN] ModelIntegratedComponent:63 - No mode defined for component null
2026-05-04 15:14:27,151 [WARN] ModelIntegratedComponent:63 - No mode defined for component null
2026-05-04 15:14:27,151 [WARN] ModelIntegratedComponent:63 - No mode defined for component null
2026-05-04 15:14:27,151 [WARN] ModelIntegratedComponent:63 - No mode defined for component null
2026-05-04 15:14:27,151 [WARN] ModelIntegratedComponent:63 - No mode defined for component null
2026-05-04 15:14:27,151 [WARN] ModelIntegratedComponent:63 - No mode defined for component null
2026-05-04 15:14:27,151 [WARN] ModelIntegratedComponent:63 - No mode defined for component null
2026-05-04 15:14:27,152 [WARN] ModelIntegratedComponent:63 - No mode defined for component null
2026-05-04 15:14:27,152 [WARN] ModelIntegratedComponent:63 - No mode defined for component null
2026-05-04 15:14:27,152 [WARN] ModelIntegratedComponent:63 - No mode defined for component null
2026-05-04 15:14:27,152 [WARN] ModelPack:524 - Component already loaded: STMicroelectronics:HAL Drivers:0.0.0:STMicroelectronics:Device:STMicro_Driver:XSPI:HAL::0.0.1:HAL_XSPI
2026-05-04 15:14:27,156 [INFO] RtosManager:558 - Registered RTOS mode: class=RTOS, group=ThreadX, mode=Core, owner=THREADX
2026-05-04 15:14:27,381 [INFO] ThirdPartyModel:298 - Start build external matchings
2026-05-04 15:14:29,172 [INFO] ThirdPartyModel:316 - End build external matchings
2026-05-04 15:14:29,507 [INFO] UtilMem:75 - End LoadConfig() Used Memory: 884367760 Bytes (1073741824)
2026-05-04 15:14:43,056 [INFO] BspBoardWizard:580 - Analytics plugin initialized with success
2026-05-04 15:14:43,651 [INFO] BspBoardWizard:580 - Analytics plugin initialized with success
2026-05-04 15:14:43,739 [INFO] BspBoardWizard:580 - Analytics plugin initialized with success
2026-05-04 15:14:43,867 [WARN] ThirdParty:833 - waiting for thirdparty lock release [change project]
2026-05-04 15:14:43,869 [INFO] ThirdParty:835 - entering critical section [change project]
2026-05-04 15:14:43,869 [INFO] ThirdParty:1030 - CMSIS Pack Vendor :STMicroelectronics X-CUBE-AZRTOS-H7 3.5.0
2026-05-04 15:14:43,869 [INFO] ThirdParty:1030 - CMSIS Pack Vendor :STMicroelectronics X-CUBE-PM33A1 1.0.0
2026-05-04 15:14:43,869 [INFO] ThirdParty:1030 - CMSIS Pack Vendor :STMicroelectronics USBPD 4.1
2026-05-04 15:14:43,870 [INFO] ThirdParty:1030 - CMSIS Pack Vendor :STMicroelectronics X-CUBE-NFC9 1.0.0
2026-05-04 15:14:43,870 [INFO] ThirdParty:1030 - CMSIS Pack Vendor :STMicroelectronics USB_HOST 2.0.0
2026-05-04 15:14:43,870 [INFO] ThirdParty:1030 - CMSIS Pack Vendor :STMicroelectronics FP-SNS-MOTENVWB1 1.4.0
2026-05-04 15:14:43,870 [INFO] ThirdParty:1030 - CMSIS Pack Vendor :STMicroelectronics X-CUBE-AZRTOS-F4 1.1.0
2026-05-04 15:14:43,870 [INFO] ThirdParty:1030 - CMSIS Pack Vendor :STMicroelectronics LIBJPEG 8.0.0
2026-05-04 15:14:43,870 [INFO] ThirdParty:1030 - CMSIS Pack Vendor :STMicroelectronics FP-ATR-ASTRA1 2.0.2
2026-05-04 15:14:43,870 [INFO] ThirdParty:1030 - CMSIS Pack Vendor :wolfSSL I-CUBE-wolfSSL 5.8.2
2026-05-04 15:14:43,871 [INFO] ThirdParty:1030 - CMSIS Pack Vendor :STMicroelectronics X-CUBE-BLE1 7.1.0
2026-05-04 15:14:43,871 [INFO] ThirdParty:1030 - CMSIS Pack Vendor :STMicroelectronics X-CUBE-SMBUS 2.1.0
2026-05-04 15:14:43,871 [INFO] ThirdParty:1030 - CMSIS Pack Vendor :wolfSSL I-CUBE-wolfMQTT 1.19.2
2026-05-04 15:14:43,871 [INFO] ThirdParty:1030 - CMSIS Pack Vendor :STMicroelectronics USB_DEVICE 3.0.0
2026-05-04 15:14:43,871 [INFO] ThirdParty:1030 - CMSIS Pack Vendor :STMicroelectronics X-CUBE-ISPU 2.1.0
2026-05-04 15:14:43,871 [INFO] ThirdParty:1030 - CMSIS Pack Vendor :STMicroelectronics X-CUBE-FREERTOS 1.4.0
2026-05-04 15:14:43,871 [INFO] ThirdParty:1030 - CMSIS Pack Vendor :STMicroelectronics eDS-WB_DPC_TT-BIDIR 2.1.1
2026-05-04 15:14:43,871 [INFO] ThirdParty:1030 - CMSIS Pack Vendor :STMicroelectronics X-CUBE-AZRTOS-WB 2.0.0
2026-05-04 15:14:43,871 [INFO] ThirdParty:1030 - CMSIS Pack Vendor :STMicroelectronics X-CUBE-AZRTOS-F7 1.1.0
2026-05-04 15:14:43,871 [INFO] ThirdParty:1030 - CMSIS Pack Vendor :STMicroelectronics X-CUBE-AZRTOS-L5 2.0.0
2026-05-04 15:14:43,872 [INFO] ThirdParty:1030 - CMSIS Pack Vendor :STMicroelectronics USB_DEVICE 2.0.0
2026-05-04 15:14:43,872 [INFO] ThirdParty:1030 - CMSIS Pack Vendor :STMicroelectronics X-CUBE-NFC6 3.1.0
2026-05-04 15:14:43,872 [INFO] ThirdParty:1030 - CMSIS Pack Vendor :Cesanta I-CUBE-Mongoose 7.19.0
2026-05-04 15:14:43,872 [INFO] ThirdParty:1030 - CMSIS Pack Vendor :STMicroelectronics FP-SNS-STAIOTCFT 1.1.0
2026-05-04 15:14:43,872 [INFO] ThirdParty:1030 - CMSIS Pack Vendor :quantropi X-CUBE-qispace-sdk-base 2.1.0
2026-05-04 15:14:43,872 [INFO] ThirdParty:1030 - CMSIS Pack Vendor :STMicroelectronics X-CUBE-MEMS1 12.0.0
2026-05-04 15:14:43,872 [INFO] ThirdParty:1030 - CMSIS Pack Vendor :STMicroelectronics X-CUBE-STSE01 2.0.0
2026-05-04 15:14:43,872 [INFO] ThirdParty:1030 - CMSIS Pack Vendor :STMicroelectronics FreeRTOS 0.0.1
2026-05-04 15:14:43,872 [INFO] ThirdParty:1030 - CMSIS Pack Vendor :STMicroelectronics X-CUBE-AZRTOS-G0 1.1.0
2026-05-04 15:14:43,872 [INFO] ThirdParty:1030 - CMSIS Pack Vendor :STMicroelectronics X-CUBE-SAFEA1 1.2.2
2026-05-04 15:14:43,873 [INFO] ThirdParty:1030 - CMSIS Pack Vendor :STMicroelectronics X-CUBE-NFC4 3.0.0
2026-05-04 15:14:43,873 [INFO] ThirdParty:1030 - CMSIS Pack Vendor :STMicroelectronics X-CUBE-SUBG2 5.0.0
2026-05-04 15:14:43,873 [INFO] ThirdParty:1030 - CMSIS Pack Vendor :STMicroelectronics X-CUBE-AZRTOS-H7RS 1.1.0
2026-05-04 15:14:43,873 [INFO] ThirdParty:1030 - CMSIS Pack Vendor :STMicroelectronics STM32_WPAN 1.0.0
2026-05-04 15:14:43,873 [INFO] ThirdParty:1030 - CMSIS Pack Vendor :STMicroelectronics eDS-WB_DPC_VIENNA 1.2.0
2026-05-04 15:14:43,873 [INFO] ThirdParty:1030 - CMSIS Pack Vendor :EmbeddedOffice I-CUBE-FS-RTOS 1.0.1
2026-05-04 15:14:43,873 [INFO] ThirdParty:1030 - CMSIS Pack Vendor :STMicroelectronics lwIP 2.0.3
2026-05-04 15:14:43,874 [INFO] ThirdParty:1030 - CMSIS Pack Vendor :WES I-CUBE-Cesium 1.4.0
2026-05-04 15:14:43,874 [INFO] ThirdParty:1030 - CMSIS Pack Vendor :STMicroelectronics eDS-WB_DPC_3PH2L-BIDIR 1.1.1
2026-05-04 15:14:43,874 [INFO] ThirdParty:1030 - CMSIS Pack Vendor :STMicroelectronics USB_HOST 1.0.0
2026-05-04 15:14:43,874 [INFO] ThirdParty:1030 - CMSIS Pack Vendor :Infineon AIROC-Wi-Fi-Bluetooth-STM32 1.7.1
2026-05-04 15:14:43,874 [INFO] ThirdParty:1030 - CMSIS Pack Vendor :STMicroelectronics X-CUBE-AZRTOS-G4 2.0.0
2026-05-04 15:14:43,874 [INFO] ThirdParty:1030 - CMSIS Pack Vendor :STMicroelectronics X-CUBE-WB05N 2.0.0
2026-05-04 15:14:43,874 [INFO] ThirdParty:1030 - CMSIS Pack Vendor :STMicroelectronics PDM2PCM 3.1.0
2026-05-04 15:14:43,874 [INFO] ThirdParty:1030 - CMSIS Pack Vendor :STMicroelectronics PDM2PCM 3.3.0
2026-05-04 15:14:43,875 [INFO] ThirdParty:1030 - CMSIS Pack Vendor :wolfSSL I-CUBE-wolfTPM 3.8.0
2026-05-04 15:14:43,875 [INFO] ThirdParty:1030 - CMSIS Pack Vendor :STMicroelectronics X-CUBE-AZRTOS-H7 3.4.0
2026-05-04 15:14:43,875 [INFO] ThirdParty:1030 - CMSIS Pack Vendor :STMicroelectronics X-CUBE-DISPLAY 3.0.0
2026-05-04 15:14:43,875 [INFO] ThirdParty:1030 - CMSIS Pack Vendor :wolfSSL I-CUBE-wolfSSH 1.4.20
2026-05-04 15:14:43,875 [INFO] ThirdParty:1030 - CMSIS Pack Vendor :STMicroelectronics X-CUBE-NFC7 2.0.0
2026-05-04 15:14:43,875 [INFO] ThirdParty:1030 - CMSIS Pack Vendor :STMicroelectronics X-CUBE-GNSS1 7.1.1
2026-05-04 15:14:43,875 [INFO] ThirdParty:1030 - CMSIS Pack Vendor :STMicroelectronics FP-SNS-MOTENVWB1 1.5.0
2026-05-04 15:14:43,875 [INFO] ThirdParty:1030 - CMSIS Pack Vendor :STMicroelectronics X-CUBE-TCPP 4.2.0
2026-05-04 15:14:43,875 [INFO] ThirdParty:1030 - CMSIS Pack Vendor :RealThread X-CUBE-RT-Thread_Nano 4.1.1
2026-05-04 15:14:43,875 [INFO] ThirdParty:1030 - CMSIS Pack Vendor :STMicroelectronics FP-ATR-SIGFOX1 3.2.0
2026-05-04 15:14:43,875 [INFO] ThirdParty:1030 - CMSIS Pack Vendor :STMicroelectronics X-CUBE-NFC10 1.0.0
2026-05-04 15:14:43,875 [INFO] ThirdParty:1030 - CMSIS Pack Vendor :STMicroelectronics X-CUBE-FREERTOS 1.3.1
2026-05-04 15:14:43,876 [INFO] ThirdParty:1030 - CMSIS Pack Vendor :STMicroelectronics HAL Drivers 0.0.0
2026-05-04 15:14:43,876 [INFO] ThirdParty:1030 - CMSIS Pack Vendor :STMicroelectronics X-CUBE-FREERTOS 1.5.0
2026-05-04 15:14:43,876 [INFO] ThirdParty:1030 - CMSIS Pack Vendor :STMicroelectronics MBEDTLS 2.16.2
2026-05-04 15:14:43,876 [INFO] ThirdParty:1030 - CMSIS Pack Vendor :STMicroelectronics X-CUBE-ALS 1.0.2
2026-05-04 15:14:43,876 [INFO] ThirdParty:1030 - CMSIS Pack Vendor :emotas I-CUBE-CANOPEN 1.3.0
2026-05-04 15:14:43,876 [INFO] ThirdParty:1030 - CMSIS Pack Vendor :STMicroelectronics MBEDTLS 2.14.1
2026-05-04 15:14:43,876 [INFO] ThirdParty:1030 - CMSIS Pack Vendor :STMicroelectronics X-CUBE-GNSS1 7.1.0
2026-05-04 15:14:43,876 [INFO] ThirdParty:1030 - CMSIS Pack Vendor :ITTIA_DB I-CUBE-ITTIADB 8.9.0
2026-05-04 15:14:43,876 [INFO] ThirdParty:1030 - CMSIS Pack Vendor :STMicroelectronics X-CUBE-TOUCHGFX 4.26.0
2026-05-04 15:14:43,876 [INFO] ThirdParty:1030 - CMSIS Pack Vendor :STMicroelectronics X-CUBE-STSE01 1.0.0
2026-05-04 15:14:43,876 [INFO] ThirdParty:1030 - CMSIS Pack Vendor :STMicroelectronics X-CUBE-TOUCHGFX 4.26.1
2026-05-04 15:14:43,876 [INFO] ThirdParty:1030 - CMSIS Pack Vendor :STMicroelectronics X-CUBE-NFC6 3.2.0
2026-05-04 15:14:43,876 [INFO] ThirdParty:1030 - CMSIS Pack Vendor :STMicroelectronics FP-SNS-STAIOTCFT 1.0.0
2026-05-04 15:14:43,876 [INFO] ThirdParty:1030 - CMSIS Pack Vendor :STMicroelectronics ThreadX 1.0.0
2026-05-04 15:14:43,878 [INFO] ThirdParty:1030 - CMSIS Pack Vendor :STMicroelectronics FP-SNS-SMARTAG2 1.2.0
2026-05-04 15:14:43,878 [INFO] ThirdParty:1030 - CMSIS Pack Vendor :STMicroelectronics X-CUBE-MEMS1 12.1.0
2026-05-04 15:14:43,878 [INFO] ThirdParty:1030 - CMSIS Pack Vendor :STMicroelectronics FP-SNS-FLIGHT1 5.1.0
2026-05-04 15:14:43,878 [INFO] ThirdParty:1030 - CMSIS Pack Vendor :STMicroelectronics X-CUBE-AZRTOS-WL 2.0.0
2026-05-04 15:14:43,878 [INFO] ThirdParty:1030 - CMSIS Pack Vendor :SEGGER I-CUBE-embOS 1.3.1
2026-05-04 15:14:43,878 [INFO] ThirdParty:1030 - CMSIS Pack Vendor :STMicroelectronics X-CUBE-ALGOBUILD 1.4.0
2026-05-04 15:14:43,879 [INFO] ThirdParty:1030 - CMSIS Pack Vendor :STMicroelectronics X-CUBE-DPower 1.3.0
2026-05-04 15:14:43,879 [INFO] ThirdParty:1030 - CMSIS Pack Vendor :STMicroelectronics X-CUBE-MEMS1 11.3.0
2026-05-04 15:14:43,880 [INFO] ThirdParty:1030 - CMSIS Pack Vendor :STMicroelectronics USB_DEVICE 1.0.0
2026-05-04 15:14:43,880 [INFO] ThirdParty:1030 - CMSIS Pack Vendor :STMicroelectronics X-CUBE-AZRTOS-H7RS 1.2.0
2026-05-04 15:14:43,880 [INFO] ThirdParty:1030 - CMSIS Pack Vendor :STMicroelectronics X-CUBE-AZRTOS-L4 2.0.0
2026-05-04 15:14:43,880 [INFO] ThirdParty:1030 - CMSIS Pack Vendor :STMicroelectronics ThreadX 0.0.2
2026-05-04 15:14:43,880 [INFO] ThirdParty:1030 - CMSIS Pack Vendor :STMicroelectronics lwIP 2.1.2
2026-05-04 15:14:43,881 [INFO] ThirdParty:1030 - CMSIS Pack Vendor :STMicroelectronics X-CUBE-SFXS2LP1 4.0.0
2026-05-04 15:14:43,881 [INFO] ThirdParty:1030 - CMSIS Pack Vendor :STMicroelectronics X-CUBE-BLE2 3.3.0
2026-05-04 15:14:43,883 [INFO] ThirdParty:1030 - CMSIS Pack Vendor :Avnet-IOTCONNECT X-CUBE-iotc-st67-sdk 1.0.0
2026-05-04 15:14:43,883 [INFO] ThirdParty:1030 - CMSIS Pack Vendor :STMicroelectronics X-CUBE-TOF1 3.4.3
2026-05-04 15:14:43,883 [INFO] ThirdParty:1030 - CMSIS Pack Vendor :STMicroelectronics PDM2PCM 3.2.0
2026-05-04 15:14:43,884 [INFO] ThirdParty:1030 - CMSIS Pack Vendor :STMicroelectronics X-CUBE-WB05N 2.1.0
2026-05-04 15:14:43,884 [INFO] ThirdParty:1030 - CMSIS Pack Vendor :STMicroelectronics X-CUBE-ST67W61 1.2.0
2026-05-04 15:14:43,884 [INFO] ThirdParty:841 - exiting critical section [change project]
2026-05-04 15:14:44,091 [INFO] PinOutPanel:1589 - setPackage(No Configuration,No Configuration)
2026-05-04 15:14:44,093 [INFO] PinOutPanel:1589 - setPackage(STM32C071RBTx,LQFP64_GP)
2026-05-04 15:14:44,475 [INFO] UtilMem:75 - Before build in PCC Used Memory: 1012415952 Bytes (1073741824)
2026-05-04 15:14:45,274 [INFO] UtilMem:75 - After build in PCC Used Memory: 906449104 Bytes (1073741824)
2026-05-04 15:14:45,303 [INFO] IPUIPlugin:80 - create IPUIPlugin
2026-05-04 15:14:45,303 [INFO] IPUIPlugin:80 - create IPUIPlugin
2026-05-04 15:14:45,304 [INFO] IPUIPlugin:80 - create IPUIPlugin
2026-05-04 15:14:45,304 [INFO] IPUIPlugin:80 - create IPUIPlugin
2026-05-04 15:14:45,304 [INFO] IPUIPlugin:80 - create IPUIPlugin
2026-05-04 15:14:45,304 [INFO] IPUIPlugin:80 - create IPUIPlugin
2026-05-04 15:14:45,305 [INFO] IPUIPlugin:80 - create IPUIPlugin
2026-05-04 15:14:45,305 [INFO] IPUIPlugin:80 - create IPUIPlugin
2026-05-04 15:14:45,305 [INFO] IPUIPlugin:80 - create IPUIPlugin
2026-05-04 15:14:45,305 [INFO] IPUIPlugin:80 - create IPUIPlugin
2026-05-04 15:14:45,306 [INFO] IPUIPlugin:80 - create IPUIPlugin
2026-05-04 15:14:45,306 [INFO] IPUIPlugin:80 - create IPUIPlugin
2026-05-04 15:14:45,306 [INFO] IPUIPlugin:80 - create IPUIPlugin
2026-05-04 15:14:45,306 [INFO] IPUIPlugin:80 - create IPUIPlugin
2026-05-04 15:14:45,307 [INFO] IPUIPlugin:80 - create IPUIPlugin
2026-05-04 15:14:45,307 [INFO] IPUIPlugin:80 - create IPUIPlugin
2026-05-04 15:14:45,307 [INFO] IPUIPlugin:80 - create IPUIPlugin
2026-05-04 15:14:45,307 [INFO] IPUIPlugin:80 - create IPUIPlugin
2026-05-04 15:14:45,308 [INFO] IPUIPlugin:80 - create IPUIPlugin
2026-05-04 15:14:45,308 [INFO] IPUIPlugin:80 - create IPUIPlugin
2026-05-04 15:14:45,308 [INFO] IPUIPlugin:80 - create IPUIPlugin
2026-05-04 15:14:45,309 [INFO] IPUIPlugin:80 - create IPUIPlugin
2026-05-04 15:14:45,309 [INFO] IPUIPlugin:80 - create IPUIPlugin
2026-05-04 15:14:45,309 [INFO] IPUIPlugin:80 - create IPUIPlugin
2026-05-04 15:14:45,309 [INFO] IPUIPlugin:80 - create IPUIPlugin
2026-05-04 15:14:45,310 [INFO] IPUIPlugin:80 - create IPUIPlugin
2026-05-04 15:14:45,310 [INFO] IPUIPlugin:80 - create IPUIPlugin
2026-05-04 15:14:45,311 [INFO] IPUIPlugin:80 - create IPUIPlugin
2026-05-04 15:14:45,311 [INFO] IPUIPlugin:80 - create IPUIPlugin
2026-05-04 15:14:45,311 [INFO] IPUIPlugin:80 - create IPUIPlugin
2026-05-04 15:14:45,311 [INFO] IPUIPlugin:80 - create IPUIPlugin
2026-05-04 15:14:45,312 [INFO] IPUIPlugin:80 - create IPUIPlugin
2026-05-04 15:14:45,312 [INFO] IPUIPlugin:80 - create IPUIPlugin
2026-05-04 15:14:45,313 [INFO] IPUIPlugin:80 - create IPUIPlugin
2026-05-04 15:14:45,313 [INFO] IPUIPlugin:80 - create IPUIPlugin
2026-05-04 15:14:45,314 [INFO] IPUIPlugin:80 - create IPUIPlugin
2026-05-04 15:14:45,384 [INFO] CADModel:165 - CPN selected for project levelSTM32C071RBT6
2026-05-04 15:14:45,386 [INFO] CADModel:114 - Register for checkConnection events
2026-05-04 15:14:45,450 [INFO] OpenFileManager:386 - Restore cursor
2026-05-04 15:14:46,172 [INFO] UtilMem:75 - End SaveConfig() Used Memory: 990857424 Bytes (1073741824)
2026-05-04 15:14:46,278 [INFO] UtilMem:75 - End SaveConfig() Used Memory: 785511712 Bytes (1073741824)
2026-05-04 15:14:46,903 [INFO] BlockDiagram:2775 - set Specific Code input for plugin: NVIC
2026-05-04 15:14:46,903 [INFO] BlockDiagram:2775 - set Specific Code input for plugin: NUCLEO-C071RB
2026-05-04 15:14:46,903 [INFO] BlockDiagram:2775 - set Specific Code input for plugin: SYS
2026-05-04 15:14:46,903 [INFO] BlockDiagram:2775 - set Specific Code input for plugin: RCC
2026-05-04 15:14:46,904 [INFO] CodeGenerator:892 - code generatio: config db path: D:\STM32CubeIDE_1.19.0\STM32CubeIDE\plugins\com.st.stm32cube.common.mx_6.15.0.202507011659\\db\
2026-05-04 15:14:47,041 [INFO] CodeEngine:265 - oldGeneratedFile, D:\Strataroh_Git\25_SV09_Internship_Projects_FW\Asmita_04052026\push_button\MXTmpFiles\license.tmp_save
2026-05-04 15:14:47,252 [ERROR] IocParser:95 - Exception caught: null
2026-05-04 15:14:47,727 [INFO] CodeEngine:289 - Generated code: D:\Strataroh_Git\25_SV09_Internship_Projects_FW\Asmita_04052026\push_button\MXTmpFiles\license.tmp
2026-05-04 15:14:47,873 [INFO] CodeEngine:265 - oldGeneratedFile, D:\Strataroh_Git\25_SV09_Internship_Projects_FW\Asmita_04052026\push_button\MXTmpFiles\cortex.tmp_save
2026-05-04 15:14:48,193 [INFO] CodeEngine:289 - Generated code: D:\Strataroh_Git\25_SV09_Internship_Projects_FW\Asmita_04052026\push_button\MXTmpFiles\cortex.tmp
2026-05-04 15:14:48,210 [INFO] CodeEngine:265 - oldGeneratedFile, D:\Strataroh_Git\25_SV09_Internship_Projects_FW\Asmita_04052026\push_button\Core\Inc\stm32c0xx_nucleo_conf.h_save
2026-05-04 15:14:48,476 [INFO] CodeEngine:289 - Generated code: D:\Strataroh_Git\25_SV09_Internship_Projects_FW\Asmita_04052026\push_button\Core\Inc\stm32c0xx_nucleo_conf.h
2026-05-04 15:14:48,498 [INFO] CodeEngine:265 - oldGeneratedFile, D:\Strataroh_Git\25_SV09_Internship_Projects_FW\Asmita_04052026\push_button\MXTmpFiles\bsp_inc.tmp_save
2026-05-04 15:14:48,671 [INFO] CodeEngine:289 - Generated code: D:\Strataroh_Git\25_SV09_Internship_Projects_FW\Asmita_04052026\push_button\MXTmpFiles\bsp_inc.tmp
2026-05-04 15:14:48,679 [INFO] CodeEngine:265 - oldGeneratedFile, D:\Strataroh_Git\25_SV09_Internship_Projects_FW\Asmita_04052026\push_button\MXTmpFiles\bsp_common_vars.tmp_save
2026-05-04 15:14:48,816 [INFO] CodeEngine:289 - Generated code: D:\Strataroh_Git\25_SV09_Internship_Projects_FW\Asmita_04052026\push_button\MXTmpFiles\bsp_common_vars.tmp
2026-05-04 15:14:48,832 [INFO] CodeEngine:265 - oldGeneratedFile, D:\Strataroh_Git\25_SV09_Internship_Projects_FW\Asmita_04052026\push_button\MXTmpFiles\bsp_common_init.tmp_save
2026-05-04 15:14:48,966 [INFO] CodeEngine:289 - Generated code: D:\Strataroh_Git\25_SV09_Internship_Projects_FW\Asmita_04052026\push_button\MXTmpFiles\bsp_common_init.tmp
2026-05-04 15:14:48,974 [INFO] CodeEngine:265 - oldGeneratedFile, D:\Strataroh_Git\25_SV09_Internship_Projects_FW\Asmita_04052026\push_button\MXTmpFiles\bsp_common_demo_before_while.tmp_save
2026-05-04 15:14:49,078 [INFO] CodeEngine:289 - Generated code: D:\Strataroh_Git\25_SV09_Internship_Projects_FW\Asmita_04052026\push_button\MXTmpFiles\bsp_common_demo_before_while.tmp
2026-05-04 15:14:49,085 [INFO] CodeEngine:265 - oldGeneratedFile, D:\Strataroh_Git\25_SV09_Internship_Projects_FW\Asmita_04052026\push_button\MXTmpFiles\bsp_common_demo_inside_while.tmp_save
2026-05-04 15:14:49,188 [INFO] CodeEngine:289 - Generated code: D:\Strataroh_Git\25_SV09_Internship_Projects_FW\Asmita_04052026\push_button\MXTmpFiles\bsp_common_demo_inside_while.tmp
2026-05-04 15:14:49,194 [INFO] CodeEngine:265 - oldGeneratedFile, D:\Strataroh_Git\25_SV09_Internship_Projects_FW\Asmita_04052026\push_button\MXTmpFiles\bsp_common_demo_fct.tmp_save
2026-05-04 15:14:49,297 [INFO] CodeEngine:289 - Generated code: D:\Strataroh_Git\25_SV09_Internship_Projects_FW\Asmita_04052026\push_button\MXTmpFiles\bsp_common_demo_fct.tmp
2026-05-04 15:14:49,313 [INFO] CodeEngine:265 - oldGeneratedFile, D:\Strataroh_Git\25_SV09_Internship_Projects_FW\Asmita_04052026\push_button\Core\Src\stm32c0xx_it.c_save
2026-05-04 15:14:49,725 [INFO] CodeEngine:289 - Generated code: D:\Strataroh_Git\25_SV09_Internship_Projects_FW\Asmita_04052026\push_button\Core\Src\stm32c0xx_it.c
2026-05-04 15:14:49,753 [INFO] CodeEngine:265 - oldGeneratedFile, D:\Strataroh_Git\25_SV09_Internship_Projects_FW\Asmita_04052026\push_button\Core\Inc\stm32c0xx_it.h_save
2026-05-04 15:14:49,862 [INFO] CodeEngine:289 - Generated code: D:\Strataroh_Git\25_SV09_Internship_Projects_FW\Asmita_04052026\push_button\Core\Inc\stm32c0xx_it.h
2026-05-04 15:14:49,905 [INFO] CodeEngine:265 - oldGeneratedFile, D:\Strataroh_Git\25_SV09_Internship_Projects_FW\Asmita_04052026\push_button\Core\Src\stm32c0xx_hal_msp.c_save
2026-05-04 15:14:50,183 [INFO] CodeEngine:289 - Generated code: D:\Strataroh_Git\25_SV09_Internship_Projects_FW\Asmita_04052026\push_button\Core\Src\stm32c0xx_hal_msp.c
2026-05-04 15:14:50,192 [INFO] CodeEngine:265 - oldGeneratedFile, D:\Strataroh_Git\25_SV09_Internship_Projects_FW\Asmita_04052026\push_button\MXTmpFiles\system.tmp_save
2026-05-04 15:14:50,294 [INFO] CodeEngine:289 - Generated code: D:\Strataroh_Git\25_SV09_Internship_Projects_FW\Asmita_04052026\push_button\MXTmpFiles\system.tmp
2026-05-04 15:14:50,310 [INFO] CodeEngine:321 - oldGeneratedFile, D:\Strataroh_Git\25_SV09_Internship_Projects_FW\Asmita_04052026\push_button\Core\Inc\stm32c0xx_hal_conf.h_save
2026-05-04 15:14:50,538 [INFO] CodeEngine:345 - Generated code: D:\Strataroh_Git\25_SV09_Internship_Projects_FW\Asmita_04052026\push_button\Core\Inc\stm32c0xx_hal_conf.h
2026-05-04 15:14:50,587 [WARN] IPConfigManager:3238 - Warning: the RefConfig RCC_PClockConfig is not available in your config.xml file
2026-05-04 15:14:50,589 [WARN] IPConfigManager:3238 - Warning: the RefConfig RCC_interrupt_Time_SYSTICK_Config is not available in your config.xml file
2026-05-04 15:14:50,597 [INFO] ApiDbMcu:532 - Load IP Config File for RCC
2026-05-04 15:14:50,608 [INFO] CodeEngine:265 - oldGeneratedFile, D:\Strataroh_Git\25_SV09_Internship_Projects_FW\Asmita_04052026\push_button\Core\Inc\main.h_save
2026-05-04 15:14:50,874 [INFO] CodeEngine:289 - Generated code: D:\Strataroh_Git\25_SV09_Internship_Projects_FW\Asmita_04052026\push_button\Core\Inc\main.h
2026-05-04 15:14:50,883 [INFO] CodeEngine:265 - oldGeneratedFile, D:\Strataroh_Git\25_SV09_Internship_Projects_FW\Asmita_04052026\push_button\Core\Src\main.c_save
2026-05-04 15:14:51,101 [INFO] CodeEngine:289 - Generated code: D:\Strataroh_Git\25_SV09_Internship_Projects_FW\Asmita_04052026\push_button\Core\Src\main.c
2026-05-04 15:14:51,593 [INFO] ProjectBuilder:3606 - Time for Copy HAL[1] : 219mS.
2026-05-04 15:14:51,599 [INFO] ProjectBuilder:5216 - Project Generator version: 4.7.0-B52
2026-05-04 15:14:51,733 [INFO] ConfigFileManager:1595 - The Die is : DIE493
2026-05-04 15:14:51,755 [INFO] ApiDbMcu:532 - Load IP Config File for FILEX
2026-05-04 15:14:51,777 [INFO] ApiDbMcu:532 - Load IP Config File for LEVELX
2026-05-04 15:14:51,800 [INFO] ApiDbMcu:532 - Load IP Config File for THREADX
2026-05-04 15:14:51,836 [INFO] ApiDbMcu:532 - Load IP Config File for USBX
2026-05-04 15:14:54,731 [INFO] ProjectBuilder:5496 - Time for Generating toolchain IDE Files: 3132mS.
2026-05-04 15:14:54,732 [INFO] ProjectBuilder:3463 - Time for Copy CMSIS : 0mS.
2026-05-04 15:14:54,735 [INFO] ProjectBuilder:3463 - Time for Copy CMSIS : 0mS.
2026-05-04 15:14:55,843 [INFO] McuFinderGlobals:76 - Set McuFinderConnectedMode to true
2026-05-04 15:14:55,845 [INFO] ApiDb:448 - Save user favorites file C:\Users\Asmita Milind Bagad/.stm32cubeide/favorites.mcus.txt: 0 item(s)
2026-05-04 15:14:55,847 [INFO] ApiDb:452 - User favorites MCUs=[]
2026-05-04 15:14:55,849 [INFO] ApiDb:448 - Save user favorites file C:\Users\Asmita Milind Bagad/.stm32cubeide/favorites.boards.txt: 1 item(s)
2026-05-04 15:14:55,849 [INFO] ApiDb:452 - User favorites Boards=[NUCLEO-C071RB]
2026-05-04 15:16:48,587 [INFO] Gpio:278 - dependency for GPIO []
2026-05-04 15:17:21,073 [INFO] NvicIntPanel:101 - NVIC parent = com.st.microxplorer.plugins.ip.nvic.MultiNvicIntPanel[,2,27,444x302,layout=javax.swing.BoxLayout,alignmentX=0.0,alignmentY=0.0,border=,flags=9,maximumSize=,minimumSize=,preferredSize=]
2026-05-04 15:17:47,689 [INFO] UtilMem:75 - End SaveConfig() Used Memory: 876898064 Bytes (1073741824)
2026-05-04 15:17:47,862 [INFO] UtilMem:75 - End SaveConfig() Used Memory: 899103824 Bytes (1073741824)
2026-05-04 15:17:47,936 [ERROR] IocParser:95 - Exception caught: null
2026-05-04 15:17:49,956 [INFO] UtilMem:75 - End SaveConfig() Used Memory: 999523088 Bytes (1073741824)
2026-05-04 15:17:50,134 [ERROR] IocParser:95 - Exception caught: null
2026-05-04 15:17:50,189 [INFO] BlockDiagram:2775 - set Specific Code input for plugin: NVIC
2026-05-04 15:17:50,189 [INFO] BlockDiagram:2775 - set Specific Code input for plugin: NUCLEO-C071RB
2026-05-04 15:17:50,190 [INFO] BlockDiagram:2775 - set Specific Code input for plugin: SYS
2026-05-04 15:17:50,190 [INFO] BlockDiagram:2775 - set Specific Code input for plugin: GPIO
2026-05-04 15:17:50,190 [INFO] BlockDiagram:2775 - set Specific Code input for plugin: RCC
2026-05-04 15:17:50,191 [INFO] CodeGenerator:892 - code generatio: config db path: D:\STM32CubeIDE_1.19.0\STM32CubeIDE\plugins\com.st.stm32cube.common.mx_6.15.0.202507011659\\db\
2026-05-04 15:17:50,333 [INFO] CodeEngine:265 - oldGeneratedFile, D:\Strataroh_Git\25_SV09_Internship_Projects_FW\Asmita_04052026\push_button\MXTmpFiles\license.tmp_save
2026-05-04 15:17:50,551 [INFO] CodeEngine:289 - Generated code: D:\Strataroh_Git\25_SV09_Internship_Projects_FW\Asmita_04052026\push_button\MXTmpFiles\license.tmp
2026-05-04 15:17:50,708 [INFO] CodeEngine:265 - oldGeneratedFile, D:\Strataroh_Git\25_SV09_Internship_Projects_FW\Asmita_04052026\push_button\MXTmpFiles\gpio.tmp_save
2026-05-04 15:17:50,964 [INFO] CodeEngine:289 - Generated code: D:\Strataroh_Git\25_SV09_Internship_Projects_FW\Asmita_04052026\push_button\MXTmpFiles\gpio.tmp
2026-05-04 15:17:51,120 [INFO] CodeEngine:265 - oldGeneratedFile, D:\Strataroh_Git\25_SV09_Internship_Projects_FW\Asmita_04052026\push_button\MXTmpFiles\cortex.tmp_save
2026-05-04 15:17:51,289 [INFO] CodeEngine:289 - Generated code: D:\Strataroh_Git\25_SV09_Internship_Projects_FW\Asmita_04052026\push_button\MXTmpFiles\cortex.tmp
2026-05-04 15:17:51,324 [INFO] CodeEngine:265 - oldGeneratedFile, D:\Strataroh_Git\25_SV09_Internship_Projects_FW\Asmita_04052026\push_button\Core\Inc\stm32c0xx_nucleo_conf.h_save
2026-05-04 15:17:51,518 [INFO] CodeEngine:289 - Generated code: D:\Strataroh_Git\25_SV09_Internship_Projects_FW\Asmita_04052026\push_button\Core\Inc\stm32c0xx_nucleo_conf.h
2026-05-04 15:17:51,525 [INFO] CodeEngine:265 - oldGeneratedFile, D:\Strataroh_Git\25_SV09_Internship_Projects_FW\Asmita_04052026\push_button\MXTmpFiles\bsp_inc.tmp_save
2026-05-04 15:17:51,622 [INFO] CodeEngine:289 - Generated code: D:\Strataroh_Git\25_SV09_Internship_Projects_FW\Asmita_04052026\push_button\MXTmpFiles\bsp_inc.tmp
2026-05-04 15:17:51,629 [INFO] CodeEngine:265 - oldGeneratedFile, D:\Strataroh_Git\25_SV09_Internship_Projects_FW\Asmita_04052026\push_button\MXTmpFiles\bsp_common_vars.tmp_save
2026-05-04 15:17:51,723 [INFO] CodeEngine:289 - Generated code: D:\Strataroh_Git\25_SV09_Internship_Projects_FW\Asmita_04052026\push_button\MXTmpFiles\bsp_common_vars.tmp
2026-05-04 15:17:51,730 [INFO] CodeEngine:265 - oldGeneratedFile, D:\Strataroh_Git\25_SV09_Internship_Projects_FW\Asmita_04052026\push_button\MXTmpFiles\bsp_common_init.tmp_save
2026-05-04 15:17:51,836 [INFO] CodeEngine:289 - Generated code: D:\Strataroh_Git\25_SV09_Internship_Projects_FW\Asmita_04052026\push_button\MXTmpFiles\bsp_common_init.tmp
2026-05-04 15:17:51,842 [INFO] CodeEngine:265 - oldGeneratedFile, D:\Strataroh_Git\25_SV09_Internship_Projects_FW\Asmita_04052026\push_button\MXTmpFiles\bsp_common_demo_before_while.tmp_save
2026-05-04 15:17:51,936 [INFO] CodeEngine:289 - Generated code: D:\Strataroh_Git\25_SV09_Internship_Projects_FW\Asmita_04052026\push_button\MXTmpFiles\bsp_common_demo_before_while.tmp
2026-05-04 15:17:51,941 [INFO] CodeEngine:265 - oldGeneratedFile, D:\Strataroh_Git\25_SV09_Internship_Projects_FW\Asmita_04052026\push_button\MXTmpFiles\bsp_common_demo_inside_while.tmp_save
2026-05-04 15:17:52,032 [INFO] CodeEngine:289 - Generated code: D:\Strataroh_Git\25_SV09_Internship_Projects_FW\Asmita_04052026\push_button\MXTmpFiles\bsp_common_demo_inside_while.tmp
2026-05-04 15:17:52,038 [INFO] CodeEngine:265 - oldGeneratedFile, D:\Strataroh_Git\25_SV09_Internship_Projects_FW\Asmita_04052026\push_button\MXTmpFiles\bsp_common_demo_fct.tmp_save
2026-05-04 15:17:52,145 [INFO] CodeEngine:289 - Generated code: D:\Strataroh_Git\25_SV09_Internship_Projects_FW\Asmita_04052026\push_button\MXTmpFiles\bsp_common_demo_fct.tmp
2026-05-04 15:17:52,159 [INFO] CodeEngine:265 - oldGeneratedFile, D:\Strataroh_Git\25_SV09_Internship_Projects_FW\Asmita_04052026\push_button\Core\Src\stm32c0xx_it.c_save
2026-05-04 15:17:52,383 [INFO] CodeEngine:289 - Generated code: D:\Strataroh_Git\25_SV09_Internship_Projects_FW\Asmita_04052026\push_button\Core\Src\stm32c0xx_it.c
2026-05-04 15:17:52,392 [INFO] CodeEngine:265 - oldGeneratedFile, D:\Strataroh_Git\25_SV09_Internship_Projects_FW\Asmita_04052026\push_button\Core\Inc\stm32c0xx_it.h_save
2026-05-04 15:17:52,505 [INFO] CodeEngine:289 - Generated code: D:\Strataroh_Git\25_SV09_Internship_Projects_FW\Asmita_04052026\push_button\Core\Inc\stm32c0xx_it.h
2026-05-04 15:17:52,560 [INFO] CodeEngine:265 - oldGeneratedFile, D:\Strataroh_Git\25_SV09_Internship_Projects_FW\Asmita_04052026\push_button\Core\Src\stm32c0xx_hal_msp.c_save
2026-05-04 15:17:52,801 [INFO] CodeEngine:289 - Generated code: D:\Strataroh_Git\25_SV09_Internship_Projects_FW\Asmita_04052026\push_button\Core\Src\stm32c0xx_hal_msp.c
2026-05-04 15:17:52,807 [INFO] CodeEngine:265 - oldGeneratedFile, D:\Strataroh_Git\25_SV09_Internship_Projects_FW\Asmita_04052026\push_button\MXTmpFiles\system.tmp_save
2026-05-04 15:17:52,903 [INFO] CodeEngine:289 - Generated code: D:\Strataroh_Git\25_SV09_Internship_Projects_FW\Asmita_04052026\push_button\MXTmpFiles\system.tmp
2026-05-04 15:17:52,921 [INFO] CodeEngine:321 - oldGeneratedFile, D:\Strataroh_Git\25_SV09_Internship_Projects_FW\Asmita_04052026\push_button\Core\Inc\stm32c0xx_hal_conf.h_save
2026-05-04 15:17:53,165 [INFO] CodeEngine:345 - Generated code: D:\Strataroh_Git\25_SV09_Internship_Projects_FW\Asmita_04052026\push_button\Core\Inc\stm32c0xx_hal_conf.h
2026-05-04 15:17:53,191 [WARN] IPConfigManager:3238 - Warning: the RefConfig RCC_PClockConfig is not available in your config.xml file
2026-05-04 15:17:53,192 [WARN] IPConfigManager:3238 - Warning: the RefConfig RCC_interrupt_Time_SYSTICK_Config is not available in your config.xml file
2026-05-04 15:17:53,205 [INFO] CodeEngine:265 - oldGeneratedFile, D:\Strataroh_Git\25_SV09_Internship_Projects_FW\Asmita_04052026\push_button\Core\Inc\main.h_save
2026-05-04 15:17:53,402 [INFO] CodeEngine:289 - Generated code: D:\Strataroh_Git\25_SV09_Internship_Projects_FW\Asmita_04052026\push_button\Core\Inc\main.h
2026-05-04 15:17:53,410 [INFO] CodeEngine:265 - oldGeneratedFile, D:\Strataroh_Git\25_SV09_Internship_Projects_FW\Asmita_04052026\push_button\Core\Src\main.c_save
2026-05-04 15:17:53,630 [INFO] CodeEngine:289 - Generated code: D:\Strataroh_Git\25_SV09_Internship_Projects_FW\Asmita_04052026\push_button\Core\Src\main.c
2026-05-04 15:17:54,180 [INFO] ProjectBuilder:3606 - Time for Copy HAL[1] : 243mS.
2026-05-04 15:17:54,184 [INFO] ProjectBuilder:5216 - Project Generator version: 4.7.0-B52
2026-05-04 15:17:54,316 [INFO] ConfigFileManager:1595 - The Die is : DIE493
2026-05-04 15:17:55,245 [INFO] ProjectBuilder:5496 - Time for Generating toolchain IDE Files: 1061mS.
2026-05-04 15:17:55,246 [INFO] ProjectBuilder:3463 - Time for Copy CMSIS : 1mS.
2026-05-04 15:17:55,261 [INFO] ProjectBuilder:3463 - Time for Copy CMSIS : 0mS.
2026-05-04 15:30:23,889 [INFO] UtilMem:75 - End SaveConfig() Used Memory: 977377448 Bytes (1073741824)
2026-05-04 15:30:24,098 [INFO] UtilMem:75 - End SaveConfig() Used Memory: 993097496 Bytes (1073741824)
2026-05-04 15:30:24,713 [ERROR] IocParser:95 - Exception caught: null
2026-05-04 15:30:25,521 [INFO] UtilMem:75 - End SaveConfig() Used Memory: 786672104 Bytes (1073741824)
2026-05-04 15:30:25,755 [INFO] BlockDiagram:2775 - set Specific Code input for plugin: NVIC
2026-05-04 15:30:25,755 [INFO] BlockDiagram:2775 - set Specific Code input for plugin: NUCLEO-C071RB
2026-05-04 15:30:25,755 [INFO] BlockDiagram:2775 - set Specific Code input for plugin: SYS
2026-05-04 15:30:25,757 [INFO] BlockDiagram:2775 - set Specific Code input for plugin: GPIO
2026-05-04 15:30:25,757 [INFO] BlockDiagram:2775 - set Specific Code input for plugin: RCC
2026-05-04 15:30:25,758 [INFO] CodeGenerator:892 - code generatio: config db path: D:\STM32CubeIDE_1.19.0\STM32CubeIDE\plugins\com.st.stm32cube.common.mx_6.15.0.202507011659\\db\
2026-05-04 15:30:25,881 [INFO] CodeEngine:265 - oldGeneratedFile, D:\Strataroh_Git\25_SV09_Internship_Projects_FW\Asmita_04052026\push_button\MXTmpFiles\license.tmp_save
2026-05-04 15:30:26,450 [INFO] CodeEngine:289 - Generated code: D:\Strataroh_Git\25_SV09_Internship_Projects_FW\Asmita_04052026\push_button\MXTmpFiles\license.tmp
2026-05-04 15:30:26,522 [INFO] CodeEngine:265 - oldGeneratedFile, D:\Strataroh_Git\25_SV09_Internship_Projects_FW\Asmita_04052026\push_button\MXTmpFiles\gpio.tmp_save
2026-05-04 15:30:26,888 [INFO] CodeEngine:289 - Generated code: D:\Strataroh_Git\25_SV09_Internship_Projects_FW\Asmita_04052026\push_button\MXTmpFiles\gpio.tmp
2026-05-04 15:30:27,057 [INFO] CodeEngine:265 - oldGeneratedFile, D:\Strataroh_Git\25_SV09_Internship_Projects_FW\Asmita_04052026\push_button\MXTmpFiles\cortex.tmp_save
2026-05-04 15:30:27,330 [INFO] CodeEngine:289 - Generated code: D:\Strataroh_Git\25_SV09_Internship_Projects_FW\Asmita_04052026\push_button\MXTmpFiles\cortex.tmp
2026-05-04 15:30:27,388 [INFO] CodeEngine:265 - oldGeneratedFile, D:\Strataroh_Git\25_SV09_Internship_Projects_FW\Asmita_04052026\push_button\Core\Inc\stm32c0xx_nucleo_conf.h_save
2026-05-04 15:30:27,664 [INFO] CodeEngine:289 - Generated code: D:\Strataroh_Git\25_SV09_Internship_Projects_FW\Asmita_04052026\push_button\Core\Inc\stm32c0xx_nucleo_conf.h
2026-05-04 15:30:27,671 [INFO] CodeEngine:265 - oldGeneratedFile, D:\Strataroh_Git\25_SV09_Internship_Projects_FW\Asmita_04052026\push_button\MXTmpFiles\bsp_inc.tmp_save
2026-05-04 15:30:27,827 [INFO] CodeEngine:289 - Generated code: D:\Strataroh_Git\25_SV09_Internship_Projects_FW\Asmita_04052026\push_button\MXTmpFiles\bsp_inc.tmp
2026-05-04 15:30:27,835 [INFO] CodeEngine:265 - oldGeneratedFile, D:\Strataroh_Git\25_SV09_Internship_Projects_FW\Asmita_04052026\push_button\MXTmpFiles\bsp_common_vars.tmp_save
2026-05-04 15:30:27,962 [INFO] CodeEngine:289 - Generated code: D:\Strataroh_Git\25_SV09_Internship_Projects_FW\Asmita_04052026\push_button\MXTmpFiles\bsp_common_vars.tmp
2026-05-04 15:30:27,970 [INFO] CodeEngine:265 - oldGeneratedFile, D:\Strataroh_Git\25_SV09_Internship_Projects_FW\Asmita_04052026\push_button\MXTmpFiles\bsp_common_init.tmp_save
2026-05-04 15:30:28,084 [INFO] CodeEngine:289 - Generated code: D:\Strataroh_Git\25_SV09_Internship_Projects_FW\Asmita_04052026\push_button\MXTmpFiles\bsp_common_init.tmp
2026-05-04 15:30:28,091 [INFO] CodeEngine:265 - oldGeneratedFile, D:\Strataroh_Git\25_SV09_Internship_Projects_FW\Asmita_04052026\push_button\MXTmpFiles\bsp_common_demo_before_while.tmp_save
2026-05-04 15:30:28,194 [INFO] CodeEngine:289 - Generated code: D:\Strataroh_Git\25_SV09_Internship_Projects_FW\Asmita_04052026\push_button\MXTmpFiles\bsp_common_demo_before_while.tmp
2026-05-04 15:30:28,200 [INFO] CodeEngine:265 - oldGeneratedFile, D:\Strataroh_Git\25_SV09_Internship_Projects_FW\Asmita_04052026\push_button\MXTmpFiles\bsp_common_demo_inside_while.tmp_save
2026-05-04 15:30:28,305 [INFO] CodeEngine:289 - Generated code: D:\Strataroh_Git\25_SV09_Internship_Projects_FW\Asmita_04052026\push_button\MXTmpFiles\bsp_common_demo_inside_while.tmp
2026-05-04 15:30:28,312 [INFO] CodeEngine:265 - oldGeneratedFile, D:\Strataroh_Git\25_SV09_Internship_Projects_FW\Asmita_04052026\push_button\MXTmpFiles\bsp_common_demo_fct.tmp_save
2026-05-04 15:30:28,409 [INFO] CodeEngine:289 - Generated code: D:\Strataroh_Git\25_SV09_Internship_Projects_FW\Asmita_04052026\push_button\MXTmpFiles\bsp_common_demo_fct.tmp
2026-05-04 15:30:28,422 [INFO] CodeEngine:265 - oldGeneratedFile, D:\Strataroh_Git\25_SV09_Internship_Projects_FW\Asmita_04052026\push_button\Core\Src\stm32c0xx_it.c_save
2026-05-04 15:30:28,769 [INFO] CodeEngine:289 - Generated code: D:\Strataroh_Git\25_SV09_Internship_Projects_FW\Asmita_04052026\push_button\Core\Src\stm32c0xx_it.c
2026-05-04 15:30:28,778 [INFO] CodeEngine:265 - oldGeneratedFile, D:\Strataroh_Git\25_SV09_Internship_Projects_FW\Asmita_04052026\push_button\Core\Inc\stm32c0xx_it.h_save
2026-05-04 15:30:28,882 [INFO] CodeEngine:289 - Generated code: D:\Strataroh_Git\25_SV09_Internship_Projects_FW\Asmita_04052026\push_button\Core\Inc\stm32c0xx_it.h
2026-05-04 15:30:28,939 [INFO] CodeEngine:265 - oldGeneratedFile, D:\Strataroh_Git\25_SV09_Internship_Projects_FW\Asmita_04052026\push_button\Core\Src\stm32c0xx_hal_msp.c_save
2026-05-04 15:30:29,178 [INFO] CodeEngine:289 - Generated code: D:\Strataroh_Git\25_SV09_Internship_Projects_FW\Asmita_04052026\push_button\Core\Src\stm32c0xx_hal_msp.c
2026-05-04 15:30:29,185 [INFO] CodeEngine:265 - oldGeneratedFile, D:\Strataroh_Git\25_SV09_Internship_Projects_FW\Asmita_04052026\push_button\MXTmpFiles\system.tmp_save
2026-05-04 15:30:29,282 [INFO] CodeEngine:289 - Generated code: D:\Strataroh_Git\25_SV09_Internship_Projects_FW\Asmita_04052026\push_button\MXTmpFiles\system.tmp
2026-05-04 15:30:29,297 [INFO] CodeEngine:321 - oldGeneratedFile, D:\Strataroh_Git\25_SV09_Internship_Projects_FW\Asmita_04052026\push_button\Core\Inc\stm32c0xx_hal_conf.h_save
2026-05-04 15:30:29,540 [INFO] CodeEngine:345 - Generated code: D:\Strataroh_Git\25_SV09_Internship_Projects_FW\Asmita_04052026\push_button\Core\Inc\stm32c0xx_hal_conf.h
2026-05-04 15:30:29,567 [WARN] IPConfigManager:3238 - Warning: the RefConfig RCC_PClockConfig is not available in your config.xml file
2026-05-04 15:30:29,568 [WARN] IPConfigManager:3238 - Warning: the RefConfig RCC_interrupt_Time_SYSTICK_Config is not available in your config.xml file
2026-05-04 15:30:29,584 [INFO] CodeEngine:265 - oldGeneratedFile, D:\Strataroh_Git\25_SV09_Internship_Projects_FW\Asmita_04052026\push_button\Core\Inc\main.h_save
2026-05-04 15:30:29,865 [INFO] CodeEngine:289 - Generated code: D:\Strataroh_Git\25_SV09_Internship_Projects_FW\Asmita_04052026\push_button\Core\Inc\main.h
2026-05-04 15:30:29,874 [INFO] CodeEngine:265 - oldGeneratedFile, D:\Strataroh_Git\25_SV09_Internship_Projects_FW\Asmita_04052026\push_button\Core\Src\main.c_save
2026-05-04 15:30:30,130 [INFO] CodeEngine:289 - Generated code: D:\Strataroh_Git\25_SV09_Internship_Projects_FW\Asmita_04052026\push_button\Core\Src\main.c
2026-05-04 15:30:30,716 [INFO] ProjectBuilder:3606 - Time for Copy HAL[1] : 221mS.
2026-05-04 15:30:30,720 [INFO] ProjectBuilder:5216 - Project Generator version: 4.7.0-B52
2026-05-04 15:30:30,855 [INFO] ConfigFileManager:1595 - The Die is : DIE493
2026-05-04 15:30:31,856 [INFO] ProjectBuilder:5496 - Time for Generating toolchain IDE Files: 1136mS.
2026-05-04 15:30:31,857 [INFO] ProjectBuilder:3463 - Time for Copy CMSIS : 1mS.
2026-05-04 15:30:31,859 [INFO] ProjectBuilder:3463 - Time for Copy CMSIS : 0mS.
2026-05-04 15:35:23,184 [INFO] UtilMem:75 - End SaveConfig() Used Memory: 905898752 Bytes (1073741824)
2026-05-04 15:35:23,403 [INFO] UtilMem:75 - End SaveConfig() Used Memory: 921500504 Bytes (1073741824)
2026-05-04 15:35:24,369 [ERROR] IocParser:95 - Exception caught: null
2026-05-04 15:35:24,749 [INFO] UtilMem:75 - End SaveConfig() Used Memory: 713412520 Bytes (1073741824)
2026-05-04 15:35:25,300 [INFO] BlockDiagram:2775 - set Specific Code input for plugin: NVIC
2026-05-04 15:35:25,301 [INFO] BlockDiagram:2775 - set Specific Code input for plugin: NUCLEO-C071RB
2026-05-04 15:35:25,301 [INFO] BlockDiagram:2775 - set Specific Code input for plugin: SYS
2026-05-04 15:35:25,302 [INFO] BlockDiagram:2775 - set Specific Code input for plugin: GPIO
2026-05-04 15:35:25,302 [INFO] BlockDiagram:2775 - set Specific Code input for plugin: RCC
2026-05-04 15:35:25,303 [INFO] CodeGenerator:892 - code generatio: config db path: D:\STM32CubeIDE_1.19.0\STM32CubeIDE\plugins\com.st.stm32cube.common.mx_6.15.0.202507011659\\db\
2026-05-04 15:35:25,417 [INFO] CodeEngine:265 - oldGeneratedFile, D:\Strataroh_Git\25_SV09_Internship_Projects_FW\Asmita_04052026\push_button\MXTmpFiles\license.tmp_save
2026-05-04 15:35:25,788 [INFO] CodeEngine:289 - Generated code: D:\Strataroh_Git\25_SV09_Internship_Projects_FW\Asmita_04052026\push_button\MXTmpFiles\license.tmp
2026-05-04 15:35:25,858 [INFO] CodeEngine:265 - oldGeneratedFile, D:\Strataroh_Git\25_SV09_Internship_Projects_FW\Asmita_04052026\push_button\MXTmpFiles\gpio.tmp_save
2026-05-04 15:35:26,119 [INFO] CodeEngine:289 - Generated code: D:\Strataroh_Git\25_SV09_Internship_Projects_FW\Asmita_04052026\push_button\MXTmpFiles\gpio.tmp
2026-05-04 15:35:26,292 [INFO] CodeEngine:265 - oldGeneratedFile, D:\Strataroh_Git\25_SV09_Internship_Projects_FW\Asmita_04052026\push_button\MXTmpFiles\cortex.tmp_save
2026-05-04 15:35:26,516 [INFO] CodeEngine:289 - Generated code: D:\Strataroh_Git\25_SV09_Internship_Projects_FW\Asmita_04052026\push_button\MXTmpFiles\cortex.tmp
2026-05-04 15:35:26,552 [INFO] CodeEngine:265 - oldGeneratedFile, D:\Strataroh_Git\25_SV09_Internship_Projects_FW\Asmita_04052026\push_button\Core\Inc\stm32c0xx_nucleo_conf.h_save
2026-05-04 15:35:26,753 [INFO] CodeEngine:289 - Generated code: D:\Strataroh_Git\25_SV09_Internship_Projects_FW\Asmita_04052026\push_button\Core\Inc\stm32c0xx_nucleo_conf.h
2026-05-04 15:35:26,761 [INFO] CodeEngine:265 - oldGeneratedFile, D:\Strataroh_Git\25_SV09_Internship_Projects_FW\Asmita_04052026\push_button\MXTmpFiles\bsp_inc.tmp_save
2026-05-04 15:35:26,869 [INFO] CodeEngine:289 - Generated code: D:\Strataroh_Git\25_SV09_Internship_Projects_FW\Asmita_04052026\push_button\MXTmpFiles\bsp_inc.tmp
2026-05-04 15:35:26,878 [INFO] CodeEngine:265 - oldGeneratedFile, D:\Strataroh_Git\25_SV09_Internship_Projects_FW\Asmita_04052026\push_button\MXTmpFiles\bsp_common_vars.tmp_save
2026-05-04 15:35:26,979 [INFO] CodeEngine:289 - Generated code: D:\Strataroh_Git\25_SV09_Internship_Projects_FW\Asmita_04052026\push_button\MXTmpFiles\bsp_common_vars.tmp
2026-05-04 15:35:26,987 [INFO] CodeEngine:265 - oldGeneratedFile, D:\Strataroh_Git\25_SV09_Internship_Projects_FW\Asmita_04052026\push_button\MXTmpFiles\bsp_common_init.tmp_save
2026-05-04 15:35:27,096 [INFO] CodeEngine:289 - Generated code: D:\Strataroh_Git\25_SV09_Internship_Projects_FW\Asmita_04052026\push_button\MXTmpFiles\bsp_common_init.tmp
2026-05-04 15:35:27,103 [INFO] CodeEngine:265 - oldGeneratedFile, D:\Strataroh_Git\25_SV09_Internship_Projects_FW\Asmita_04052026\push_button\MXTmpFiles\bsp_common_demo_before_while.tmp_save
2026-05-04 15:35:27,203 [INFO] CodeEngine:289 - Generated code: D:\Strataroh_Git\25_SV09_Internship_Projects_FW\Asmita_04052026\push_button\MXTmpFiles\bsp_common_demo_before_while.tmp
2026-05-04 15:35:27,208 [INFO] CodeEngine:265 - oldGeneratedFile, D:\Strataroh_Git\25_SV09_Internship_Projects_FW\Asmita_04052026\push_button\MXTmpFiles\bsp_common_demo_inside_while.tmp_save
2026-05-04 15:35:27,306 [INFO] CodeEngine:289 - Generated code: D:\Strataroh_Git\25_SV09_Internship_Projects_FW\Asmita_04052026\push_button\MXTmpFiles\bsp_common_demo_inside_while.tmp
2026-05-04 15:35:27,313 [INFO] CodeEngine:265 - oldGeneratedFile, D:\Strataroh_Git\25_SV09_Internship_Projects_FW\Asmita_04052026\push_button\MXTmpFiles\bsp_common_demo_fct.tmp_save
2026-05-04 15:35:27,410 [INFO] CodeEngine:289 - Generated code: D:\Strataroh_Git\25_SV09_Internship_Projects_FW\Asmita_04052026\push_button\MXTmpFiles\bsp_common_demo_fct.tmp
2026-05-04 15:35:27,425 [INFO] CodeEngine:265 - oldGeneratedFile, D:\Strataroh_Git\25_SV09_Internship_Projects_FW\Asmita_04052026\push_button\Core\Src\stm32c0xx_it.c_save
2026-05-04 15:35:27,648 [INFO] CodeEngine:289 - Generated code: D:\Strataroh_Git\25_SV09_Internship_Projects_FW\Asmita_04052026\push_button\Core\Src\stm32c0xx_it.c
2026-05-04 15:35:27,657 [INFO] CodeEngine:265 - oldGeneratedFile, D:\Strataroh_Git\25_SV09_Internship_Projects_FW\Asmita_04052026\push_button\Core\Inc\stm32c0xx_it.h_save
2026-05-04 15:35:27,763 [INFO] CodeEngine:289 - Generated code: D:\Strataroh_Git\25_SV09_Internship_Projects_FW\Asmita_04052026\push_button\Core\Inc\stm32c0xx_it.h
2026-05-04 15:35:27,819 [INFO] CodeEngine:265 - oldGeneratedFile, D:\Strataroh_Git\25_SV09_Internship_Projects_FW\Asmita_04052026\push_button\Core\Src\stm32c0xx_hal_msp.c_save
2026-05-04 15:35:28,067 [INFO] CodeEngine:289 - Generated code: D:\Strataroh_Git\25_SV09_Internship_Projects_FW\Asmita_04052026\push_button\Core\Src\stm32c0xx_hal_msp.c
2026-05-04 15:35:28,072 [INFO] CodeEngine:265 - oldGeneratedFile, D:\Strataroh_Git\25_SV09_Internship_Projects_FW\Asmita_04052026\push_button\MXTmpFiles\system.tmp_save
2026-05-04 15:35:28,171 [INFO] CodeEngine:289 - Generated code: D:\Strataroh_Git\25_SV09_Internship_Projects_FW\Asmita_04052026\push_button\MXTmpFiles\system.tmp
2026-05-04 15:35:28,186 [INFO] CodeEngine:321 - oldGeneratedFile, D:\Strataroh_Git\25_SV09_Internship_Projects_FW\Asmita_04052026\push_button\Core\Inc\stm32c0xx_hal_conf.h_save
2026-05-04 15:35:28,423 [INFO] CodeEngine:345 - Generated code: D:\Strataroh_Git\25_SV09_Internship_Projects_FW\Asmita_04052026\push_button\Core\Inc\stm32c0xx_hal_conf.h
2026-05-04 15:35:28,451 [WARN] IPConfigManager:3238 - Warning: the RefConfig RCC_PClockConfig is not available in your config.xml file
2026-05-04 15:35:28,452 [WARN] IPConfigManager:3238 - Warning: the RefConfig RCC_interrupt_Time_SYSTICK_Config is not available in your config.xml file
2026-05-04 15:35:28,464 [INFO] CodeEngine:265 - oldGeneratedFile, D:\Strataroh_Git\25_SV09_Internship_Projects_FW\Asmita_04052026\push_button\Core\Inc\main.h_save
2026-05-04 15:35:28,661 [INFO] CodeEngine:289 - Generated code: D:\Strataroh_Git\25_SV09_Internship_Projects_FW\Asmita_04052026\push_button\Core\Inc\main.h
2026-05-04 15:35:28,669 [INFO] CodeEngine:265 - oldGeneratedFile, D:\Strataroh_Git\25_SV09_Internship_Projects_FW\Asmita_04052026\push_button\Core\Src\main.c_save
2026-05-04 15:35:28,895 [INFO] CodeEngine:289 - Generated code: D:\Strataroh_Git\25_SV09_Internship_Projects_FW\Asmita_04052026\push_button\Core\Src\main.c
2026-05-04 15:35:29,494 [INFO] ProjectBuilder:3606 - Time for Copy HAL[1] : 248mS.
2026-05-04 15:35:29,498 [INFO] ProjectBuilder:5216 - Project Generator version: 4.7.0-B52
2026-05-04 15:35:29,683 [INFO] ConfigFileManager:1595 - The Die is : DIE493
2026-05-04 15:35:30,608 [INFO] ProjectBuilder:5496 - Time for Generating toolchain IDE Files: 1110mS.
2026-05-04 15:35:30,609 [INFO] ProjectBuilder:3463 - Time for Copy CMSIS : 0mS.
2026-05-04 15:35:30,612 [INFO] ProjectBuilder:3463 - Time for Copy CMSIS : 0mS.
2026-05-04 15:45:43,478 [INFO] UtilMem:75 - End SaveConfig() Used Memory: 884636368 Bytes (1073741824)
2026-05-04 15:45:43,694 [INFO] UtilMem:75 - End SaveConfig() Used Memory: 900365008 Bytes (1073741824)
2026-05-04 15:45:44,103 [ERROR] IocParser:95 - Exception caught: null
2026-05-04 15:45:45,035 [INFO] UtilMem:75 - End SaveConfig() Used Memory: 995259088 Bytes (1073741824)
2026-05-04 15:45:45,246 [INFO] BlockDiagram:2775 - set Specific Code input for plugin: NVIC
2026-05-04 15:45:45,247 [INFO] BlockDiagram:2775 - set Specific Code input for plugin: NUCLEO-C071RB
2026-05-04 15:45:45,247 [INFO] BlockDiagram:2775 - set Specific Code input for plugin: SYS
2026-05-04 15:45:45,247 [INFO] BlockDiagram:2775 - set Specific Code input for plugin: GPIO
2026-05-04 15:45:45,247 [INFO] BlockDiagram:2775 - set Specific Code input for plugin: RCC
2026-05-04 15:45:45,248 [INFO] CodeGenerator:892 - code generatio: config db path: D:\STM32CubeIDE_1.19.0\STM32CubeIDE\plugins\com.st.stm32cube.common.mx_6.15.0.202507011659\\db\
2026-05-04 15:45:45,383 [INFO] CodeEngine:265 - oldGeneratedFile, D:\Strataroh_Git\25_SV09_Internship_Projects_FW\Asmita_04052026\push_button\MXTmpFiles\license.tmp_save
2026-05-04 15:45:45,716 [INFO] CodeEngine:289 - Generated code: D:\Strataroh_Git\25_SV09_Internship_Projects_FW\Asmita_04052026\push_button\MXTmpFiles\license.tmp
2026-05-04 15:45:45,776 [INFO] CodeEngine:265 - oldGeneratedFile, D:\Strataroh_Git\25_SV09_Internship_Projects_FW\Asmita_04052026\push_button\MXTmpFiles\gpio.tmp_save
2026-05-04 15:45:46,026 [INFO] CodeEngine:289 - Generated code: D:\Strataroh_Git\25_SV09_Internship_Projects_FW\Asmita_04052026\push_button\MXTmpFiles\gpio.tmp
2026-05-04 15:45:46,178 [INFO] CodeEngine:265 - oldGeneratedFile, D:\Strataroh_Git\25_SV09_Internship_Projects_FW\Asmita_04052026\push_button\MXTmpFiles\cortex.tmp_save
2026-05-04 15:45:46,360 [INFO] CodeEngine:289 - Generated code: D:\Strataroh_Git\25_SV09_Internship_Projects_FW\Asmita_04052026\push_button\MXTmpFiles\cortex.tmp
2026-05-04 15:45:46,394 [INFO] CodeEngine:265 - oldGeneratedFile, D:\Strataroh_Git\25_SV09_Internship_Projects_FW\Asmita_04052026\push_button\Core\Inc\stm32c0xx_nucleo_conf.h_save
2026-05-04 15:45:46,585 [INFO] CodeEngine:289 - Generated code: D:\Strataroh_Git\25_SV09_Internship_Projects_FW\Asmita_04052026\push_button\Core\Inc\stm32c0xx_nucleo_conf.h
2026-05-04 15:45:46,592 [INFO] CodeEngine:265 - oldGeneratedFile, D:\Strataroh_Git\25_SV09_Internship_Projects_FW\Asmita_04052026\push_button\MXTmpFiles\bsp_inc.tmp_save
2026-05-04 15:45:46,686 [INFO] CodeEngine:289 - Generated code: D:\Strataroh_Git\25_SV09_Internship_Projects_FW\Asmita_04052026\push_button\MXTmpFiles\bsp_inc.tmp
2026-05-04 15:45:46,693 [INFO] CodeEngine:265 - oldGeneratedFile, D:\Strataroh_Git\25_SV09_Internship_Projects_FW\Asmita_04052026\push_button\MXTmpFiles\bsp_common_vars.tmp_save
2026-05-04 15:45:46,787 [INFO] CodeEngine:289 - Generated code: D:\Strataroh_Git\25_SV09_Internship_Projects_FW\Asmita_04052026\push_button\MXTmpFiles\bsp_common_vars.tmp
2026-05-04 15:45:46,794 [INFO] CodeEngine:265 - oldGeneratedFile, D:\Strataroh_Git\25_SV09_Internship_Projects_FW\Asmita_04052026\push_button\MXTmpFiles\bsp_common_init.tmp_save
2026-05-04 15:45:46,898 [INFO] CodeEngine:289 - Generated code: D:\Strataroh_Git\25_SV09_Internship_Projects_FW\Asmita_04052026\push_button\MXTmpFiles\bsp_common_init.tmp
2026-05-04 15:45:46,904 [INFO] CodeEngine:265 - oldGeneratedFile, D:\Strataroh_Git\25_SV09_Internship_Projects_FW\Asmita_04052026\push_button\MXTmpFiles\bsp_common_demo_before_while.tmp_save
2026-05-04 15:45:47,000 [INFO] CodeEngine:289 - Generated code: D:\Strataroh_Git\25_SV09_Internship_Projects_FW\Asmita_04052026\push_button\MXTmpFiles\bsp_common_demo_before_while.tmp
2026-05-04 15:45:47,005 [INFO] CodeEngine:265 - oldGeneratedFile, D:\Strataroh_Git\25_SV09_Internship_Projects_FW\Asmita_04052026\push_button\MXTmpFiles\bsp_common_demo_inside_while.tmp_save
2026-05-04 15:45:47,103 [INFO] CodeEngine:289 - Generated code: D:\Strataroh_Git\25_SV09_Internship_Projects_FW\Asmita_04052026\push_button\MXTmpFiles\bsp_common_demo_inside_while.tmp
2026-05-04 15:45:47,111 [INFO] CodeEngine:265 - oldGeneratedFile, D:\Strataroh_Git\25_SV09_Internship_Projects_FW\Asmita_04052026\push_button\MXTmpFiles\bsp_common_demo_fct.tmp_save
2026-05-04 15:45:47,207 [INFO] CodeEngine:289 - Generated code: D:\Strataroh_Git\25_SV09_Internship_Projects_FW\Asmita_04052026\push_button\MXTmpFiles\bsp_common_demo_fct.tmp
2026-05-04 15:45:47,219 [INFO] CodeEngine:265 - oldGeneratedFile, D:\Strataroh_Git\25_SV09_Internship_Projects_FW\Asmita_04052026\push_button\Core\Src\stm32c0xx_it.c_save
2026-05-04 15:45:47,594 [INFO] CodeEngine:289 - Generated code: D:\Strataroh_Git\25_SV09_Internship_Projects_FW\Asmita_04052026\push_button\Core\Src\stm32c0xx_it.c
2026-05-04 15:45:47,601 [INFO] CodeEngine:265 - oldGeneratedFile, D:\Strataroh_Git\25_SV09_Internship_Projects_FW\Asmita_04052026\push_button\Core\Inc\stm32c0xx_it.h_save
2026-05-04 15:45:47,702 [INFO] CodeEngine:289 - Generated code: D:\Strataroh_Git\25_SV09_Internship_Projects_FW\Asmita_04052026\push_button\Core\Inc\stm32c0xx_it.h
2026-05-04 15:45:47,761 [INFO] CodeEngine:265 - oldGeneratedFile, D:\Strataroh_Git\25_SV09_Internship_Projects_FW\Asmita_04052026\push_button\Core\Src\stm32c0xx_hal_msp.c_save
2026-05-04 15:45:47,996 [INFO] CodeEngine:289 - Generated code: D:\Strataroh_Git\25_SV09_Internship_Projects_FW\Asmita_04052026\push_button\Core\Src\stm32c0xx_hal_msp.c
2026-05-04 15:45:48,001 [INFO] CodeEngine:265 - oldGeneratedFile, D:\Strataroh_Git\25_SV09_Internship_Projects_FW\Asmita_04052026\push_button\MXTmpFiles\system.tmp_save
2026-05-04 15:45:48,109 [INFO] CodeEngine:289 - Generated code: D:\Strataroh_Git\25_SV09_Internship_Projects_FW\Asmita_04052026\push_button\MXTmpFiles\system.tmp
2026-05-04 15:45:48,124 [INFO] CodeEngine:321 - oldGeneratedFile, D:\Strataroh_Git\25_SV09_Internship_Projects_FW\Asmita_04052026\push_button\Core\Inc\stm32c0xx_hal_conf.h_save
2026-05-04 15:45:48,360 [INFO] CodeEngine:345 - Generated code: D:\Strataroh_Git\25_SV09_Internship_Projects_FW\Asmita_04052026\push_button\Core\Inc\stm32c0xx_hal_conf.h
2026-05-04 15:45:48,384 [WARN] IPConfigManager:3238 - Warning: the RefConfig RCC_PClockConfig is not available in your config.xml file
2026-05-04 15:45:48,385 [WARN] IPConfigManager:3238 - Warning: the RefConfig RCC_interrupt_Time_SYSTICK_Config is not available in your config.xml file
2026-05-04 15:45:48,398 [INFO] CodeEngine:265 - oldGeneratedFile, D:\Strataroh_Git\25_SV09_Internship_Projects_FW\Asmita_04052026\push_button\Core\Inc\main.h_save
2026-05-04 15:45:48,631 [INFO] CodeEngine:289 - Generated code: D:\Strataroh_Git\25_SV09_Internship_Projects_FW\Asmita_04052026\push_button\Core\Inc\main.h
2026-05-04 15:45:48,638 [INFO] CodeEngine:265 - oldGeneratedFile, D:\Strataroh_Git\25_SV09_Internship_Projects_FW\Asmita_04052026\push_button\Core\Src\main.c_save
2026-05-04 15:45:48,861 [INFO] CodeEngine:289 - Generated code: D:\Strataroh_Git\25_SV09_Internship_Projects_FW\Asmita_04052026\push_button\Core\Src\main.c
2026-05-04 15:45:49,427 [INFO] ProjectBuilder:3606 - Time for Copy HAL[1] : 230mS.
2026-05-04 15:45:49,431 [INFO] ProjectBuilder:5216 - Project Generator version: 4.7.0-B52
2026-05-04 15:45:49,597 [INFO] ConfigFileManager:1595 - The Die is : DIE493
2026-05-04 15:45:50,524 [INFO] ProjectBuilder:5496 - Time for Generating toolchain IDE Files: 1092mS.
2026-05-04 15:45:50,525 [INFO] ProjectBuilder:3463 - Time for Copy CMSIS : 0mS.
2026-05-04 15:45:50,527 [INFO] ProjectBuilder:3463 - Time for Copy CMSIS : 0mS.
2026-05-04 15:53:43,454 [INFO] Gpio:278 - dependency for GPIO []
2026-05-04 15:53:43,506 [INFO] NvicIntPanel:101 - NVIC parent = com.st.microxplorer.plugins.ip.nvic.MultiNvicIntPanel[,0,0,0x0,invalid,layout=javax.swing.BoxLayout,alignmentX=0.0,alignmentY=0.0,border=,flags=9,maximumSize=,minimumSize=,preferredSize=]
2026-05-04 15:53:45,502 [INFO] UtilMem:75 - End SaveConfig() Used Memory: 787275464 Bytes (1073741824)
2026-05-04 15:53:46,179 [INFO] UtilMem:75 - End SaveConfig() Used Memory: 812486128 Bytes (1073741824)
2026-05-04 15:53:47,607 [INFO] UtilMem:75 - End SaveConfig() Used Memory: 921897800 Bytes (1073741824)
2026-05-04 15:53:47,715 [ERROR] IocParser:95 - Exception caught: null
2026-05-04 15:53:47,901 [ERROR] IocParser:95 - Exception caught: null
2026-05-04 15:53:48,353 [INFO] BlockDiagram:2775 - set Specific Code input for plugin: NVIC
2026-05-04 15:53:48,353 [INFO] BlockDiagram:2775 - set Specific Code input for plugin: NUCLEO-C071RB
2026-05-04 15:53:48,353 [INFO] BlockDiagram:2775 - set Specific Code input for plugin: SYS
2026-05-04 15:53:48,353 [INFO] BlockDiagram:2775 - set Specific Code input for plugin: GPIO
2026-05-04 15:53:48,354 [INFO] BlockDiagram:2775 - set Specific Code input for plugin: RCC
2026-05-04 15:53:48,355 [INFO] CodeGenerator:892 - code generatio: config db path: D:\STM32CubeIDE_1.19.0\STM32CubeIDE\plugins\com.st.stm32cube.common.mx_6.15.0.202507011659\\db\
2026-05-04 15:53:48,479 [INFO] CodeEngine:265 - oldGeneratedFile, D:\Strataroh_Git\25_SV09_Internship_Projects_FW\Asmita_04052026\push_button\MXTmpFiles\license.tmp_save
2026-05-04 15:53:49,082 [INFO] CodeEngine:289 - Generated code: D:\Strataroh_Git\25_SV09_Internship_Projects_FW\Asmita_04052026\push_button\MXTmpFiles\license.tmp
2026-05-04 15:53:49,138 [INFO] CodeEngine:265 - oldGeneratedFile, D:\Strataroh_Git\25_SV09_Internship_Projects_FW\Asmita_04052026\push_button\MXTmpFiles\gpio.tmp_save
2026-05-04 15:53:49,493 [INFO] CodeEngine:289 - Generated code: D:\Strataroh_Git\25_SV09_Internship_Projects_FW\Asmita_04052026\push_button\MXTmpFiles\gpio.tmp
2026-05-04 15:53:49,626 [INFO] CodeEngine:265 - oldGeneratedFile, D:\Strataroh_Git\25_SV09_Internship_Projects_FW\Asmita_04052026\push_button\MXTmpFiles\cortex.tmp_save
2026-05-04 15:53:49,913 [INFO] CodeEngine:289 - Generated code: D:\Strataroh_Git\25_SV09_Internship_Projects_FW\Asmita_04052026\push_button\MXTmpFiles\cortex.tmp
2026-05-04 15:53:49,946 [INFO] CodeEngine:265 - oldGeneratedFile, D:\Strataroh_Git\25_SV09_Internship_Projects_FW\Asmita_04052026\push_button\Core\Inc\stm32c0xx_nucleo_conf.h_save
2026-05-04 15:53:50,197 [INFO] CodeEngine:289 - Generated code: D:\Strataroh_Git\25_SV09_Internship_Projects_FW\Asmita_04052026\push_button\Core\Inc\stm32c0xx_nucleo_conf.h
2026-05-04 15:53:50,206 [INFO] CodeEngine:265 - oldGeneratedFile, D:\Strataroh_Git\25_SV09_Internship_Projects_FW\Asmita_04052026\push_button\MXTmpFiles\bsp_inc.tmp_save
2026-05-04 15:53:50,383 [INFO] CodeEngine:289 - Generated code: D:\Strataroh_Git\25_SV09_Internship_Projects_FW\Asmita_04052026\push_button\MXTmpFiles\bsp_inc.tmp
2026-05-04 15:53:50,391 [INFO] CodeEngine:265 - oldGeneratedFile, D:\Strataroh_Git\25_SV09_Internship_Projects_FW\Asmita_04052026\push_button\MXTmpFiles\bsp_common_vars.tmp_save
2026-05-04 15:53:50,556 [INFO] CodeEngine:289 - Generated code: D:\Strataroh_Git\25_SV09_Internship_Projects_FW\Asmita_04052026\push_button\MXTmpFiles\bsp_common_vars.tmp
2026-05-04 15:53:50,564 [INFO] CodeEngine:265 - oldGeneratedFile, D:\Strataroh_Git\25_SV09_Internship_Projects_FW\Asmita_04052026\push_button\MXTmpFiles\bsp_common_init.tmp_save
2026-05-04 15:53:50,704 [INFO] CodeEngine:289 - Generated code: D:\Strataroh_Git\25_SV09_Internship_Projects_FW\Asmita_04052026\push_button\MXTmpFiles\bsp_common_init.tmp
2026-05-04 15:53:50,715 [INFO] CodeEngine:265 - oldGeneratedFile, D:\Strataroh_Git\25_SV09_Internship_Projects_FW\Asmita_04052026\push_button\MXTmpFiles\bsp_common_demo_before_while.tmp_save
2026-05-04 15:53:50,849 [INFO] CodeEngine:289 - Generated code: D:\Strataroh_Git\25_SV09_Internship_Projects_FW\Asmita_04052026\push_button\MXTmpFiles\bsp_common_demo_before_while.tmp
2026-05-04 15:53:50,856 [INFO] CodeEngine:265 - oldGeneratedFile, D:\Strataroh_Git\25_SV09_Internship_Projects_FW\Asmita_04052026\push_button\MXTmpFiles\bsp_common_demo_inside_while.tmp_save
2026-05-04 15:53:50,963 [INFO] CodeEngine:289 - Generated code: D:\Strataroh_Git\25_SV09_Internship_Projects_FW\Asmita_04052026\push_button\MXTmpFiles\bsp_common_demo_inside_while.tmp
2026-05-04 15:53:50,969 [INFO] CodeEngine:265 - oldGeneratedFile, D:\Strataroh_Git\25_SV09_Internship_Projects_FW\Asmita_04052026\push_button\MXTmpFiles\bsp_common_demo_fct.tmp_save
2026-05-04 15:53:51,079 [INFO] CodeEngine:289 - Generated code: D:\Strataroh_Git\25_SV09_Internship_Projects_FW\Asmita_04052026\push_button\MXTmpFiles\bsp_common_demo_fct.tmp
2026-05-04 15:53:51,097 [INFO] CodeEngine:265 - oldGeneratedFile, D:\Strataroh_Git\25_SV09_Internship_Projects_FW\Asmita_04052026\push_button\Core\Src\stm32c0xx_it.c_save
2026-05-04 15:53:51,534 [INFO] CodeEngine:289 - Generated code: D:\Strataroh_Git\25_SV09_Internship_Projects_FW\Asmita_04052026\push_button\Core\Src\stm32c0xx_it.c
2026-05-04 15:53:51,545 [INFO] CodeEngine:265 - oldGeneratedFile, D:\Strataroh_Git\25_SV09_Internship_Projects_FW\Asmita_04052026\push_button\Core\Inc\stm32c0xx_it.h_save
2026-05-04 15:53:51,678 [INFO] CodeEngine:289 - Generated code: D:\Strataroh_Git\25_SV09_Internship_Projects_FW\Asmita_04052026\push_button\Core\Inc\stm32c0xx_it.h
2026-05-04 15:53:51,743 [INFO] CodeEngine:265 - oldGeneratedFile, D:\Strataroh_Git\25_SV09_Internship_Projects_FW\Asmita_04052026\push_button\Core\Src\stm32c0xx_hal_msp.c_save
2026-05-04 15:53:52,096 [INFO] CodeEngine:289 - Generated code: D:\Strataroh_Git\25_SV09_Internship_Projects_FW\Asmita_04052026\push_button\Core\Src\stm32c0xx_hal_msp.c
2026-05-04 15:53:52,105 [INFO] CodeEngine:265 - oldGeneratedFile, D:\Strataroh_Git\25_SV09_Internship_Projects_FW\Asmita_04052026\push_button\MXTmpFiles\system.tmp_save
2026-05-04 15:53:52,242 [INFO] CodeEngine:289 - Generated code: D:\Strataroh_Git\25_SV09_Internship_Projects_FW\Asmita_04052026\push_button\MXTmpFiles\system.tmp
2026-05-04 15:53:52,264 [INFO] CodeEngine:321 - oldGeneratedFile, D:\Strataroh_Git\25_SV09_Internship_Projects_FW\Asmita_04052026\push_button\Core\Inc\stm32c0xx_hal_conf.h_save
2026-05-04 15:53:52,567 [INFO] CodeEngine:345 - Generated code: D:\Strataroh_Git\25_SV09_Internship_Projects_FW\Asmita_04052026\push_button\Core\Inc\stm32c0xx_hal_conf.h
2026-05-04 15:53:52,596 [WARN] IPConfigManager:3238 - Warning: the RefConfig RCC_PClockConfig is not available in your config.xml file
2026-05-04 15:53:52,596 [WARN] IPConfigManager:3238 - Warning: the RefConfig RCC_interrupt_Time_SYSTICK_Config is not available in your config.xml file
2026-05-04 15:53:52,612 [INFO] CodeEngine:265 - oldGeneratedFile, D:\Strataroh_Git\25_SV09_Internship_Projects_FW\Asmita_04052026\push_button\Core\Inc\main.h_save
2026-05-04 15:53:52,856 [INFO] CodeEngine:289 - Generated code: D:\Strataroh_Git\25_SV09_Internship_Projects_FW\Asmita_04052026\push_button\Core\Inc\main.h
2026-05-04 15:53:52,867 [INFO] CodeEngine:265 - oldGeneratedFile, D:\Strataroh_Git\25_SV09_Internship_Projects_FW\Asmita_04052026\push_button\Core\Src\main.c_save
2026-05-04 15:53:53,113 [INFO] CodeEngine:289 - Generated code: D:\Strataroh_Git\25_SV09_Internship_Projects_FW\Asmita_04052026\push_button\Core\Src\main.c
2026-05-04 15:53:53,629 [INFO] ProjectBuilder:3606 - Time for Copy HAL[1] : 253mS.
2026-05-04 15:53:53,635 [INFO] ProjectBuilder:5216 - Project Generator version: 4.7.0-B52
2026-05-04 15:53:53,777 [INFO] ConfigFileManager:1595 - The Die is : DIE493
2026-05-04 15:53:55,045 [INFO] ProjectBuilder:5496 - Time for Generating toolchain IDE Files: 1409mS.
2026-05-04 15:53:55,046 [INFO] ProjectBuilder:3463 - Time for Copy CMSIS : 1mS.
2026-05-04 15:53:55,070 [INFO] ProjectBuilder:3463 - Time for Copy CMSIS : 0mS.
2026-05-04 15:54:11,183 [INFO] Gpio:278 - dependency for GPIO []
2026-05-04 15:54:11,224 [INFO] NvicIntPanel:101 - NVIC parent = com.st.microxplorer.plugins.ip.nvic.MultiNvicIntPanel[,0,0,0x0,invalid,layout=javax.swing.BoxLayout,alignmentX=0.0,alignmentY=0.0,border=,flags=9,maximumSize=,minimumSize=,preferredSize=]
2026-05-04 15:54:54,849 [INFO] Gpio:278 - dependency for GPIO []
2026-05-04 15:55:14,928 [INFO] UtilMem:75 - End SaveConfig() Used Memory: 743299480 Bytes (1073741824)
2026-05-04 15:55:15,130 [INFO] UtilMem:75 - End SaveConfig() Used Memory: 759995392 Bytes (1073741824)
2026-05-04 15:55:16,071 [ERROR] IocParser:95 - Exception caught: null
2026-05-04 15:55:16,523 [INFO] UtilMem:75 - End SaveConfig() Used Memory: 832871416 Bytes (1073741824)
2026-05-04 15:55:16,777 [INFO] BlockDiagram:2775 - set Specific Code input for plugin: NVIC
2026-05-04 15:55:16,778 [INFO] BlockDiagram:2775 - set Specific Code input for plugin: NUCLEO-C071RB
2026-05-04 15:55:16,778 [INFO] BlockDiagram:2775 - set Specific Code input for plugin: SYS
2026-05-04 15:55:16,778 [INFO] BlockDiagram:2775 - set Specific Code input for plugin: GPIO
2026-05-04 15:55:16,779 [INFO] BlockDiagram:2775 - set Specific Code input for plugin: RCC
2026-05-04 15:55:16,780 [INFO] CodeGenerator:892 - code generatio: config db path: D:\STM32CubeIDE_1.19.0\STM32CubeIDE\plugins\com.st.stm32cube.common.mx_6.15.0.202507011659\\db\
2026-05-04 15:55:16,927 [INFO] CodeEngine:265 - oldGeneratedFile, D:\Strataroh_Git\25_SV09_Internship_Projects_FW\Asmita_04052026\push_button\MXTmpFiles\license.tmp_save
2026-05-04 15:55:17,139 [INFO] CodeEngine:289 - Generated code: D:\Strataroh_Git\25_SV09_Internship_Projects_FW\Asmita_04052026\push_button\MXTmpFiles\license.tmp
2026-05-04 15:55:17,229 [INFO] CodeEngine:265 - oldGeneratedFile, D:\Strataroh_Git\25_SV09_Internship_Projects_FW\Asmita_04052026\push_button\MXTmpFiles\gpio.tmp_save
2026-05-04 15:55:17,500 [INFO] CodeEngine:289 - Generated code: D:\Strataroh_Git\25_SV09_Internship_Projects_FW\Asmita_04052026\push_button\MXTmpFiles\gpio.tmp
2026-05-04 15:55:17,665 [INFO] CodeEngine:265 - oldGeneratedFile, D:\Strataroh_Git\25_SV09_Internship_Projects_FW\Asmita_04052026\push_button\MXTmpFiles\cortex.tmp_save
2026-05-04 15:55:17,850 [INFO] CodeEngine:289 - Generated code: D:\Strataroh_Git\25_SV09_Internship_Projects_FW\Asmita_04052026\push_button\MXTmpFiles\cortex.tmp
2026-05-04 15:55:17,888 [INFO] CodeEngine:265 - oldGeneratedFile, D:\Strataroh_Git\25_SV09_Internship_Projects_FW\Asmita_04052026\push_button\Core\Inc\stm32c0xx_nucleo_conf.h_save
2026-05-04 15:55:18,075 [INFO] CodeEngine:289 - Generated code: D:\Strataroh_Git\25_SV09_Internship_Projects_FW\Asmita_04052026\push_button\Core\Inc\stm32c0xx_nucleo_conf.h
2026-05-04 15:55:18,082 [INFO] CodeEngine:265 - oldGeneratedFile, D:\Strataroh_Git\25_SV09_Internship_Projects_FW\Asmita_04052026\push_button\MXTmpFiles\bsp_inc.tmp_save
2026-05-04 15:55:18,181 [INFO] CodeEngine:289 - Generated code: D:\Strataroh_Git\25_SV09_Internship_Projects_FW\Asmita_04052026\push_button\MXTmpFiles\bsp_inc.tmp
2026-05-04 15:55:18,189 [INFO] CodeEngine:265 - oldGeneratedFile, D:\Strataroh_Git\25_SV09_Internship_Projects_FW\Asmita_04052026\push_button\MXTmpFiles\bsp_common_vars.tmp_save
2026-05-04 15:55:18,283 [INFO] CodeEngine:289 - Generated code: D:\Strataroh_Git\25_SV09_Internship_Projects_FW\Asmita_04052026\push_button\MXTmpFiles\bsp_common_vars.tmp
2026-05-04 15:55:18,290 [INFO] CodeEngine:265 - oldGeneratedFile, D:\Strataroh_Git\25_SV09_Internship_Projects_FW\Asmita_04052026\push_button\MXTmpFiles\bsp_common_init.tmp_save
2026-05-04 15:55:18,399 [INFO] CodeEngine:289 - Generated code: D:\Strataroh_Git\25_SV09_Internship_Projects_FW\Asmita_04052026\push_button\MXTmpFiles\bsp_common_init.tmp
2026-05-04 15:55:18,406 [INFO] CodeEngine:265 - oldGeneratedFile, D:\Strataroh_Git\25_SV09_Internship_Projects_FW\Asmita_04052026\push_button\MXTmpFiles\bsp_common_demo_before_while.tmp_save
2026-05-04 15:55:18,502 [INFO] CodeEngine:289 - Generated code: D:\Strataroh_Git\25_SV09_Internship_Projects_FW\Asmita_04052026\push_button\MXTmpFiles\bsp_common_demo_before_while.tmp
2026-05-04 15:55:18,509 [INFO] CodeEngine:265 - oldGeneratedFile, D:\Strataroh_Git\25_SV09_Internship_Projects_FW\Asmita_04052026\push_button\MXTmpFiles\bsp_common_demo_inside_while.tmp_save
2026-05-04 15:55:18,603 [INFO] CodeEngine:289 - Generated code: D:\Strataroh_Git\25_SV09_Internship_Projects_FW\Asmita_04052026\push_button\MXTmpFiles\bsp_common_demo_inside_while.tmp
2026-05-04 15:55:18,608 [INFO] CodeEngine:265 - oldGeneratedFile, D:\Strataroh_Git\25_SV09_Internship_Projects_FW\Asmita_04052026\push_button\MXTmpFiles\bsp_common_demo_fct.tmp_save
2026-05-04 15:55:18,701 [INFO] CodeEngine:289 - Generated code: D:\Strataroh_Git\25_SV09_Internship_Projects_FW\Asmita_04052026\push_button\MXTmpFiles\bsp_common_demo_fct.tmp
2026-05-04 15:55:18,716 [INFO] CodeEngine:265 - oldGeneratedFile, D:\Strataroh_Git\25_SV09_Internship_Projects_FW\Asmita_04052026\push_button\Core\Src\stm32c0xx_it.c_save
2026-05-04 15:55:18,949 [INFO] CodeEngine:289 - Generated code: D:\Strataroh_Git\25_SV09_Internship_Projects_FW\Asmita_04052026\push_button\Core\Src\stm32c0xx_it.c
2026-05-04 15:55:18,960 [INFO] CodeEngine:265 - oldGeneratedFile, D:\Strataroh_Git\25_SV09_Internship_Projects_FW\Asmita_04052026\push_button\Core\Inc\stm32c0xx_it.h_save
2026-05-04 15:55:19,074 [INFO] CodeEngine:289 - Generated code: D:\Strataroh_Git\25_SV09_Internship_Projects_FW\Asmita_04052026\push_button\Core\Inc\stm32c0xx_it.h
2026-05-04 15:55:19,138 [INFO] CodeEngine:265 - oldGeneratedFile, D:\Strataroh_Git\25_SV09_Internship_Projects_FW\Asmita_04052026\push_button\Core\Src\stm32c0xx_hal_msp.c_save
2026-05-04 15:55:19,389 [INFO] CodeEngine:289 - Generated code: D:\Strataroh_Git\25_SV09_Internship_Projects_FW\Asmita_04052026\push_button\Core\Src\stm32c0xx_hal_msp.c
2026-05-04 15:55:19,398 [INFO] CodeEngine:265 - oldGeneratedFile, D:\Strataroh_Git\25_SV09_Internship_Projects_FW\Asmita_04052026\push_button\MXTmpFiles\system.tmp_save
2026-05-04 15:55:19,503 [INFO] CodeEngine:289 - Generated code: D:\Strataroh_Git\25_SV09_Internship_Projects_FW\Asmita_04052026\push_button\MXTmpFiles\system.tmp
2026-05-04 15:55:19,522 [INFO] CodeEngine:321 - oldGeneratedFile, D:\Strataroh_Git\25_SV09_Internship_Projects_FW\Asmita_04052026\push_button\Core\Inc\stm32c0xx_hal_conf.h_save
2026-05-04 15:55:19,767 [INFO] CodeEngine:345 - Generated code: D:\Strataroh_Git\25_SV09_Internship_Projects_FW\Asmita_04052026\push_button\Core\Inc\stm32c0xx_hal_conf.h
2026-05-04 15:55:19,797 [WARN] IPConfigManager:3238 - Warning: the RefConfig RCC_PClockConfig is not available in your config.xml file
2026-05-04 15:55:19,799 [WARN] IPConfigManager:3238 - Warning: the RefConfig RCC_interrupt_Time_SYSTICK_Config is not available in your config.xml file
2026-05-04 15:55:19,815 [INFO] CodeEngine:265 - oldGeneratedFile, D:\Strataroh_Git\25_SV09_Internship_Projects_FW\Asmita_04052026\push_button\Core\Inc\main.h_save
2026-05-04 15:55:20,028 [INFO] CodeEngine:289 - Generated code: D:\Strataroh_Git\25_SV09_Internship_Projects_FW\Asmita_04052026\push_button\Core\Inc\main.h
2026-05-04 15:55:20,035 [INFO] CodeEngine:265 - oldGeneratedFile, D:\Strataroh_Git\25_SV09_Internship_Projects_FW\Asmita_04052026\push_button\Core\Src\main.c_save
2026-05-04 15:55:20,210 [INFO] CodeEngine:289 - Generated code: D:\Strataroh_Git\25_SV09_Internship_Projects_FW\Asmita_04052026\push_button\Core\Src\main.c
2026-05-04 15:55:20,716 [INFO] ProjectBuilder:3606 - Time for Copy HAL[1] : 249mS.
2026-05-04 15:55:20,720 [INFO] ProjectBuilder:5216 - Project Generator version: 4.7.0-B52
2026-05-04 15:55:20,853 [INFO] ConfigFileManager:1595 - The Die is : DIE493
2026-05-04 15:55:21,925 [INFO] ProjectBuilder:5496 - Time for Generating toolchain IDE Files: 1205mS.
2026-05-04 15:55:21,926 [INFO] ProjectBuilder:3463 - Time for Copy CMSIS : 1mS.
2026-05-04 15:55:21,929 [INFO] ProjectBuilder:3463 - Time for Copy CMSIS : 0mS.
2026-05-04 15:56:02,985 [INFO] Gpio:278 - dependency for GPIO []
2026-05-04 15:56:09,290 [INFO] UtilMem:75 - End SaveConfig() Used Memory: 830793568 Bytes (1073741824)
2026-05-04 15:56:09,472 [INFO] UtilMem:75 - End SaveConfig() Used Memory: 851765088 Bytes (1073741824)
2026-05-04 15:56:10,234 [ERROR] IocParser:95 - Exception caught: null
2026-05-04 15:56:10,795 [INFO] UtilMem:75 - End SaveConfig() Used Memory: 931979104 Bytes (1073741824)
2026-05-04 15:56:11,016 [INFO] BlockDiagram:2775 - set Specific Code input for plugin: NVIC
2026-05-04 15:56:11,017 [INFO] BlockDiagram:2775 - set Specific Code input for plugin: NUCLEO-C071RB
2026-05-04 15:56:11,017 [INFO] BlockDiagram:2775 - set Specific Code input for plugin: SYS
2026-05-04 15:56:11,017 [INFO] BlockDiagram:2775 - set Specific Code input for plugin: GPIO
2026-05-04 15:56:11,017 [INFO] BlockDiagram:2775 - set Specific Code input for plugin: RCC
2026-05-04 15:56:11,018 [INFO] CodeGenerator:892 - code generatio: config db path: D:\STM32CubeIDE_1.19.0\STM32CubeIDE\plugins\com.st.stm32cube.common.mx_6.15.0.202507011659\\db\
2026-05-04 15:56:11,147 [INFO] CodeEngine:265 - oldGeneratedFile, D:\Strataroh_Git\25_SV09_Internship_Projects_FW\Asmita_04052026\push_button\MXTmpFiles\license.tmp_save
2026-05-04 15:56:11,364 [INFO] CodeEngine:289 - Generated code: D:\Strataroh_Git\25_SV09_Internship_Projects_FW\Asmita_04052026\push_button\MXTmpFiles\license.tmp
2026-05-04 15:56:11,433 [INFO] CodeEngine:265 - oldGeneratedFile, D:\Strataroh_Git\25_SV09_Internship_Projects_FW\Asmita_04052026\push_button\MXTmpFiles\gpio.tmp_save
2026-05-04 15:56:11,680 [INFO] CodeEngine:289 - Generated code: D:\Strataroh_Git\25_SV09_Internship_Projects_FW\Asmita_04052026\push_button\MXTmpFiles\gpio.tmp
2026-05-04 15:56:11,826 [INFO] CodeEngine:265 - oldGeneratedFile, D:\Strataroh_Git\25_SV09_Internship_Projects_FW\Asmita_04052026\push_button\MXTmpFiles\cortex.tmp_save
2026-05-04 15:56:12,007 [INFO] CodeEngine:289 - Generated code: D:\Strataroh_Git\25_SV09_Internship_Projects_FW\Asmita_04052026\push_button\MXTmpFiles\cortex.tmp
2026-05-04 15:56:12,044 [INFO] CodeEngine:265 - oldGeneratedFile, D:\Strataroh_Git\25_SV09_Internship_Projects_FW\Asmita_04052026\push_button\Core\Inc\stm32c0xx_nucleo_conf.h_save
2026-05-04 15:56:12,256 [INFO] CodeEngine:289 - Generated code: D:\Strataroh_Git\25_SV09_Internship_Projects_FW\Asmita_04052026\push_button\Core\Inc\stm32c0xx_nucleo_conf.h
2026-05-04 15:56:12,264 [INFO] CodeEngine:265 - oldGeneratedFile, D:\Strataroh_Git\25_SV09_Internship_Projects_FW\Asmita_04052026\push_button\MXTmpFiles\bsp_inc.tmp_save
2026-05-04 15:56:12,358 [INFO] CodeEngine:289 - Generated code: D:\Strataroh_Git\25_SV09_Internship_Projects_FW\Asmita_04052026\push_button\MXTmpFiles\bsp_inc.tmp
2026-05-04 15:56:12,364 [INFO] CodeEngine:265 - oldGeneratedFile, D:\Strataroh_Git\25_SV09_Internship_Projects_FW\Asmita_04052026\push_button\MXTmpFiles\bsp_common_vars.tmp_save
2026-05-04 15:56:12,457 [INFO] CodeEngine:289 - Generated code: D:\Strataroh_Git\25_SV09_Internship_Projects_FW\Asmita_04052026\push_button\MXTmpFiles\bsp_common_vars.tmp
2026-05-04 15:56:12,464 [INFO] CodeEngine:265 - oldGeneratedFile, D:\Strataroh_Git\25_SV09_Internship_Projects_FW\Asmita_04052026\push_button\MXTmpFiles\bsp_common_init.tmp_save
2026-05-04 15:56:12,569 [INFO] CodeEngine:289 - Generated code: D:\Strataroh_Git\25_SV09_Internship_Projects_FW\Asmita_04052026\push_button\MXTmpFiles\bsp_common_init.tmp
2026-05-04 15:56:12,576 [INFO] CodeEngine:265 - oldGeneratedFile, D:\Strataroh_Git\25_SV09_Internship_Projects_FW\Asmita_04052026\push_button\MXTmpFiles\bsp_common_demo_before_while.tmp_save
2026-05-04 15:56:12,669 [INFO] CodeEngine:289 - Generated code: D:\Strataroh_Git\25_SV09_Internship_Projects_FW\Asmita_04052026\push_button\MXTmpFiles\bsp_common_demo_before_while.tmp
2026-05-04 15:56:12,675 [INFO] CodeEngine:265 - oldGeneratedFile, D:\Strataroh_Git\25_SV09_Internship_Projects_FW\Asmita_04052026\push_button\MXTmpFiles\bsp_common_demo_inside_while.tmp_save
2026-05-04 15:56:12,772 [INFO] CodeEngine:289 - Generated code: D:\Strataroh_Git\25_SV09_Internship_Projects_FW\Asmita_04052026\push_button\MXTmpFiles\bsp_common_demo_inside_while.tmp
2026-05-04 15:56:12,779 [INFO] CodeEngine:265 - oldGeneratedFile, D:\Strataroh_Git\25_SV09_Internship_Projects_FW\Asmita_04052026\push_button\MXTmpFiles\bsp_common_demo_fct.tmp_save
2026-05-04 15:56:12,877 [INFO] CodeEngine:289 - Generated code: D:\Strataroh_Git\25_SV09_Internship_Projects_FW\Asmita_04052026\push_button\MXTmpFiles\bsp_common_demo_fct.tmp
2026-05-04 15:56:12,891 [INFO] CodeEngine:265 - oldGeneratedFile, D:\Strataroh_Git\25_SV09_Internship_Projects_FW\Asmita_04052026\push_button\Core\Src\stm32c0xx_it.c_save
2026-05-04 15:56:13,128 [INFO] CodeEngine:289 - Generated code: D:\Strataroh_Git\25_SV09_Internship_Projects_FW\Asmita_04052026\push_button\Core\Src\stm32c0xx_it.c
2026-05-04 15:56:13,136 [INFO] CodeEngine:265 - oldGeneratedFile, D:\Strataroh_Git\25_SV09_Internship_Projects_FW\Asmita_04052026\push_button\Core\Inc\stm32c0xx_it.h_save
2026-05-04 15:56:13,239 [INFO] CodeEngine:289 - Generated code: D:\Strataroh_Git\25_SV09_Internship_Projects_FW\Asmita_04052026\push_button\Core\Inc\stm32c0xx_it.h
2026-05-04 15:56:13,297 [INFO] CodeEngine:265 - oldGeneratedFile, D:\Strataroh_Git\25_SV09_Internship_Projects_FW\Asmita_04052026\push_button\Core\Src\stm32c0xx_hal_msp.c_save
2026-05-04 15:56:13,529 [INFO] CodeEngine:289 - Generated code: D:\Strataroh_Git\25_SV09_Internship_Projects_FW\Asmita_04052026\push_button\Core\Src\stm32c0xx_hal_msp.c
2026-05-04 15:56:13,535 [INFO] CodeEngine:265 - oldGeneratedFile, D:\Strataroh_Git\25_SV09_Internship_Projects_FW\Asmita_04052026\push_button\MXTmpFiles\system.tmp_save
2026-05-04 15:56:13,630 [INFO] CodeEngine:289 - Generated code: D:\Strataroh_Git\25_SV09_Internship_Projects_FW\Asmita_04052026\push_button\MXTmpFiles\system.tmp
2026-05-04 15:56:13,645 [INFO] CodeEngine:321 - oldGeneratedFile, D:\Strataroh_Git\25_SV09_Internship_Projects_FW\Asmita_04052026\push_button\Core\Inc\stm32c0xx_hal_conf.h_save
2026-05-04 15:56:13,884 [INFO] CodeEngine:345 - Generated code: D:\Strataroh_Git\25_SV09_Internship_Projects_FW\Asmita_04052026\push_button\Core\Inc\stm32c0xx_hal_conf.h
2026-05-04 15:56:13,911 [WARN] IPConfigManager:3238 - Warning: the RefConfig RCC_PClockConfig is not available in your config.xml file
2026-05-04 15:56:13,911 [WARN] IPConfigManager:3238 - Warning: the RefConfig RCC_interrupt_Time_SYSTICK_Config is not available in your config.xml file
2026-05-04 15:56:13,924 [INFO] CodeEngine:265 - oldGeneratedFile, D:\Strataroh_Git\25_SV09_Internship_Projects_FW\Asmita_04052026\push_button\Core\Inc\main.h_save
2026-05-04 15:56:14,153 [INFO] CodeEngine:289 - Generated code: D:\Strataroh_Git\25_SV09_Internship_Projects_FW\Asmita_04052026\push_button\Core\Inc\main.h
2026-05-04 15:56:14,162 [INFO] CodeEngine:265 - oldGeneratedFile, D:\Strataroh_Git\25_SV09_Internship_Projects_FW\Asmita_04052026\push_button\Core\Src\main.c_save
2026-05-04 15:56:14,337 [INFO] CodeEngine:289 - Generated code: D:\Strataroh_Git\25_SV09_Internship_Projects_FW\Asmita_04052026\push_button\Core\Src\main.c
2026-05-04 15:56:14,821 [INFO] ProjectBuilder:3606 - Time for Copy HAL[1] : 237mS.
2026-05-04 15:56:14,825 [INFO] ProjectBuilder:5216 - Project Generator version: 4.7.0-B52
2026-05-04 15:56:14,950 [INFO] ConfigFileManager:1595 - The Die is : DIE493
2026-05-04 15:56:15,844 [INFO] ProjectBuilder:5496 - Time for Generating toolchain IDE Files: 1020mS.
2026-05-04 15:56:15,846 [INFO] ProjectBuilder:3463 - Time for Copy CMSIS : 0mS.
2026-05-04 15:56:15,848 [INFO] ProjectBuilder:3463 - Time for Copy CMSIS : 0mS.
2026-05-04 16:04:04,743 [INFO] UtilMem:75 - End SaveConfig() Used Memory: 905091824 Bytes (1073741824)
2026-05-04 16:04:04,993 [INFO] UtilMem:75 - End SaveConfig() Used Memory: 928160496 Bytes (1073741824)
2026-05-04 16:04:05,802 [ERROR] IocParser:95 - Exception caught: null
2026-05-04 16:04:06,625 [INFO] UtilMem:75 - End SaveConfig() Used Memory: 999111880 Bytes (1073741824)
2026-05-04 16:04:07,874 [INFO] BlockDiagram:2775 - set Specific Code input for plugin: NVIC
2026-05-04 16:04:07,874 [INFO] BlockDiagram:2775 - set Specific Code input for plugin: NUCLEO-C071RB
2026-05-04 16:04:07,874 [INFO] BlockDiagram:2775 - set Specific Code input for plugin: SYS
2026-05-04 16:04:07,875 [INFO] BlockDiagram:2775 - set Specific Code input for plugin: GPIO
2026-05-04 16:04:07,875 [INFO] BlockDiagram:2775 - set Specific Code input for plugin: RCC
2026-05-04 16:04:07,877 [INFO] CodeGenerator:892 - code generatio: config db path: D:\STM32CubeIDE_1.19.0\STM32CubeIDE\plugins\com.st.stm32cube.common.mx_6.15.0.202507011659\\db\
2026-05-04 16:04:08,294 [INFO] CodeEngine:265 - oldGeneratedFile, D:\Strataroh_Git\25_SV09_Internship_Projects_FW\Asmita_04052026\push_button\MXTmpFiles\license.tmp_save
2026-05-04 16:04:08,856 [INFO] CodeEngine:289 - Generated code: D:\Strataroh_Git\25_SV09_Internship_Projects_FW\Asmita_04052026\push_button\MXTmpFiles\license.tmp
2026-05-04 16:04:08,941 [INFO] CodeEngine:265 - oldGeneratedFile, D:\Strataroh_Git\25_SV09_Internship_Projects_FW\Asmita_04052026\push_button\MXTmpFiles\gpio.tmp_save
2026-05-04 16:04:09,335 [INFO] CodeEngine:289 - Generated code: D:\Strataroh_Git\25_SV09_Internship_Projects_FW\Asmita_04052026\push_button\MXTmpFiles\gpio.tmp
2026-05-04 16:04:09,519 [INFO] CodeEngine:265 - oldGeneratedFile, D:\Strataroh_Git\25_SV09_Internship_Projects_FW\Asmita_04052026\push_button\MXTmpFiles\cortex.tmp_save
2026-05-04 16:04:09,805 [INFO] CodeEngine:289 - Generated code: D:\Strataroh_Git\25_SV09_Internship_Projects_FW\Asmita_04052026\push_button\MXTmpFiles\cortex.tmp
2026-05-04 16:04:09,845 [INFO] CodeEngine:265 - oldGeneratedFile, D:\Strataroh_Git\25_SV09_Internship_Projects_FW\Asmita_04052026\push_button\Core\Inc\stm32c0xx_nucleo_conf.h_save
2026-05-04 16:04:10,112 [INFO] CodeEngine:289 - Generated code: D:\Strataroh_Git\25_SV09_Internship_Projects_FW\Asmita_04052026\push_button\Core\Inc\stm32c0xx_nucleo_conf.h
2026-05-04 16:04:10,120 [INFO] CodeEngine:265 - oldGeneratedFile, D:\Strataroh_Git\25_SV09_Internship_Projects_FW\Asmita_04052026\push_button\MXTmpFiles\bsp_inc.tmp_save
2026-05-04 16:04:10,306 [INFO] CodeEngine:289 - Generated code: D:\Strataroh_Git\25_SV09_Internship_Projects_FW\Asmita_04052026\push_button\MXTmpFiles\bsp_inc.tmp
2026-05-04 16:04:10,316 [INFO] CodeEngine:265 - oldGeneratedFile, D:\Strataroh_Git\25_SV09_Internship_Projects_FW\Asmita_04052026\push_button\MXTmpFiles\bsp_common_vars.tmp_save
2026-05-04 16:04:10,523 [INFO] CodeEngine:289 - Generated code: D:\Strataroh_Git\25_SV09_Internship_Projects_FW\Asmita_04052026\push_button\MXTmpFiles\bsp_common_vars.tmp
2026-05-04 16:04:10,534 [INFO] CodeEngine:265 - oldGeneratedFile, D:\Strataroh_Git\25_SV09_Internship_Projects_FW\Asmita_04052026\push_button\MXTmpFiles\bsp_common_init.tmp_save
2026-05-04 16:04:10,693 [INFO] CodeEngine:289 - Generated code: D:\Strataroh_Git\25_SV09_Internship_Projects_FW\Asmita_04052026\push_button\MXTmpFiles\bsp_common_init.tmp
2026-05-04 16:04:10,702 [INFO] CodeEngine:265 - oldGeneratedFile, D:\Strataroh_Git\25_SV09_Internship_Projects_FW\Asmita_04052026\push_button\MXTmpFiles\bsp_common_demo_before_while.tmp_save
2026-05-04 16:04:10,826 [INFO] CodeEngine:289 - Generated code: D:\Strataroh_Git\25_SV09_Internship_Projects_FW\Asmita_04052026\push_button\MXTmpFiles\bsp_common_demo_before_while.tmp
2026-05-04 16:04:10,833 [INFO] CodeEngine:265 - oldGeneratedFile, D:\Strataroh_Git\25_SV09_Internship_Projects_FW\Asmita_04052026\push_button\MXTmpFiles\bsp_common_demo_inside_while.tmp_save
2026-05-04 16:04:10,952 [INFO] CodeEngine:289 - Generated code: D:\Strataroh_Git\25_SV09_Internship_Projects_FW\Asmita_04052026\push_button\MXTmpFiles\bsp_common_demo_inside_while.tmp
2026-05-04 16:04:10,959 [INFO] CodeEngine:265 - oldGeneratedFile, D:\Strataroh_Git\25_SV09_Internship_Projects_FW\Asmita_04052026\push_button\MXTmpFiles\bsp_common_demo_fct.tmp_save
2026-05-04 16:04:11,070 [INFO] CodeEngine:289 - Generated code: D:\Strataroh_Git\25_SV09_Internship_Projects_FW\Asmita_04052026\push_button\MXTmpFiles\bsp_common_demo_fct.tmp
2026-05-04 16:04:11,091 [INFO] CodeEngine:265 - oldGeneratedFile, D:\Strataroh_Git\25_SV09_Internship_Projects_FW\Asmita_04052026\push_button\Core\Src\stm32c0xx_it.c_save
2026-05-04 16:04:11,536 [INFO] CodeEngine:289 - Generated code: D:\Strataroh_Git\25_SV09_Internship_Projects_FW\Asmita_04052026\push_button\Core\Src\stm32c0xx_it.c
2026-05-04 16:04:11,547 [INFO] CodeEngine:265 - oldGeneratedFile, D:\Strataroh_Git\25_SV09_Internship_Projects_FW\Asmita_04052026\push_button\Core\Inc\stm32c0xx_it.h_save
2026-05-04 16:04:11,657 [INFO] CodeEngine:289 - Generated code: D:\Strataroh_Git\25_SV09_Internship_Projects_FW\Asmita_04052026\push_button\Core\Inc\stm32c0xx_it.h
2026-05-04 16:04:11,717 [INFO] CodeEngine:265 - oldGeneratedFile, D:\Strataroh_Git\25_SV09_Internship_Projects_FW\Asmita_04052026\push_button\Core\Src\stm32c0xx_hal_msp.c_save
2026-05-04 16:04:11,964 [INFO] CodeEngine:289 - Generated code: D:\Strataroh_Git\25_SV09_Internship_Projects_FW\Asmita_04052026\push_button\Core\Src\stm32c0xx_hal_msp.c
2026-05-04 16:04:11,971 [INFO] CodeEngine:265 - oldGeneratedFile, D:\Strataroh_Git\25_SV09_Internship_Projects_FW\Asmita_04052026\push_button\MXTmpFiles\system.tmp_save
2026-05-04 16:04:12,075 [INFO] CodeEngine:289 - Generated code: D:\Strataroh_Git\25_SV09_Internship_Projects_FW\Asmita_04052026\push_button\MXTmpFiles\system.tmp
2026-05-04 16:04:12,093 [INFO] CodeEngine:321 - oldGeneratedFile, D:\Strataroh_Git\25_SV09_Internship_Projects_FW\Asmita_04052026\push_button\Core\Inc\stm32c0xx_hal_conf.h_save
2026-05-04 16:04:12,352 [INFO] CodeEngine:345 - Generated code: D:\Strataroh_Git\25_SV09_Internship_Projects_FW\Asmita_04052026\push_button\Core\Inc\stm32c0xx_hal_conf.h
2026-05-04 16:04:12,385 [WARN] IPConfigManager:3238 - Warning: the RefConfig RCC_PClockConfig is not available in your config.xml file
2026-05-04 16:04:12,385 [WARN] IPConfigManager:3238 - Warning: the RefConfig RCC_interrupt_Time_SYSTICK_Config is not available in your config.xml file
2026-05-04 16:04:12,401 [INFO] CodeEngine:265 - oldGeneratedFile, D:\Strataroh_Git\25_SV09_Internship_Projects_FW\Asmita_04052026\push_button\Core\Inc\main.h_save
2026-05-04 16:04:12,707 [INFO] CodeEngine:289 - Generated code: D:\Strataroh_Git\25_SV09_Internship_Projects_FW\Asmita_04052026\push_button\Core\Inc\main.h
2026-05-04 16:04:12,718 [INFO] CodeEngine:265 - oldGeneratedFile, D:\Strataroh_Git\25_SV09_Internship_Projects_FW\Asmita_04052026\push_button\Core\Src\main.c_save
2026-05-04 16:04:12,978 [INFO] CodeEngine:289 - Generated code: D:\Strataroh_Git\25_SV09_Internship_Projects_FW\Asmita_04052026\push_button\Core\Src\main.c
2026-05-04 16:04:13,496 [INFO] ProjectBuilder:3606 - Time for Copy HAL[1] : 249mS.
2026-05-04 16:04:13,502 [INFO] ProjectBuilder:5216 - Project Generator version: 4.7.0-B52
2026-05-04 16:04:13,643 [INFO] ConfigFileManager:1595 - The Die is : DIE493
2026-05-04 16:04:15,254 [INFO] ProjectBuilder:5496 - Time for Generating toolchain IDE Files: 1752mS.
2026-05-04 16:04:15,256 [INFO] ProjectBuilder:3463 - Time for Copy CMSIS : 0mS.
2026-05-04 16:04:15,259 [INFO] ProjectBuilder:3463 - Time for Copy CMSIS : 1mS.
2026-05-04 16:15:14,876 [INFO] WebApp:194 - Connection lost
2026-05-04 16:15:15,276 [INFO] WebApp:191 - Connection restablished
2026-05-04 16:15:18,406 [INFO] WebApp:194 - Connection lost
2026-05-04 16:15:18,801 [INFO] WebApp:191 - Connection restablished
2026-05-04 16:27:02,733 [INFO] MainUpdater:2872 - connection check result : 10
2026-05-04 16:27:02,876 [INFO] McuFinderGlobals:76 - Set McuFinderConnectedMode to true
2026-05-04 16:27:02,878 [INFO] MultiScanPanel:200 - Auto-refresh data requested => check proxy status ongoing
2026-05-04 16:27:02,878 [INFO] FinderPluginLoader:96 - Searching for filters in installed packs
2026-05-04 16:27:04,698 [INFO] LoadUrlFilesThread:185 - End of LoadServerUrlFiles without Thread
2026-05-04 16:27:04,698 [INFO] DetailPanel:341 - Set advertising image to C:/Users/Asmita Milind Bagad/STM32Cube/Repository/\en.prom-stm32wba2-stm32-nucleo-board-0426.png
2026-05-04 16:27:08,346 [INFO] MultiScanPanel:200 - Auto-refresh data requested => check proxy status ongoing
2026-05-04 16:27:08,391 [INFO] LoadUrlFilesThread:185 - End of LoadServerUrlFiles without Thread
2026-05-04 16:27:08,392 [INFO] DetailPanel:341 - Set advertising image to C:/Users/Asmita Milind Bagad/STM32Cube/Repository/\en.prom-stm32wba2-stm32-nucleo-board-0426.png
2026-05-04 16:28:29,155 [INFO] MainUpdater:2872 - connection check result : 10
2026-05-04 16:28:29,155 [INFO] MainUpdater:2872 - connection check result : 10
2026-05-04 16:28:29,167 [ERROR] IocParser:95 - Exception caught: null
2026-05-04 16:28:29,226 [INFO] MicroXplorer:468 - Change Database Path : 
2026-05-04 16:28:29,227 [INFO] MicroXplorer:498 - Change Database Version : DB.6.0.150
2026-05-04 16:28:29,240 [ERROR] ProjectManagerView:395 - 
java.lang.NullPointerException: Cannot invoke "javax.swing.JTextField.getText()" because the return value of "java.util.List.get(int)" is null
	at com.st.microxplorer.plugins.projectmanager.gui.ProjectChoiceTab$9.caretUpdate(ProjectChoiceTab.java:2706) ~[filemanager.jar:?]
	at javax.swing.text.JTextComponent.fireCaretUpdate(JTextComponent.java:408) ~[?:?]
	at javax.swing.text.JTextComponent$MutableCaretEvent.fire(JTextComponent.java:4484) ~[?:?]
	at javax.swing.text.JTextComponent$MutableCaretEvent.stateChanged(JTextComponent.java:4506) ~[?:?]
	at javax.swing.text.DefaultCaret.fireStateChanged(DefaultCaret.java:857) ~[?:?]
	at javax.swing.text.DefaultCaret.changeCaretPosition(DefaultCaret.java:1343) ~[?:?]
	at javax.swing.text.DefaultCaret.handleSetDot(DefaultCaret.java:1242) ~[?:?]
	at javax.swing.text.DefaultCaret.setDot(DefaultCaret.java:1223) ~[?:?]
	at javax.swing.text.DefaultCaret$Handler.insertUpdate(DefaultCaret.java:1819) ~[?:?]
	at javax.swing.text.AbstractDocument.fireInsertUpdate(AbstractDocument.java:227) ~[?:?]
	at javax.swing.text.AbstractDocument.handleInsertString(AbstractDocument.java:781) ~[?:?]
	at javax.swing.text.AbstractDocument.insertString(AbstractDocument.java:740) ~[?:?]
	at javax.swing.text.PlainDocument.insertString(PlainDocument.java:131) ~[?:?]
	at javax.swing.text.AbstractDocument.replace(AbstractDocument.java:699) ~[?:?]
	at javax.swing.text.JTextComponent.setText(JTextComponent.java:1725) ~[?:?]
	at com.st.microxplorer.plugins.projectmanager.gui.ProjectChoiceTab.createHeapStackFields(ProjectChoiceTab.java:993) ~[filemanager.jar:?]
	at com.st.microxplorer.plugins.projectmanager.gui.ProjectChoiceTab.buildLinkSettingsPanel(ProjectChoiceTab.java:3813) ~[filemanager.jar:?]
	at com.st.microxplorer.plugins.projectmanager.gui.ProjectChoiceTab.defineWindowsFields(ProjectChoiceTab.java:1987) ~[filemanager.jar:?]
	at com.st.microxplorer.plugins.projectmanager.gui.ProjectChoiceTab.updateSettings(ProjectChoiceTab.java:558) ~[filemanager.jar:?]
	at com.st.microxplorer.plugins.projectmanager.gui.ProjectSettingsPanel.UpdateDialog(ProjectSettingsPanel.java:247) ~[filemanager.jar:?]
	at com.st.microxplorer.plugins.projectmanager.ProjectManagerView.propertyChange(ProjectManagerView.java:392) ~[filemanager.jar:?]
	at java.beans.PropertyChangeSupport.fire(PropertyChangeSupport.java:343) ~[?:?]
	at java.beans.PropertyChangeSupport.firePropertyChange(PropertyChangeSupport.java:335) ~[?:?]
	at java.beans.PropertyChangeSupport.firePropertyChange(PropertyChangeSupport.java:268) ~[?:?]
	at com.st.microxplorer.util.MXPropertyChangeSupport.firePropertyChange(MXPropertyChangeSupport.java:54) ~[STM32CubeMX.jar:?]
	at com.st.microxplorer.mxsystem.MxSystem.closeConfig(MxSystem.java:899) ~[STM32CubeMX.jar:?]
	at com.st.microxplorer.maingui.MainPanel.closeConfig(MainPanel.java:792) ~[STM32CubeMX.jar:?]
	at com.st.microxplorer.plugins.filemanager.engine.OpenFileManager.loadConfigurationFile(OpenFileManager.java:288) ~[filemanager.jar:?]
	at com.st.microxplorer.plugins.filemanager.engine.MainFileManager.userLoadConfig(MainFileManager.java:364) ~[filemanager.jar:?]
	at com.st.microxplorer.plugins.filemanager.FileManagerView.getSpecificTask(FileManagerView.java:268) ~[filemanager.jar:?]
	at com.st.stm32cube.common.mx.editor.CubeMxEditor.getMxTabbedPaneInstance(CubeMxEditor.java:1191) ~[com.st.stm32cube.common.mx_6.15.0.202507011659/:?]
	at com.st.stm32cube.common.mx.editor.CubeMxEditor$12$1.createSwingComponent(CubeMxEditor.java:1068) ~[com.st.stm32cube.common.mx_6.15.0.202507011659/:?]
	at com.st.stm32cube.common.mx.oss.core.awtswtbridge.EmbeddedSwingComposite.doComponentCreation(EmbeddedSwingComposite.java:492) ~[com.st.stm32cube.common.mx.oss_6.15.0.202507011659/:?]
	at com.st.stm32cube.common.mx.oss.core.awtswtbridge.EmbeddedSwingComposite$4.run(EmbeddedSwingComposite.java:291) ~[com.st.stm32cube.common.mx.oss_6.15.0.202507011659/:?]
	at com.st.stm32cube.common.mx.oss.core.awtswtbridge.AwtEnvironment$2.run(AwtEnvironment.java:166) ~[com.st.stm32cube.common.mx.oss_6.15.0.202507011659/:?]
	at java.awt.event.InvocationEvent.dispatch(InvocationEvent.java:318) ~[?:?]
	at java.awt.EventQueue.dispatchEventImpl(EventQueue.java:773) ~[?:?]
	at java.awt.EventQueue$4.run(EventQueue.java:720) ~[?:?]
	at java.awt.EventQueue$4.run(EventQueue.java:714) ~[?:?]
	at java.security.AccessController.doPrivileged(AccessController.java:400) ~[?:?]
	at java.security.ProtectionDomain$JavaSecurityAccessImpl.doIntersectionPrivilege(ProtectionDomain.java:87) ~[?:?]
	at java.awt.EventQueue.dispatchEvent(EventQueue.java:742) ~[?:?]
	at java.awt.EventDispatchThread.pumpOneEventForFilters(EventDispatchThread.java:203) ~[?:?]
	at java.awt.EventDispatchThread.pumpEventsForFilter(EventDispatchThread.java:124) ~[?:?]
	at java.awt.EventDispatchThread.pumpEventsForHierarchy(EventDispatchThread.java:113) ~[?:?]
	at java.awt.EventDispatchThread.pumpEvents(EventDispatchThread.java:109) ~[?:?]
	at java.awt.EventDispatchThread.pumpEvents(EventDispatchThread.java:101) ~[?:?]
	at java.awt.EventDispatchThread.run(EventDispatchThread.java:90) ~[?:?]
2026-05-04 16:28:29,241 [WARN] ThirdParty:871 - waiting for thirdparty lock release [close project]
2026-05-04 16:28:29,241 [INFO] ThirdParty:873 - entering critical section [close project]
2026-05-04 16:28:29,241 [INFO] ThirdParty:883 - exiting critical section [close project]
2026-05-04 16:28:29,241 [INFO] PinOutPanel:1589 - setPackage(No Configuration,No Configuration)
2026-05-04 16:28:29,245 [INFO] UtilMem:75 - Begin LoadConfig() Used Memory: 779603504 Bytes (1073741824)
2026-05-04 16:28:29,245 [INFO] OpenFileManager:355 - Change cursor
2026-05-04 16:28:29,263 [INFO] RulesReader:64 - Compatibility file has been processed (317 Rules)
2026-05-04 16:28:29,267 [INFO] Mcu:2029 - Initializing MCU STM32C071RBTx STM32C071RBTx STM32C071RBT6
2026-05-04 16:28:30,035 [INFO] Context:786 - Trying to add GPIOservice into a context  which must be forbidden
2026-05-04 16:28:30,359 [INFO] Rule:233 - rule Adapt Old IOC before rework replace old CORTEX_M33/CORTEX_M55 attributes by the new one. is applicable
2026-05-04 16:28:30,360 [INFO] Rule:233 - rule Rename parametre of RCC RCC_APBDBG_DIV2 to RCC_TIMPRES_DIV2 is applicable
2026-05-04 16:28:30,360 [INFO] Rule:233 - rule Rename DIE493 pin PA10 [PA12] -> PA10 is applicable
2026-05-04 16:28:30,360 [INFO] Rule:233 - rule Rename DIE493 pin PA9 [PA11] -> PA9 is applicable
2026-05-04 16:28:30,360 [INFO] Rule:233 - rule Rename DIE492 PartNumber CPN STM32WBA5MJGHx -> STM32WBA5MMGHx is applicable
2026-05-04 16:28:30,360 [INFO] Rule:233 - rule Rename DIE492 PartNumber  Name STM32WBA5MJGHx -> STM32WBA5MMGHx is applicable
2026-05-04 16:28:30,360 [INFO] Rule:233 - rule Rename DIE492 PartNumber UserName STM32WBA5MJGHx -> STM32WBA5MMGHx is applicable
2026-05-04 16:28:30,360 [INFO] Rule:233 - rule Rename DIE492 PartNumber DeviceId STM32WBA5MJGHx -> STM32WBA5MMGHx is applicable
2026-05-04 16:28:30,360 [INFO] Rule:233 - rule Adapt Old IOC CSI. is applicable
2026-05-04 16:28:30,360 [INFO] Rule:233 - rule Adapt Old IOC DCMIPP. is applicable
2026-05-04 16:28:30,360 [INFO] Rule:233 - rule Adapt Old IOC DCMIPP Mode Parallel. is applicable
2026-05-04 16:28:30,360 [INFO] Rule:233 - rule Adapt Old IOC LTDC. is applicable
2026-05-04 16:28:30,361 [INFO] Rule:233 - rule Rename STM32MP2 RIF Peripheral LTDC RIF.RISUP.LTDC_L0L1.Privilege -> RIF.RISUP.LTDC_L1L2.Privilege is applicable
2026-05-04 16:28:30,361 [INFO] Rule:233 - rule Rename STM32MP2 RIF Peripheral LTDC RIF.RISUP.LTDC_L0L1.Privilege -> RIF.RISUP.LTDC_L1L2.Privilege is applicable
2026-05-04 16:28:30,361 [INFO] Rule:233 - rule Rename STM32MP2 RIF Peripheral LTDC RIF.RISUP.LTDC_L0L1.Lock -> RIF.RISUP.LTDC_L1L2.Lock is applicable
2026-05-04 16:28:30,361 [INFO] Rule:233 - rule Rename STM32MP2 RIF Peripheral LTDC RIF.RISUP.LTDC_L2.Lock -> RIF.RISUP.LTDC_L3.Lock is applicable
2026-05-04 16:28:30,361 [INFO] Rule:233 - rule Adapt the old IOC example for updating the SYS when it is misconfigured. is applicable
2026-05-04 16:28:30,361 [INFO] Rule:233 - rule Rename STM32C09 Mcu.Package LQFP64 -> LQFP48 is applicable
2026-05-04 16:28:30,361 [INFO] Rule:233 - rule Adapt the old IOC example for updating the SYS when it is misconfigured. is applicable
2026-05-04 16:28:30,361 [INFO] Rule:233 - rule Adapt the old IOC example for updating the SYS when it is misconfigured. is applicable
2026-05-04 16:28:30,363 [INFO] DbConfProperties:307 - Apply Compatibility (6/20 Rules)
2026-05-04 16:28:30,380 [INFO] ApiDbMcu:532 - Load IP Config File for NUCLEO-C071RB
2026-05-04 16:28:30,449 [INFO] ImportTextPane:234 - (OptionalMessage_ERROR) Pin6 (VP_RIF_VS_RIF1) cannot be retrieved for this MCU
2026-05-04 16:28:30,669 [WARN] ModelIntegratedComponent:63 - No mode defined for component null
2026-05-04 16:28:30,669 [WARN] ModelIntegratedComponent:63 - No mode defined for component null
2026-05-04 16:28:30,669 [WARN] ModelIntegratedComponent:63 - No mode defined for component null
2026-05-04 16:28:30,669 [WARN] ModelIntegratedComponent:63 - No mode defined for component null
2026-05-04 16:28:30,669 [WARN] ModelIntegratedComponent:63 - No mode defined for component null
2026-05-04 16:28:30,669 [WARN] ModelIntegratedComponent:63 - No mode defined for component null
2026-05-04 16:28:30,669 [WARN] ModelIntegratedComponent:63 - No mode defined for component null
2026-05-04 16:28:30,669 [WARN] ModelIntegratedComponent:63 - No mode defined for component null
2026-05-04 16:28:30,669 [WARN] ModelIntegratedComponent:63 - No mode defined for component null
2026-05-04 16:28:30,669 [WARN] ModelIntegratedComponent:63 - No mode defined for component null
2026-05-04 16:28:30,669 [WARN] ModelIntegratedComponent:63 - No mode defined for component null
2026-05-04 16:28:30,669 [WARN] ModelIntegratedComponent:63 - No mode defined for component null
2026-05-04 16:28:30,670 [WARN] ModelIntegratedComponent:63 - No mode defined for component null
2026-05-04 16:28:30,670 [WARN] ModelIntegratedComponent:63 - No mode defined for component null
2026-05-04 16:28:30,670 [WARN] ModelIntegratedComponent:63 - No mode defined for component null
2026-05-04 16:28:30,670 [WARN] ModelIntegratedComponent:63 - No mode defined for component null
2026-05-04 16:28:30,670 [WARN] ModelIntegratedComponent:63 - No mode defined for component null
2026-05-04 16:28:30,670 [WARN] ModelIntegratedComponent:63 - No mode defined for component null
2026-05-04 16:28:30,670 [WARN] ModelIntegratedComponent:63 - No mode defined for component null
2026-05-04 16:28:30,670 [WARN] ModelIntegratedComponent:63 - No mode defined for component null
2026-05-04 16:28:30,670 [WARN] ModelIntegratedComponent:63 - No mode defined for component null
2026-05-04 16:28:30,670 [WARN] ModelIntegratedComponent:63 - No mode defined for component null
2026-05-04 16:28:30,670 [WARN] ModelIntegratedComponent:63 - No mode defined for component null
2026-05-04 16:28:30,670 [WARN] ModelIntegratedComponent:63 - No mode defined for component null
2026-05-04 16:28:30,670 [WARN] ModelIntegratedComponent:63 - No mode defined for component null
2026-05-04 16:28:30,670 [WARN] ModelIntegratedComponent:63 - No mode defined for component null
2026-05-04 16:28:30,670 [WARN] ModelIntegratedComponent:63 - No mode defined for component null
2026-05-04 16:28:30,670 [WARN] ModelIntegratedComponent:63 - No mode defined for component null
2026-05-04 16:28:30,670 [WARN] ModelIntegratedComponent:63 - No mode defined for component null
2026-05-04 16:28:30,670 [WARN] ModelIntegratedComponent:63 - No mode defined for component null
2026-05-04 16:28:30,670 [WARN] ModelIntegratedComponent:63 - No mode defined for component null
2026-05-04 16:28:30,670 [WARN] ModelIntegratedComponent:63 - No mode defined for component null
2026-05-04 16:28:30,670 [WARN] ModelIntegratedComponent:63 - No mode defined for component null
2026-05-04 16:28:30,670 [WARN] ModelIntegratedComponent:63 - No mode defined for component null
2026-05-04 16:28:30,670 [WARN] ModelIntegratedComponent:63 - No mode defined for component null
2026-05-04 16:28:30,671 [WARN] ModelPack:524 - Component already loaded: STMicroelectronics:HAL Drivers:0.0.0:STMicroelectronics:Device:STMicro_Driver:XSPI:HAL::0.0.1:HAL_XSPI
2026-05-04 16:28:30,673 [INFO] RtosManager:558 - Registered RTOS mode: class=RTOS, group=ThreadX, mode=Core, owner=THREADX
2026-05-04 16:28:30,814 [INFO] ThirdPartyModel:298 - Start build external matchings
2026-05-04 16:28:31,690 [INFO] ThirdPartyModel:316 - End build external matchings
2026-05-04 16:28:31,865 [INFO] UtilMem:75 - End LoadConfig() Used Memory: 895750576 Bytes (1073741824)
2026-05-04 16:28:38,833 [INFO] BspBoardWizard:580 - Analytics plugin initialized with success
2026-05-04 16:28:38,982 [INFO] BspBoardWizard:580 - Analytics plugin initialized with success
2026-05-04 16:28:39,020 [INFO] BspBoardWizard:580 - Analytics plugin initialized with success
2026-05-04 16:28:39,078 [WARN] ThirdParty:833 - waiting for thirdparty lock release [change project]
2026-05-04 16:28:39,078 [INFO] ThirdParty:835 - entering critical section [change project]
2026-05-04 16:28:39,078 [INFO] ThirdParty:1030 - CMSIS Pack Vendor :STMicroelectronics X-CUBE-AZRTOS-H7 3.5.0
2026-05-04 16:28:39,078 [INFO] ThirdParty:1030 - CMSIS Pack Vendor :STMicroelectronics X-CUBE-PM33A1 1.0.0
2026-05-04 16:28:39,078 [INFO] ThirdParty:1030 - CMSIS Pack Vendor :STMicroelectronics USBPD 4.1
2026-05-04 16:28:39,078 [INFO] ThirdParty:1030 - CMSIS Pack Vendor :STMicroelectronics X-CUBE-NFC9 1.0.0
2026-05-04 16:28:39,078 [INFO] ThirdParty:1030 - CMSIS Pack Vendor :STMicroelectronics USB_HOST 2.0.0
2026-05-04 16:28:39,078 [INFO] ThirdParty:1030 - CMSIS Pack Vendor :STMicroelectronics FP-SNS-MOTENVWB1 1.4.0
2026-05-04 16:28:39,078 [INFO] ThirdParty:1030 - CMSIS Pack Vendor :STMicroelectronics X-CUBE-AZRTOS-F4 1.1.0
2026-05-04 16:28:39,078 [INFO] ThirdParty:1030 - CMSIS Pack Vendor :STMicroelectronics LIBJPEG 8.0.0
2026-05-04 16:28:39,078 [INFO] ThirdParty:1030 - CMSIS Pack Vendor :STMicroelectronics FP-ATR-ASTRA1 2.0.2
2026-05-04 16:28:39,078 [INFO] ThirdParty:1030 - CMSIS Pack Vendor :wolfSSL I-CUBE-wolfSSL 5.8.2
2026-05-04 16:28:39,078 [INFO] ThirdParty:1030 - CMSIS Pack Vendor :STMicroelectronics X-CUBE-BLE1 7.1.0
2026-05-04 16:28:39,078 [INFO] ThirdParty:1030 - CMSIS Pack Vendor :STMicroelectronics X-CUBE-SMBUS 2.1.0
2026-05-04 16:28:39,078 [INFO] ThirdParty:1030 - CMSIS Pack Vendor :wolfSSL I-CUBE-wolfMQTT 1.19.2
2026-05-04 16:28:39,078 [INFO] ThirdParty:1030 - CMSIS Pack Vendor :STMicroelectronics USB_DEVICE 3.0.0
2026-05-04 16:28:39,078 [INFO] ThirdParty:1030 - CMSIS Pack Vendor :STMicroelectronics X-CUBE-ISPU 2.1.0
2026-05-04 16:28:39,078 [INFO] ThirdParty:1030 - CMSIS Pack Vendor :STMicroelectronics X-CUBE-FREERTOS 1.4.0
2026-05-04 16:28:39,078 [INFO] ThirdParty:1030 - CMSIS Pack Vendor :STMicroelectronics eDS-WB_DPC_TT-BIDIR 2.1.1
2026-05-04 16:28:39,078 [INFO] ThirdParty:1030 - CMSIS Pack Vendor :STMicroelectronics X-CUBE-AZRTOS-WB 2.0.0
2026-05-04 16:28:39,078 [INFO] ThirdParty:1030 - CMSIS Pack Vendor :STMicroelectronics X-CUBE-AZRTOS-F7 1.1.0
2026-05-04 16:28:39,078 [INFO] ThirdParty:1030 - CMSIS Pack Vendor :STMicroelectronics X-CUBE-AZRTOS-L5 2.0.0
2026-05-04 16:28:39,078 [INFO] ThirdParty:1030 - CMSIS Pack Vendor :STMicroelectronics USB_DEVICE 2.0.0
2026-05-04 16:28:39,078 [INFO] ThirdParty:1030 - CMSIS Pack Vendor :STMicroelectronics X-CUBE-NFC6 3.1.0
2026-05-04 16:28:39,078 [INFO] ThirdParty:1030 - CMSIS Pack Vendor :Cesanta I-CUBE-Mongoose 7.19.0
2026-05-04 16:28:39,078 [INFO] ThirdParty:1030 - CMSIS Pack Vendor :STMicroelectronics FP-SNS-STAIOTCFT 1.1.0
2026-05-04 16:28:39,078 [INFO] ThirdParty:1030 - CMSIS Pack Vendor :quantropi X-CUBE-qispace-sdk-base 2.1.0
2026-05-04 16:28:39,078 [INFO] ThirdParty:1030 - CMSIS Pack Vendor :STMicroelectronics X-CUBE-MEMS1 12.0.0
2026-05-04 16:28:39,078 [INFO] ThirdParty:1030 - CMSIS Pack Vendor :STMicroelectronics X-CUBE-STSE01 2.0.0
2026-05-04 16:28:39,078 [INFO] ThirdParty:1030 - CMSIS Pack Vendor :STMicroelectronics FreeRTOS 0.0.1
2026-05-04 16:28:39,078 [INFO] ThirdParty:1030 - CMSIS Pack Vendor :STMicroelectronics X-CUBE-AZRTOS-G0 1.1.0
2026-05-04 16:28:39,078 [INFO] ThirdParty:1030 - CMSIS Pack Vendor :STMicroelectronics X-CUBE-SAFEA1 1.2.2
2026-05-04 16:28:39,078 [INFO] ThirdParty:1030 - CMSIS Pack Vendor :STMicroelectronics X-CUBE-NFC4 3.0.0
2026-05-04 16:28:39,078 [INFO] ThirdParty:1030 - CMSIS Pack Vendor :STMicroelectronics X-CUBE-SUBG2 5.0.0
2026-05-04 16:28:39,078 [INFO] ThirdParty:1030 - CMSIS Pack Vendor :STMicroelectronics X-CUBE-AZRTOS-H7RS 1.1.0
2026-05-04 16:28:39,078 [INFO] ThirdParty:1030 - CMSIS Pack Vendor :STMicroelectronics STM32_WPAN 1.0.0
2026-05-04 16:28:39,078 [INFO] ThirdParty:1030 - CMSIS Pack Vendor :STMicroelectronics eDS-WB_DPC_VIENNA 1.2.0
2026-05-04 16:28:39,078 [INFO] ThirdParty:1030 - CMSIS Pack Vendor :EmbeddedOffice I-CUBE-FS-RTOS 1.0.1
2026-05-04 16:28:39,078 [INFO] ThirdParty:1030 - CMSIS Pack Vendor :STMicroelectronics lwIP 2.0.3
2026-05-04 16:28:39,078 [INFO] ThirdParty:1030 - CMSIS Pack Vendor :WES I-CUBE-Cesium 1.4.0
2026-05-04 16:28:39,078 [INFO] ThirdParty:1030 - CMSIS Pack Vendor :STMicroelectronics eDS-WB_DPC_3PH2L-BIDIR 1.1.1
2026-05-04 16:28:39,078 [INFO] ThirdParty:1030 - CMSIS Pack Vendor :STMicroelectronics USB_HOST 1.0.0
2026-05-04 16:28:39,078 [INFO] ThirdParty:1030 - CMSIS Pack Vendor :Infineon AIROC-Wi-Fi-Bluetooth-STM32 1.7.1
2026-05-04 16:28:39,079 [INFO] ThirdParty:1030 - CMSIS Pack Vendor :STMicroelectronics X-CUBE-AZRTOS-G4 2.0.0
2026-05-04 16:28:39,079 [INFO] ThirdParty:1030 - CMSIS Pack Vendor :STMicroelectronics X-CUBE-WB05N 2.0.0
2026-05-04 16:28:39,079 [INFO] ThirdParty:1030 - CMSIS Pack Vendor :STMicroelectronics PDM2PCM 3.1.0
2026-05-04 16:28:39,079 [INFO] ThirdParty:1030 - CMSIS Pack Vendor :STMicroelectronics PDM2PCM 3.3.0
2026-05-04 16:28:39,079 [INFO] ThirdParty:1030 - CMSIS Pack Vendor :wolfSSL I-CUBE-wolfTPM 3.8.0
2026-05-04 16:28:39,079 [INFO] ThirdParty:1030 - CMSIS Pack Vendor :STMicroelectronics X-CUBE-AZRTOS-H7 3.4.0
2026-05-04 16:28:39,079 [INFO] ThirdParty:1030 - CMSIS Pack Vendor :STMicroelectronics X-CUBE-DISPLAY 3.0.0
2026-05-04 16:28:39,079 [INFO] ThirdParty:1030 - CMSIS Pack Vendor :wolfSSL I-CUBE-wolfSSH 1.4.20
2026-05-04 16:28:39,079 [INFO] ThirdParty:1030 - CMSIS Pack Vendor :STMicroelectronics X-CUBE-NFC7 2.0.0
2026-05-04 16:28:39,079 [INFO] ThirdParty:1030 - CMSIS Pack Vendor :STMicroelectronics X-CUBE-GNSS1 7.1.1
2026-05-04 16:28:39,079 [INFO] ThirdParty:1030 - CMSIS Pack Vendor :STMicroelectronics FP-SNS-MOTENVWB1 1.5.0
2026-05-04 16:28:39,079 [INFO] ThirdParty:1030 - CMSIS Pack Vendor :STMicroelectronics X-CUBE-TCPP 4.2.0
2026-05-04 16:28:39,079 [INFO] ThirdParty:1030 - CMSIS Pack Vendor :RealThread X-CUBE-RT-Thread_Nano 4.1.1
2026-05-04 16:28:39,079 [INFO] ThirdParty:1030 - CMSIS Pack Vendor :STMicroelectronics FP-ATR-SIGFOX1 3.2.0
2026-05-04 16:28:39,079 [INFO] ThirdParty:1030 - CMSIS Pack Vendor :STMicroelectronics X-CUBE-NFC10 1.0.0
2026-05-04 16:28:39,079 [INFO] ThirdParty:1030 - CMSIS Pack Vendor :STMicroelectronics X-CUBE-FREERTOS 1.3.1
2026-05-04 16:28:39,079 [INFO] ThirdParty:1030 - CMSIS Pack Vendor :STMicroelectronics HAL Drivers 0.0.0
2026-05-04 16:28:39,079 [INFO] ThirdParty:1030 - CMSIS Pack Vendor :STMicroelectronics X-CUBE-FREERTOS 1.5.0
2026-05-04 16:28:39,079 [INFO] ThirdParty:1030 - CMSIS Pack Vendor :STMicroelectronics MBEDTLS 2.16.2
2026-05-04 16:28:39,079 [INFO] ThirdParty:1030 - CMSIS Pack Vendor :STMicroelectronics X-CUBE-ALS 1.0.2
2026-05-04 16:28:39,079 [INFO] ThirdParty:1030 - CMSIS Pack Vendor :emotas I-CUBE-CANOPEN 1.3.0
2026-05-04 16:28:39,079 [INFO] ThirdParty:1030 - CMSIS Pack Vendor :STMicroelectronics MBEDTLS 2.14.1
2026-05-04 16:28:39,079 [INFO] ThirdParty:1030 - CMSIS Pack Vendor :STMicroelectronics X-CUBE-GNSS1 7.1.0
2026-05-04 16:28:39,079 [INFO] ThirdParty:1030 - CMSIS Pack Vendor :ITTIA_DB I-CUBE-ITTIADB 8.9.0
2026-05-04 16:28:39,079 [INFO] ThirdParty:1030 - CMSIS Pack Vendor :STMicroelectronics X-CUBE-TOUCHGFX 4.26.0
2026-05-04 16:28:39,079 [INFO] ThirdParty:1030 - CMSIS Pack Vendor :STMicroelectronics X-CUBE-STSE01 1.0.0
2026-05-04 16:28:39,079 [INFO] ThirdParty:1030 - CMSIS Pack Vendor :STMicroelectronics X-CUBE-TOUCHGFX 4.26.1
2026-05-04 16:28:39,079 [INFO] ThirdParty:1030 - CMSIS Pack Vendor :STMicroelectronics X-CUBE-NFC6 3.2.0
2026-05-04 16:28:39,079 [INFO] ThirdParty:1030 - CMSIS Pack Vendor :STMicroelectronics FP-SNS-STAIOTCFT 1.0.0
2026-05-04 16:28:39,079 [INFO] ThirdParty:1030 - CMSIS Pack Vendor :STMicroelectronics ThreadX 1.0.0
2026-05-04 16:28:39,079 [INFO] ThirdParty:1030 - CMSIS Pack Vendor :STMicroelectronics FP-SNS-SMARTAG2 1.2.0
2026-05-04 16:28:39,079 [INFO] ThirdParty:1030 - CMSIS Pack Vendor :STMicroelectronics X-CUBE-MEMS1 12.1.0
2026-05-04 16:28:39,079 [INFO] ThirdParty:1030 - CMSIS Pack Vendor :STMicroelectronics FP-SNS-FLIGHT1 5.1.0
2026-05-04 16:28:39,079 [INFO] ThirdParty:1030 - CMSIS Pack Vendor :STMicroelectronics X-CUBE-AZRTOS-WL 2.0.0
2026-05-04 16:28:39,079 [INFO] ThirdParty:1030 - CMSIS Pack Vendor :SEGGER I-CUBE-embOS 1.3.1
2026-05-04 16:28:39,079 [INFO] ThirdParty:1030 - CMSIS Pack Vendor :STMicroelectronics X-CUBE-ALGOBUILD 1.4.0
2026-05-04 16:28:39,079 [INFO] ThirdParty:1030 - CMSIS Pack Vendor :STMicroelectronics X-CUBE-DPower 1.3.0
2026-05-04 16:28:39,079 [INFO] ThirdParty:1030 - CMSIS Pack Vendor :STMicroelectronics X-CUBE-MEMS1 11.3.0
2026-05-04 16:28:39,079 [INFO] ThirdParty:1030 - CMSIS Pack Vendor :STMicroelectronics USB_DEVICE 1.0.0
2026-05-04 16:28:39,079 [INFO] ThirdParty:1030 - CMSIS Pack Vendor :STMicroelectronics X-CUBE-AZRTOS-H7RS 1.2.0
2026-05-04 16:28:39,079 [INFO] ThirdParty:1030 - CMSIS Pack Vendor :STMicroelectronics X-CUBE-AZRTOS-L4 2.0.0
2026-05-04 16:28:39,079 [INFO] ThirdParty:1030 - CMSIS Pack Vendor :STMicroelectronics ThreadX 0.0.2
2026-05-04 16:28:39,079 [INFO] ThirdParty:1030 - CMSIS Pack Vendor :STMicroelectronics lwIP 2.1.2
2026-05-04 16:28:39,079 [INFO] ThirdParty:1030 - CMSIS Pack Vendor :STMicroelectronics X-CUBE-SFXS2LP1 4.0.0
2026-05-04 16:28:39,079 [INFO] ThirdParty:1030 - CMSIS Pack Vendor :STMicroelectronics X-CUBE-BLE2 3.3.0
2026-05-04 16:28:39,080 [INFO] ThirdParty:1030 - CMSIS Pack Vendor :Avnet-IOTCONNECT X-CUBE-iotc-st67-sdk 1.0.0
2026-05-04 16:28:39,080 [INFO] ThirdParty:1030 - CMSIS Pack Vendor :STMicroelectronics X-CUBE-TOF1 3.4.3
2026-05-04 16:28:39,080 [INFO] ThirdParty:1030 - CMSIS Pack Vendor :STMicroelectronics PDM2PCM 3.2.0
2026-05-04 16:28:39,080 [INFO] ThirdParty:1030 - CMSIS Pack Vendor :STMicroelectronics X-CUBE-WB05N 2.1.0
2026-05-04 16:28:39,080 [INFO] ThirdParty:1030 - CMSIS Pack Vendor :STMicroelectronics X-CUBE-ST67W61 1.2.0
2026-05-04 16:28:39,080 [INFO] ThirdParty:841 - exiting critical section [change project]
2026-05-04 16:28:39,252 [INFO] PinOutPanel:1589 - setPackage(No Configuration,No Configuration)
2026-05-04 16:28:39,254 [INFO] PinOutPanel:1589 - setPackage(STM32C071RBTx,LQFP64_GP)
2026-05-04 16:28:39,439 [INFO] UtilMem:75 - Before build in PCC Used Memory: 832428824 Bytes (1073741824)
2026-05-04 16:28:39,829 [INFO] UtilMem:75 - After build in PCC Used Memory: 968749832 Bytes (1073741824)
2026-05-04 16:28:39,843 [INFO] IPUIPlugin:80 - create IPUIPlugin
2026-05-04 16:28:39,844 [INFO] IPUIPlugin:80 - create IPUIPlugin
2026-05-04 16:28:39,844 [INFO] IPUIPlugin:80 - create IPUIPlugin
2026-05-04 16:28:39,844 [INFO] IPUIPlugin:80 - create IPUIPlugin
2026-05-04 16:28:39,844 [INFO] IPUIPlugin:80 - create IPUIPlugin
2026-05-04 16:28:39,844 [INFO] IPUIPlugin:80 - create IPUIPlugin
2026-05-04 16:28:39,844 [INFO] IPUIPlugin:80 - create IPUIPlugin
2026-05-04 16:28:39,844 [INFO] IPUIPlugin:80 - create IPUIPlugin
2026-05-04 16:28:39,844 [INFO] IPUIPlugin:80 - create IPUIPlugin
2026-05-04 16:28:39,844 [INFO] IPUIPlugin:80 - create IPUIPlugin
2026-05-04 16:28:39,844 [INFO] IPUIPlugin:80 - create IPUIPlugin
2026-05-04 16:28:39,844 [INFO] IPUIPlugin:80 - create IPUIPlugin
2026-05-04 16:28:39,844 [INFO] IPUIPlugin:80 - create IPUIPlugin
2026-05-04 16:28:39,845 [INFO] IPUIPlugin:80 - create IPUIPlugin
2026-05-04 16:28:39,845 [INFO] IPUIPlugin:80 - create IPUIPlugin
2026-05-04 16:28:39,845 [INFO] IPUIPlugin:80 - create IPUIPlugin
2026-05-04 16:28:39,845 [INFO] IPUIPlugin:80 - create IPUIPlugin
2026-05-04 16:28:39,845 [INFO] IPUIPlugin:80 - create IPUIPlugin
2026-05-04 16:28:39,845 [INFO] IPUIPlugin:80 - create IPUIPlugin
2026-05-04 16:28:39,845 [INFO] IPUIPlugin:80 - create IPUIPlugin
2026-05-04 16:28:39,845 [INFO] IPUIPlugin:80 - create IPUIPlugin
2026-05-04 16:28:39,846 [INFO] IPUIPlugin:80 - create IPUIPlugin
2026-05-04 16:28:39,846 [INFO] IPUIPlugin:80 - create IPUIPlugin
2026-05-04 16:28:39,846 [INFO] IPUIPlugin:80 - create IPUIPlugin
2026-05-04 16:28:39,846 [INFO] IPUIPlugin:80 - create IPUIPlugin
2026-05-04 16:28:39,846 [INFO] IPUIPlugin:80 - create IPUIPlugin
2026-05-04 16:28:39,847 [INFO] IPUIPlugin:80 - create IPUIPlugin
2026-05-04 16:28:39,847 [INFO] IPUIPlugin:80 - create IPUIPlugin
2026-05-04 16:28:39,847 [INFO] IPUIPlugin:80 - create IPUIPlugin
2026-05-04 16:28:39,847 [INFO] IPUIPlugin:80 - create IPUIPlugin
2026-05-04 16:28:39,847 [INFO] IPUIPlugin:80 - create IPUIPlugin
2026-05-04 16:28:39,847 [INFO] IPUIPlugin:80 - create IPUIPlugin
2026-05-04 16:28:39,848 [INFO] IPUIPlugin:80 - create IPUIPlugin
2026-05-04 16:28:39,848 [INFO] IPUIPlugin:80 - create IPUIPlugin
2026-05-04 16:28:39,848 [INFO] IPUIPlugin:80 - create IPUIPlugin
2026-05-04 16:28:39,848 [INFO] IPUIPlugin:80 - create IPUIPlugin
2026-05-04 16:28:39,886 [INFO] CADModel:165 - CPN selected for project levelSTM32C071RBT6
2026-05-04 16:28:39,886 [INFO] CADModel:114 - Register for checkConnection events
2026-05-04 16:28:39,933 [INFO] OpenFileManager:386 - Restore cursor
2026-05-04 16:28:40,311 [INFO] UtilMem:75 - End SaveConfig() Used Memory: 797822032 Bytes (1073741824)
2026-05-04 16:28:40,366 [INFO] UtilMem:75 - End SaveConfig() Used Memory: 813141328 Bytes (1073741824)
2026-05-04 16:28:40,486 [ERROR] IocParser:95 - Exception caught: null
2026-05-04 16:28:40,617 [INFO] BlockDiagram:2775 - set Specific Code input for plugin: NVIC
2026-05-04 16:28:40,617 [INFO] BlockDiagram:2775 - set Specific Code input for plugin: NUCLEO-C071RB
2026-05-04 16:28:40,617 [INFO] BlockDiagram:2775 - set Specific Code input for plugin: SYS
2026-05-04 16:28:40,617 [INFO] BlockDiagram:2775 - set Specific Code input for plugin: RCC
2026-05-04 16:28:40,618 [INFO] CodeGenerator:892 - code generatio: config db path: D:\STM32CubeIDE_1.19.0\STM32CubeIDE\plugins\com.st.stm32cube.common.mx_6.15.0.202507011659\\db\
2026-05-04 16:28:40,669 [INFO] CodeEngine:265 - oldGeneratedFile, D:\Strataroh_Git\25_SV09_Internship_Projects_FW\Asmita_04052026\UART\MXTmpFiles\license.tmp_save
2026-05-04 16:28:40,941 [INFO] CodeEngine:289 - Generated code: D:\Strataroh_Git\25_SV09_Internship_Projects_FW\Asmita_04052026\UART\MXTmpFiles\license.tmp
2026-05-04 16:28:40,977 [INFO] CodeEngine:265 - oldGeneratedFile, D:\Strataroh_Git\25_SV09_Internship_Projects_FW\Asmita_04052026\UART\MXTmpFiles\cortex.tmp_save
2026-05-04 16:28:41,141 [INFO] CodeEngine:289 - Generated code: D:\Strataroh_Git\25_SV09_Internship_Projects_FW\Asmita_04052026\UART\MXTmpFiles\cortex.tmp
2026-05-04 16:28:41,151 [INFO] CodeEngine:265 - oldGeneratedFile, D:\Strataroh_Git\25_SV09_Internship_Projects_FW\Asmita_04052026\UART\Core\Inc\stm32c0xx_nucleo_conf.h_save
2026-05-04 16:28:41,293 [INFO] CodeEngine:289 - Generated code: D:\Strataroh_Git\25_SV09_Internship_Projects_FW\Asmita_04052026\UART\Core\Inc\stm32c0xx_nucleo_conf.h
2026-05-04 16:28:41,298 [INFO] CodeEngine:265 - oldGeneratedFile, D:\Strataroh_Git\25_SV09_Internship_Projects_FW\Asmita_04052026\UART\MXTmpFiles\bsp_inc.tmp_save
2026-05-04 16:28:41,393 [INFO] CodeEngine:289 - Generated code: D:\Strataroh_Git\25_SV09_Internship_Projects_FW\Asmita_04052026\UART\MXTmpFiles\bsp_inc.tmp
2026-05-04 16:28:41,397 [INFO] CodeEngine:265 - oldGeneratedFile, D:\Strataroh_Git\25_SV09_Internship_Projects_FW\Asmita_04052026\UART\MXTmpFiles\bsp_common_vars.tmp_save
2026-05-04 16:28:41,486 [INFO] CodeEngine:289 - Generated code: D:\Strataroh_Git\25_SV09_Internship_Projects_FW\Asmita_04052026\UART\MXTmpFiles\bsp_common_vars.tmp
2026-05-04 16:28:41,491 [INFO] CodeEngine:265 - oldGeneratedFile, D:\Strataroh_Git\25_SV09_Internship_Projects_FW\Asmita_04052026\UART\MXTmpFiles\bsp_common_init.tmp_save
2026-05-04 16:28:41,578 [INFO] CodeEngine:289 - Generated code: D:\Strataroh_Git\25_SV09_Internship_Projects_FW\Asmita_04052026\UART\MXTmpFiles\bsp_common_init.tmp
2026-05-04 16:28:41,584 [INFO] CodeEngine:265 - oldGeneratedFile, D:\Strataroh_Git\25_SV09_Internship_Projects_FW\Asmita_04052026\UART\MXTmpFiles\bsp_common_demo_before_while.tmp_save
2026-05-04 16:28:41,659 [INFO] CodeEngine:289 - Generated code: D:\Strataroh_Git\25_SV09_Internship_Projects_FW\Asmita_04052026\UART\MXTmpFiles\bsp_common_demo_before_while.tmp
2026-05-04 16:28:41,663 [INFO] CodeEngine:265 - oldGeneratedFile, D:\Strataroh_Git\25_SV09_Internship_Projects_FW\Asmita_04052026\UART\MXTmpFiles\bsp_common_demo_inside_while.tmp_save
2026-05-04 16:28:41,723 [INFO] CodeEngine:289 - Generated code: D:\Strataroh_Git\25_SV09_Internship_Projects_FW\Asmita_04052026\UART\MXTmpFiles\bsp_common_demo_inside_while.tmp
2026-05-04 16:28:41,726 [INFO] CodeEngine:265 - oldGeneratedFile, D:\Strataroh_Git\25_SV09_Internship_Projects_FW\Asmita_04052026\UART\MXTmpFiles\bsp_common_demo_fct.tmp_save
2026-05-04 16:28:41,782 [INFO] CodeEngine:289 - Generated code: D:\Strataroh_Git\25_SV09_Internship_Projects_FW\Asmita_04052026\UART\MXTmpFiles\bsp_common_demo_fct.tmp
2026-05-04 16:28:41,790 [INFO] CodeEngine:265 - oldGeneratedFile, D:\Strataroh_Git\25_SV09_Internship_Projects_FW\Asmita_04052026\UART\Core\Src\stm32c0xx_it.c_save
2026-05-04 16:28:41,979 [INFO] CodeEngine:289 - Generated code: D:\Strataroh_Git\25_SV09_Internship_Projects_FW\Asmita_04052026\UART\Core\Src\stm32c0xx_it.c
2026-05-04 16:28:41,983 [INFO] CodeEngine:265 - oldGeneratedFile, D:\Strataroh_Git\25_SV09_Internship_Projects_FW\Asmita_04052026\UART\Core\Inc\stm32c0xx_it.h_save
2026-05-04 16:28:42,032 [INFO] CodeEngine:289 - Generated code: D:\Strataroh_Git\25_SV09_Internship_Projects_FW\Asmita_04052026\UART\Core\Inc\stm32c0xx_it.h
2026-05-04 16:28:42,044 [INFO] CodeEngine:265 - oldGeneratedFile, D:\Strataroh_Git\25_SV09_Internship_Projects_FW\Asmita_04052026\UART\Core\Src\stm32c0xx_hal_msp.c_save
2026-05-04 16:28:42,160 [INFO] CodeEngine:289 - Generated code: D:\Strataroh_Git\25_SV09_Internship_Projects_FW\Asmita_04052026\UART\Core\Src\stm32c0xx_hal_msp.c
2026-05-04 16:28:42,165 [INFO] CodeEngine:265 - oldGeneratedFile, D:\Strataroh_Git\25_SV09_Internship_Projects_FW\Asmita_04052026\UART\MXTmpFiles\system.tmp_save
2026-05-04 16:28:42,213 [INFO] CodeEngine:289 - Generated code: D:\Strataroh_Git\25_SV09_Internship_Projects_FW\Asmita_04052026\UART\MXTmpFiles\system.tmp
2026-05-04 16:28:42,221 [INFO] CodeEngine:321 - oldGeneratedFile, D:\Strataroh_Git\25_SV09_Internship_Projects_FW\Asmita_04052026\UART\Core\Inc\stm32c0xx_hal_conf.h_save
2026-05-04 16:28:42,337 [INFO] CodeEngine:345 - Generated code: D:\Strataroh_Git\25_SV09_Internship_Projects_FW\Asmita_04052026\UART\Core\Inc\stm32c0xx_hal_conf.h
2026-05-04 16:28:42,362 [WARN] IPConfigManager:3238 - Warning: the RefConfig RCC_PClockConfig is not available in your config.xml file
2026-05-04 16:28:42,362 [WARN] IPConfigManager:3238 - Warning: the RefConfig RCC_interrupt_Time_SYSTICK_Config is not available in your config.xml file
2026-05-04 16:28:42,366 [INFO] ApiDbMcu:532 - Load IP Config File for RCC
2026-05-04 16:28:42,372 [INFO] CodeEngine:265 - oldGeneratedFile, D:\Strataroh_Git\25_SV09_Internship_Projects_FW\Asmita_04052026\UART\Core\Inc\main.h_save
2026-05-04 16:28:42,494 [INFO] CodeEngine:289 - Generated code: D:\Strataroh_Git\25_SV09_Internship_Projects_FW\Asmita_04052026\UART\Core\Inc\main.h
2026-05-04 16:28:42,498 [INFO] CodeEngine:265 - oldGeneratedFile, D:\Strataroh_Git\25_SV09_Internship_Projects_FW\Asmita_04052026\UART\Core\Src\main.c_save
2026-05-04 16:28:42,583 [INFO] CodeEngine:289 - Generated code: D:\Strataroh_Git\25_SV09_Internship_Projects_FW\Asmita_04052026\UART\Core\Src\main.c
2026-05-04 16:28:42,861 [INFO] ProjectBuilder:3606 - Time for Copy HAL[1] : 113mS.
2026-05-04 16:28:42,865 [INFO] ProjectBuilder:5216 - Project Generator version: 4.7.0-B52
2026-05-04 16:28:42,954 [INFO] ConfigFileManager:1595 - The Die is : DIE493
2026-05-04 16:28:42,957 [INFO] ApiDbMcu:532 - Load IP Config File for FILEX
2026-05-04 16:28:42,960 [INFO] ApiDbMcu:532 - Load IP Config File for LEVELX
2026-05-04 16:28:42,962 [INFO] ApiDbMcu:532 - Load IP Config File for THREADX
2026-05-04 16:28:42,968 [INFO] ApiDbMcu:532 - Load IP Config File for USBX
2026-05-04 16:28:44,147 [INFO] ProjectBuilder:5496 - Time for Generating toolchain IDE Files: 1281mS.
2026-05-04 16:28:44,147 [INFO] ProjectBuilder:3463 - Time for Copy CMSIS : 0mS.
2026-05-04 16:28:44,149 [INFO] ProjectBuilder:3463 - Time for Copy CMSIS : 1mS.
2026-05-04 16:28:44,860 [INFO] McuFinderGlobals:76 - Set McuFinderConnectedMode to true
2026-05-04 16:28:44,863 [INFO] ApiDb:448 - Save user favorites file C:\Users\Asmita Milind Bagad/.stm32cubeide/favorites.mcus.txt: 0 item(s)
2026-05-04 16:28:44,863 [INFO] ApiDb:452 - User favorites MCUs=[]
2026-05-04 16:28:44,865 [INFO] ApiDb:448 - Save user favorites file C:\Users\Asmita Milind Bagad/.stm32cubeide/favorites.boards.txt: 1 item(s)
2026-05-04 16:28:44,865 [INFO] ApiDb:452 - User favorites Boards=[NUCLEO-C071RB]
2026-05-04 16:34:34,565 [INFO] NvicIntPanel:101 - NVIC parent = com.st.microxplorer.plugins.ip.nvic.MultiNvicIntPanel[,0,0,0x0,invalid,layout=javax.swing.BoxLayout,alignmentX=0.0,alignmentY=0.0,border=,flags=9,maximumSize=,minimumSize=,preferredSize=]
2026-05-04 16:34:37,909 [INFO] NvicIntPanel:101 - NVIC parent = com.st.microxplorer.plugins.ip.nvic.MultiNvicIntPanel[,0,0,0x0,invalid,layout=javax.swing.BoxLayout,alignmentX=0.0,alignmentY=0.0,border=,flags=9,maximumSize=,minimumSize=,preferredSize=]
2026-05-04 16:34:45,854 [INFO] NvicIntPanel:101 - NVIC parent = com.st.microxplorer.plugins.ip.nvic.MultiNvicIntPanel[,0,0,0x0,invalid,layout=javax.swing.BoxLayout,alignmentX=0.0,alignmentY=0.0,border=,flags=9,maximumSize=,minimumSize=,preferredSize=]
2026-05-04 16:35:00,234 [INFO] UtilMem:75 - End SaveConfig() Used Memory: 766200320 Bytes (1073741824)
2026-05-04 16:35:00,347 [INFO] UtilMem:75 - End SaveConfig() Used Memory: 781829368 Bytes (1073741824)
2026-05-04 16:35:01,173 [ERROR] IocParser:95 - Exception caught: null
2026-05-04 16:35:02,089 [INFO] UtilMem:75 - End SaveConfig() Used Memory: 883566424 Bytes (1073741824)
2026-05-04 16:35:02,224 [INFO] BlockDiagram:2775 - set Specific Code input for plugin: NVIC
2026-05-04 16:35:02,224 [INFO] BlockDiagram:2775 - set Specific Code input for plugin: USART
2026-05-04 16:35:02,225 [INFO] BlockDiagram:2775 - set Specific Code input for plugin: NUCLEO-C071RB
2026-05-04 16:35:02,225 [INFO] BlockDiagram:2775 - set Specific Code input for plugin: SYS
2026-05-04 16:35:02,225 [INFO] BlockDiagram:2775 - set Specific Code input for plugin: GPIO
2026-05-04 16:35:02,225 [INFO] BlockDiagram:2775 - set Specific Code input for plugin: RCC
2026-05-04 16:35:02,226 [INFO] CodeGenerator:892 - code generatio: config db path: D:\STM32CubeIDE_1.19.0\STM32CubeIDE\plugins\com.st.stm32cube.common.mx_6.15.0.202507011659\\db\
2026-05-04 16:35:02,308 [INFO] CodeEngine:265 - oldGeneratedFile, D:\Strataroh_Git\25_SV09_Internship_Projects_FW\Asmita_04052026\UART\MXTmpFiles\license.tmp_save
2026-05-04 16:35:02,619 [INFO] CodeEngine:289 - Generated code: D:\Strataroh_Git\25_SV09_Internship_Projects_FW\Asmita_04052026\UART\MXTmpFiles\license.tmp
2026-05-04 16:35:02,679 [INFO] CodeEngine:265 - oldGeneratedFile, D:\Strataroh_Git\25_SV09_Internship_Projects_FW\Asmita_04052026\UART\MXTmpFiles\gpio.tmp_save
2026-05-04 16:35:02,892 [INFO] CodeEngine:289 - Generated code: D:\Strataroh_Git\25_SV09_Internship_Projects_FW\Asmita_04052026\UART\MXTmpFiles\gpio.tmp
2026-05-04 16:35:03,162 [INFO] CodeEngine:265 - oldGeneratedFile, D:\Strataroh_Git\25_SV09_Internship_Projects_FW\Asmita_04052026\UART\MXTmpFiles\cortex.tmp_save
2026-05-04 16:35:03,297 [INFO] CodeEngine:289 - Generated code: D:\Strataroh_Git\25_SV09_Internship_Projects_FW\Asmita_04052026\UART\MXTmpFiles\cortex.tmp
2026-05-04 16:35:03,316 [INFO] CodeEngine:265 - oldGeneratedFile, D:\Strataroh_Git\25_SV09_Internship_Projects_FW\Asmita_04052026\UART\Core\Inc\stm32c0xx_nucleo_conf.h_save
2026-05-04 16:35:03,439 [INFO] CodeEngine:289 - Generated code: D:\Strataroh_Git\25_SV09_Internship_Projects_FW\Asmita_04052026\UART\Core\Inc\stm32c0xx_nucleo_conf.h
2026-05-04 16:35:03,442 [INFO] CodeEngine:265 - oldGeneratedFile, D:\Strataroh_Git\25_SV09_Internship_Projects_FW\Asmita_04052026\UART\MXTmpFiles\bsp_inc.tmp_save
2026-05-04 16:35:03,524 [INFO] CodeEngine:289 - Generated code: D:\Strataroh_Git\25_SV09_Internship_Projects_FW\Asmita_04052026\UART\MXTmpFiles\bsp_inc.tmp
2026-05-04 16:35:03,527 [INFO] CodeEngine:265 - oldGeneratedFile, D:\Strataroh_Git\25_SV09_Internship_Projects_FW\Asmita_04052026\UART\MXTmpFiles\bsp_common_vars.tmp_save
2026-05-04 16:35:03,606 [INFO] CodeEngine:289 - Generated code: D:\Strataroh_Git\25_SV09_Internship_Projects_FW\Asmita_04052026\UART\MXTmpFiles\bsp_common_vars.tmp
2026-05-04 16:35:03,611 [INFO] CodeEngine:265 - oldGeneratedFile, D:\Strataroh_Git\25_SV09_Internship_Projects_FW\Asmita_04052026\UART\MXTmpFiles\bsp_common_init.tmp_save
2026-05-04 16:35:03,690 [INFO] CodeEngine:289 - Generated code: D:\Strataroh_Git\25_SV09_Internship_Projects_FW\Asmita_04052026\UART\MXTmpFiles\bsp_common_init.tmp
2026-05-04 16:35:03,694 [INFO] CodeEngine:265 - oldGeneratedFile, D:\Strataroh_Git\25_SV09_Internship_Projects_FW\Asmita_04052026\UART\MXTmpFiles\bsp_common_demo_before_while.tmp_save
2026-05-04 16:35:03,767 [INFO] CodeEngine:289 - Generated code: D:\Strataroh_Git\25_SV09_Internship_Projects_FW\Asmita_04052026\UART\MXTmpFiles\bsp_common_demo_before_while.tmp
2026-05-04 16:35:03,771 [INFO] CodeEngine:265 - oldGeneratedFile, D:\Strataroh_Git\25_SV09_Internship_Projects_FW\Asmita_04052026\UART\MXTmpFiles\bsp_common_demo_inside_while.tmp_save
2026-05-04 16:35:03,827 [INFO] CodeEngine:289 - Generated code: D:\Strataroh_Git\25_SV09_Internship_Projects_FW\Asmita_04052026\UART\MXTmpFiles\bsp_common_demo_inside_while.tmp
2026-05-04 16:35:03,831 [INFO] CodeEngine:265 - oldGeneratedFile, D:\Strataroh_Git\25_SV09_Internship_Projects_FW\Asmita_04052026\UART\MXTmpFiles\bsp_common_demo_fct.tmp_save
2026-05-04 16:35:03,886 [INFO] CodeEngine:289 - Generated code: D:\Strataroh_Git\25_SV09_Internship_Projects_FW\Asmita_04052026\UART\MXTmpFiles\bsp_common_demo_fct.tmp
2026-05-04 16:35:03,895 [INFO] CodeEngine:265 - oldGeneratedFile, D:\Strataroh_Git\25_SV09_Internship_Projects_FW\Asmita_04052026\UART\Core\Src\stm32c0xx_it.c_save
2026-05-04 16:35:04,108 [INFO] CodeEngine:289 - Generated code: D:\Strataroh_Git\25_SV09_Internship_Projects_FW\Asmita_04052026\UART\Core\Src\stm32c0xx_it.c
2026-05-04 16:35:04,112 [INFO] CodeEngine:265 - oldGeneratedFile, D:\Strataroh_Git\25_SV09_Internship_Projects_FW\Asmita_04052026\UART\Core\Inc\stm32c0xx_it.h_save
2026-05-04 16:35:04,163 [INFO] CodeEngine:289 - Generated code: D:\Strataroh_Git\25_SV09_Internship_Projects_FW\Asmita_04052026\UART\Core\Inc\stm32c0xx_it.h
2026-05-04 16:35:04,190 [INFO] CodeEngine:265 - oldGeneratedFile, D:\Strataroh_Git\25_SV09_Internship_Projects_FW\Asmita_04052026\UART\Core\Src\stm32c0xx_hal_msp.c_save
2026-05-04 16:35:04,350 [INFO] CodeEngine:289 - Generated code: D:\Strataroh_Git\25_SV09_Internship_Projects_FW\Asmita_04052026\UART\Core\Src\stm32c0xx_hal_msp.c
2026-05-04 16:35:04,354 [INFO] CodeEngine:265 - oldGeneratedFile, D:\Strataroh_Git\25_SV09_Internship_Projects_FW\Asmita_04052026\UART\MXTmpFiles\system.tmp_save
2026-05-04 16:35:04,403 [INFO] CodeEngine:289 - Generated code: D:\Strataroh_Git\25_SV09_Internship_Projects_FW\Asmita_04052026\UART\MXTmpFiles\system.tmp
2026-05-04 16:35:04,411 [INFO] CodeEngine:321 - oldGeneratedFile, D:\Strataroh_Git\25_SV09_Internship_Projects_FW\Asmita_04052026\UART\Core\Inc\stm32c0xx_hal_conf.h_save
2026-05-04 16:35:04,530 [INFO] CodeEngine:345 - Generated code: D:\Strataroh_Git\25_SV09_Internship_Projects_FW\Asmita_04052026\UART\Core\Inc\stm32c0xx_hal_conf.h
2026-05-04 16:35:04,546 [WARN] IPConfigManager:3238 - Warning: the RefConfig RCC_PClockConfig is not available in your config.xml file
2026-05-04 16:35:04,546 [WARN] IPConfigManager:3238 - Warning: the RefConfig RCC_interrupt_Time_SYSTICK_Config is not available in your config.xml file
2026-05-04 16:35:04,558 [INFO] ApiDbMcu:532 - Load IP Config File for USART1
2026-05-04 16:35:04,566 [INFO] CodeEngine:265 - oldGeneratedFile, D:\Strataroh_Git\25_SV09_Internship_Projects_FW\Asmita_04052026\UART\Core\Inc\main.h_save
2026-05-04 16:35:04,686 [INFO] CodeEngine:289 - Generated code: D:\Strataroh_Git\25_SV09_Internship_Projects_FW\Asmita_04052026\UART\Core\Inc\main.h
2026-05-04 16:35:04,690 [INFO] CodeEngine:265 - oldGeneratedFile, D:\Strataroh_Git\25_SV09_Internship_Projects_FW\Asmita_04052026\UART\Core\Src\main.c_save
2026-05-04 16:35:04,807 [INFO] CodeEngine:289 - Generated code: D:\Strataroh_Git\25_SV09_Internship_Projects_FW\Asmita_04052026\UART\Core\Src\main.c
2026-05-04 16:35:05,112 [INFO] ProjectBuilder:3606 - Time for Copy HAL[1] : 154mS.
2026-05-04 16:35:05,115 [INFO] ProjectBuilder:5216 - Project Generator version: 4.7.0-B52
2026-05-04 16:35:05,196 [INFO] ConfigFileManager:1595 - The Die is : DIE493
2026-05-04 16:35:05,916 [INFO] ProjectBuilder:5496 - Time for Generating toolchain IDE Files: 802mS.
2026-05-04 16:35:05,917 [INFO] ProjectBuilder:3463 - Time for Copy CMSIS : 1mS.
2026-05-04 16:35:05,918 [INFO] ProjectBuilder:3463 - Time for Copy CMSIS : 0mS.
2026-05-04 17:44:29,835 [INFO] UtilMem:75 - End SaveConfig() Used Memory: 780282496 Bytes (1073741824)
2026-05-04 17:44:30,158 [INFO] UtilMem:75 - End SaveConfig() Used Memory: 796678056 Bytes (1073741824)
2026-05-04 17:44:31,184 [ERROR] IocParser:95 - Exception caught: null
2026-05-04 17:44:32,082 [INFO] UtilMem:75 - End SaveConfig() Used Memory: 874654336 Bytes (1073741824)
2026-05-04 17:44:32,236 [ERROR] IocParser:95 - Exception caught: null
2026-05-04 17:44:33,165 [INFO] BlockDiagram:2775 - set Specific Code input for plugin: NVIC
2026-05-04 17:44:33,167 [INFO] BlockDiagram:2775 - set Specific Code input for plugin: USART
2026-05-04 17:44:33,167 [INFO] BlockDiagram:2775 - set Specific Code input for plugin: NUCLEO-C071RB
2026-05-04 17:44:33,167 [INFO] BlockDiagram:2775 - set Specific Code input for plugin: SYS
2026-05-04 17:44:33,168 [INFO] BlockDiagram:2775 - set Specific Code input for plugin: GPIO
2026-05-04 17:44:33,168 [INFO] BlockDiagram:2775 - set Specific Code input for plugin: RCC
2026-05-04 17:44:33,169 [INFO] CodeGenerator:892 - code generatio: config db path: D:\STM32CubeIDE_1.19.0\STM32CubeIDE\plugins\com.st.stm32cube.common.mx_6.15.0.202507011659\\db\
2026-05-04 17:44:34,015 [INFO] CodeEngine:265 - oldGeneratedFile, D:\Strataroh_Git\25_SV09_Internship_Projects_FW\Asmita_04052026\UART\MXTmpFiles\license.tmp_save
2026-05-04 17:44:34,553 [INFO] CodeEngine:289 - Generated code: D:\Strataroh_Git\25_SV09_Internship_Projects_FW\Asmita_04052026\UART\MXTmpFiles\license.tmp
2026-05-04 17:44:34,623 [INFO] CodeEngine:265 - oldGeneratedFile, D:\Strataroh_Git\25_SV09_Internship_Projects_FW\Asmita_04052026\UART\MXTmpFiles\gpio.tmp_save
2026-05-04 17:44:34,987 [INFO] CodeEngine:289 - Generated code: D:\Strataroh_Git\25_SV09_Internship_Projects_FW\Asmita_04052026\UART\MXTmpFiles\gpio.tmp
2026-05-04 17:44:35,252 [INFO] CodeEngine:265 - oldGeneratedFile, D:\Strataroh_Git\25_SV09_Internship_Projects_FW\Asmita_04052026\UART\MXTmpFiles\cortex.tmp_save
2026-05-04 17:44:35,536 [INFO] CodeEngine:289 - Generated code: D:\Strataroh_Git\25_SV09_Internship_Projects_FW\Asmita_04052026\UART\MXTmpFiles\cortex.tmp
2026-05-04 17:44:35,574 [INFO] CodeEngine:265 - oldGeneratedFile, D:\Strataroh_Git\25_SV09_Internship_Projects_FW\Asmita_04052026\UART\Core\Inc\stm32c0xx_nucleo_conf.h_save
2026-05-04 17:44:35,842 [INFO] CodeEngine:289 - Generated code: D:\Strataroh_Git\25_SV09_Internship_Projects_FW\Asmita_04052026\UART\Core\Inc\stm32c0xx_nucleo_conf.h
2026-05-04 17:44:35,849 [INFO] CodeEngine:265 - oldGeneratedFile, D:\Strataroh_Git\25_SV09_Internship_Projects_FW\Asmita_04052026\UART\MXTmpFiles\bsp_inc.tmp_save
2026-05-04 17:44:36,015 [INFO] CodeEngine:289 - Generated code: D:\Strataroh_Git\25_SV09_Internship_Projects_FW\Asmita_04052026\UART\MXTmpFiles\bsp_inc.tmp
2026-05-04 17:44:36,035 [INFO] CodeEngine:265 - oldGeneratedFile, D:\Strataroh_Git\25_SV09_Internship_Projects_FW\Asmita_04052026\UART\MXTmpFiles\bsp_common_vars.tmp_save
2026-05-04 17:44:36,204 [INFO] CodeEngine:289 - Generated code: D:\Strataroh_Git\25_SV09_Internship_Projects_FW\Asmita_04052026\UART\MXTmpFiles\bsp_common_vars.tmp
2026-05-04 17:44:36,216 [INFO] CodeEngine:265 - oldGeneratedFile, D:\Strataroh_Git\25_SV09_Internship_Projects_FW\Asmita_04052026\UART\MXTmpFiles\bsp_common_init.tmp_save
2026-05-04 17:44:36,380 [INFO] CodeEngine:289 - Generated code: D:\Strataroh_Git\25_SV09_Internship_Projects_FW\Asmita_04052026\UART\MXTmpFiles\bsp_common_init.tmp
2026-05-04 17:44:36,388 [INFO] CodeEngine:265 - oldGeneratedFile, D:\Strataroh_Git\25_SV09_Internship_Projects_FW\Asmita_04052026\UART\MXTmpFiles\bsp_common_demo_before_while.tmp_save
2026-05-04 17:44:36,553 [INFO] CodeEngine:289 - Generated code: D:\Strataroh_Git\25_SV09_Internship_Projects_FW\Asmita_04052026\UART\MXTmpFiles\bsp_common_demo_before_while.tmp
2026-05-04 17:44:36,561 [INFO] CodeEngine:265 - oldGeneratedFile, D:\Strataroh_Git\25_SV09_Internship_Projects_FW\Asmita_04052026\UART\MXTmpFiles\bsp_common_demo_inside_while.tmp_save
2026-05-04 17:44:36,727 [INFO] CodeEngine:289 - Generated code: D:\Strataroh_Git\25_SV09_Internship_Projects_FW\Asmita_04052026\UART\MXTmpFiles\bsp_common_demo_inside_while.tmp
2026-05-04 17:44:36,732 [INFO] CodeEngine:265 - oldGeneratedFile, D:\Strataroh_Git\25_SV09_Internship_Projects_FW\Asmita_04052026\UART\MXTmpFiles\bsp_common_demo_fct.tmp_save
2026-05-04 17:44:36,876 [INFO] CodeEngine:289 - Generated code: D:\Strataroh_Git\25_SV09_Internship_Projects_FW\Asmita_04052026\UART\MXTmpFiles\bsp_common_demo_fct.tmp
2026-05-04 17:44:36,895 [INFO] CodeEngine:265 - oldGeneratedFile, D:\Strataroh_Git\25_SV09_Internship_Projects_FW\Asmita_04052026\UART\Core\Src\stm32c0xx_it.c_save
2026-05-04 17:44:37,375 [INFO] CodeEngine:289 - Generated code: D:\Strataroh_Git\25_SV09_Internship_Projects_FW\Asmita_04052026\UART\Core\Src\stm32c0xx_it.c
2026-05-04 17:44:37,387 [INFO] CodeEngine:265 - oldGeneratedFile, D:\Strataroh_Git\25_SV09_Internship_Projects_FW\Asmita_04052026\UART\Core\Inc\stm32c0xx_it.h_save
2026-05-04 17:44:37,540 [INFO] CodeEngine:289 - Generated code: D:\Strataroh_Git\25_SV09_Internship_Projects_FW\Asmita_04052026\UART\Core\Inc\stm32c0xx_it.h
2026-05-04 17:44:37,614 [INFO] CodeEngine:265 - oldGeneratedFile, D:\Strataroh_Git\25_SV09_Internship_Projects_FW\Asmita_04052026\UART\Core\Src\stm32c0xx_hal_msp.c_save
2026-05-04 17:44:38,015 [INFO] CodeEngine:289 - Generated code: D:\Strataroh_Git\25_SV09_Internship_Projects_FW\Asmita_04052026\UART\Core\Src\stm32c0xx_hal_msp.c
2026-05-04 17:44:38,022 [INFO] CodeEngine:265 - oldGeneratedFile, D:\Strataroh_Git\25_SV09_Internship_Projects_FW\Asmita_04052026\UART\MXTmpFiles\system.tmp_save
2026-05-04 17:44:38,149 [INFO] CodeEngine:289 - Generated code: D:\Strataroh_Git\25_SV09_Internship_Projects_FW\Asmita_04052026\UART\MXTmpFiles\system.tmp
2026-05-04 17:44:38,166 [INFO] CodeEngine:321 - oldGeneratedFile, D:\Strataroh_Git\25_SV09_Internship_Projects_FW\Asmita_04052026\UART\Core\Inc\stm32c0xx_hal_conf.h_save
2026-05-04 17:44:38,413 [INFO] CodeEngine:345 - Generated code: D:\Strataroh_Git\25_SV09_Internship_Projects_FW\Asmita_04052026\UART\Core\Inc\stm32c0xx_hal_conf.h
2026-05-04 17:44:38,442 [WARN] IPConfigManager:3238 - Warning: the RefConfig RCC_PClockConfig is not available in your config.xml file
2026-05-04 17:44:38,443 [WARN] IPConfigManager:3238 - Warning: the RefConfig RCC_interrupt_Time_SYSTICK_Config is not available in your config.xml file
2026-05-04 17:44:38,459 [INFO] CodeEngine:265 - oldGeneratedFile, D:\Strataroh_Git\25_SV09_Internship_Projects_FW\Asmita_04052026\UART\Core\Inc\main.h_save
2026-05-04 17:44:38,707 [INFO] CodeEngine:289 - Generated code: D:\Strataroh_Git\25_SV09_Internship_Projects_FW\Asmita_04052026\UART\Core\Inc\main.h
2026-05-04 17:44:38,716 [INFO] CodeEngine:265 - oldGeneratedFile, D:\Strataroh_Git\25_SV09_Internship_Projects_FW\Asmita_04052026\UART\Core\Src\main.c_save
2026-05-04 17:44:38,963 [INFO] CodeEngine:289 - Generated code: D:\Strataroh_Git\25_SV09_Internship_Projects_FW\Asmita_04052026\UART\Core\Src\main.c
2026-05-04 17:44:39,488 [INFO] ProjectBuilder:3606 - Time for Copy HAL[1] : 257mS.
2026-05-04 17:44:39,493 [INFO] ProjectBuilder:5216 - Project Generator version: 4.7.0-B52
2026-05-04 17:44:39,639 [INFO] ConfigFileManager:1595 - The Die is : DIE493
2026-05-04 17:44:41,311 [INFO] ProjectBuilder:5496 - Time for Generating toolchain IDE Files: 1818mS.
2026-05-04 17:44:41,313 [INFO] ProjectBuilder:3463 - Time for Copy CMSIS : 0mS.
2026-05-04 17:44:41,316 [INFO] ProjectBuilder:3463 - Time for Copy CMSIS : 0mS.
2026-05-04 18:21:32,679 [ERROR] LogOutputStream:75 - [STDERR_REDIRECT] 
